"../../../Engine/Plugins/2D/Paper2D/Content/PlaceholderTextures/DummySpriteTexture.ubulk" 0
"../../../Engine/Plugins/2D/Paper2D/Content/PlaceholderTextures/DummySpriteTexture.uasset" 1
"../../../Engine/Plugins/2D/Paper2D/Content/PlaceholderTextures/DummySpriteTexture.uexp" 2
"../../../Engine/Plugins/2D/Paper2D/Content/DummySprite.uasset" 3
"../../../Engine/Plugins/2D/Paper2D/Content/DummySprite.uexp" 4
"../../../Engine/Plugins/2D/Paper2D/Content/DefaultPaperTerrainMaterial.uasset" 5
"../../../Engine/Plugins/2D/Paper2D/Content/DefaultPaperTerrainMaterial.uexp" 6
"../../../Engine/Plugins/Animation/ACLPlugin/Content/ACLAnimCurveCompressionSettings.uasset" 7
"../../../Engine/Plugins/Animation/ACLPlugin/Content/ACLAnimCurveCompressionSettings.uexp" 8
"../../../Engine/Plugins/Animation/ACLPlugin/Content/ACLAnimBoneCompressionSettings.uasset" 9
"../../../Engine/Plugins/Animation/ACLPlugin/Content/ACLAnimBoneCompressionSettings.uexp" 10
"../../../Engine/Content/Animation/DefaultVariableFrameStrippingSettings.uasset" 11
"../../../Engine/Content/Animation/DefaultVariableFrameStrippingSettings.uexp" 12
"../../../Engine/Content/Animation/DefaultRecorderBoneCompression.uasset" 13
"../../../Engine/Content/Animation/DefaultRecorderBoneCompression.uexp" 14
"../../../Engine/Content/EngineSounds/Master.uasset" 15
"../../../Engine/Content/EngineSounds/Master.uexp" 16
"../../../Engine/Content/EngineMaterials/DefaultPhysicalMaterial.uasset" 17
"../../../Engine/Content/EngineMaterials/DefaultPhysicalMaterial.uexp" 18
"../../../Engine/Content/EngineMaterials/DefaultDestructiblePhysicalMaterial.uasset" 19
"../../../Engine/Content/EngineMaterials/DefaultDestructiblePhysicalMaterial.uexp" 20
"../../../Engine/Content/EngineFonts/Faces/DroidSansFallback.uexp" 21
"../../../Engine/Content/EngineFonts/Faces/DroidSansFallback.uasset" 22
"../../../Engine/Content/EngineFonts/Faces/DroidSansFallback.ufont" 23
"../../../Engine/Content/EngineFonts/Faces/RobotoRegular.uexp" 24
"../../../Engine/Content/EngineFonts/Faces/RobotoRegular.uasset" 25
"../../../Engine/Content/EngineFonts/Faces/RobotoRegular.ufont" 26
"../../../Engine/Content/EngineFonts/Faces/RobotoLight.uexp" 27
"../../../Engine/Content/EngineFonts/Faces/RobotoLight.uasset" 28
"../../../Engine/Content/EngineFonts/Faces/RobotoLight.ufont" 29
"../../../Engine/Content/EngineFonts/Faces/RobotoItalic.uexp" 30
"../../../Engine/Content/EngineFonts/Faces/RobotoItalic.uasset" 31
"../../../Engine/Content/EngineFonts/Faces/RobotoItalic.ufont" 32
"../../../Engine/Content/EngineFonts/Faces/RobotoBoldItalic.uexp" 33
"../../../Engine/Content/EngineFonts/Faces/RobotoBoldItalic.uasset" 34
"../../../Engine/Content/EngineFonts/Faces/RobotoBoldItalic.ufont" 35
"../../../Engine/Content/EngineFonts/Faces/RobotoBold.uexp" 36
"../../../Engine/Content/EngineFonts/Faces/RobotoBold.uasset" 37
"../../../Engine/Content/EngineFonts/Faces/RobotoBold.ufont" 38
"../../../Engine/Content/EngineFonts/Roboto.uasset" 39
"../../../Engine/Content/EngineFonts/Roboto.uexp" 40
"../../../Engine/Content/EngineFonts/Faces/DroidSansMono.uexp" 41
"../../../Engine/Content/EngineFonts/Faces/DroidSansMono.uasset" 42
"../../../Engine/Content/EngineFonts/Faces/DroidSansMono.ufont" 43
"../../../Engine/Content/EngineFonts/DroidSansMono.uasset" 44
"../../../Engine/Content/EngineFonts/DroidSansMono.uexp" 45
"../../../Engine/Plugins/Interchange/Runtime/Content/Pipelines/DefaultTexturePipeline.uasset" 46
"../../../Engine/Plugins/Interchange/Runtime/Content/Pipelines/DefaultTexturePipeline.uexp" 47
"../../../Engine/Plugins/Interchange/Runtime/Content/Pipelines/DefaultSceneLevelPipeline.uasset" 48
"../../../Engine/Plugins/Interchange/Runtime/Content/Pipelines/DefaultSceneLevelPipeline.uexp" 49
"../../../Engine/Plugins/Interchange/Runtime/Content/Pipelines/DefaultSceneAssetsPipeline.uasset" 50
"../../../Engine/Plugins/Interchange/Runtime/Content/Pipelines/DefaultSceneAssetsPipeline.uexp" 51
"../../../Engine/Plugins/Interchange/Runtime/Content/Pipelines/DefaultMaterialXPipeline.uasset" 52
"../../../Engine/Plugins/Interchange/Runtime/Content/Pipelines/DefaultMaterialXPipeline.uexp" 53
"../../../Engine/Plugins/Interchange/Runtime/Content/Pipelines/DefaultMaterialPipeline.uasset" 54
"../../../Engine/Plugins/Interchange/Runtime/Content/Pipelines/DefaultMaterialPipeline.uexp" 55
"../../../Engine/Plugins/Interchange/Runtime/Content/Pipelines/DefaultGLTFSceneAssetsPipeline.uasset" 56
"../../../Engine/Plugins/Interchange/Runtime/Content/Pipelines/DefaultGLTFSceneAssetsPipeline.uexp" 57
"../../../Engine/Plugins/Interchange/Runtime/Content/Pipelines/DefaultGLTFPipeline.uasset" 58
"../../../Engine/Plugins/Interchange/Runtime/Content/Pipelines/DefaultGLTFPipeline.uexp" 59
"../../../Engine/Plugins/Interchange/Runtime/Content/Pipelines/DefaultGLTFAssetsPipeline.uasset" 60
"../../../Engine/Plugins/Interchange/Runtime/Content/Pipelines/DefaultGLTFAssetsPipeline.uexp" 61
"../../../Engine/Plugins/Interchange/Runtime/Content/Pipelines/DefaultAssetsPipeline.uasset" 62
"../../../Engine/Plugins/Interchange/Runtime/Content/Pipelines/DefaultAssetsPipeline.uexp" 63
"../../../Engine/Plugins/Animation/ControlRig/Content/Controls/DefaultGizmoLibraryNormalized.uasset" 64
"../../../Engine/Plugins/Animation/ControlRig/Content/Controls/DefaultGizmoLibraryNormalized.uexp" 65
"../../../Engine/Content/MobileResources/HUD/VirtualJoystick_Thumb.uasset" 66
"../../../Engine/Content/MobileResources/HUD/VirtualJoystick_Thumb.uexp" 67
"../../../Engine/Content/MobileResources/HUD/VirtualJoystick_Background.uasset" 68
"../../../Engine/Content/MobileResources/HUD/VirtualJoystick_Background.uexp" 69
"../../../Engine/Content/MobileResources/HUD/DefaultVirtualJoysticks.uasset" 70
"../../../Engine/Content/MobileResources/HUD/DefaultVirtualJoysticks.uexp" 71
"../../../Engine/Content/EngineResources/GradientTexture0.uasset" 72
"../../../Engine/Content/EngineResources/GradientTexture0.uexp" 73
"../../../Engine/Content/EditorResources/S_Actor.ubulk" 74
"../../../Engine/Content/EditorResources/S_Actor.uasset" 75
"../../../Engine/Content/EditorResources/S_Actor.uexp" 76
"../../../Engine/Plugins/NNE/NNEDenoiser/Content/NNEDTOM_Output_Default.uasset" 77
"../../../Engine/Plugins/NNE/NNEDenoiser/Content/NNEDTOM_Output_Default.uexp" 78
"../../../Engine/Plugins/NNE/NNEDenoiser/Content/NNEDTOM_Output_Alpha.uasset" 79
"../../../Engine/Plugins/NNE/NNEDenoiser/Content/NNEDTOM_Output_Alpha.uexp" 80
"../../../Engine/Plugins/NNE/NNEDenoiser/Content/NNEDTIM_ColorAlbedoNormal_Default.uasset" 81
"../../../Engine/Plugins/NNE/NNEDenoiser/Content/NNEDTIM_ColorAlbedoNormal_Default.uexp" 82
"../../../Engine/Plugins/NNE/NNEDenoiser/Content/NNEDTIM_ColorAlbedoNormal_Alpha.uasset" 83
"../../../Engine/Plugins/NNE/NNEDenoiser/Content/NNEDTIM_ColorAlbedoNormal_Alpha.uexp" 84
"../../../Engine/Plugins/NNE/NNEDenoiser/Content/NNEDOM_Output_Default.uasset" 85
"../../../Engine/Plugins/NNE/NNEDenoiser/Content/NNEDOM_Output_Default.uexp" 86
"../../../Engine/Plugins/NNE/NNEDenoiser/Content/NNEDOM_Output_Alpha.uasset" 87
"../../../Engine/Plugins/NNE/NNEDenoiser/Content/NNEDOM_Output_Alpha.uexp" 88
"../../../Engine/Plugins/NNE/NNEDenoiser/Content/NNEDIM_HighQuality_Default.uasset" 89
"../../../Engine/Plugins/NNE/NNEDenoiser/Content/NNEDIM_HighQuality_Default.uexp" 90
"../../../Engine/Plugins/NNE/NNEDenoiser/Content/NNEDIM_HighQuality_Alpha.uasset" 91
"../../../Engine/Plugins/NNE/NNEDenoiser/Content/NNEDIM_HighQuality_Alpha.uexp" 92
"../../../Engine/Plugins/NNE/NNEDenoiser/Content/NNEDIM_ColorAlbedoNormal_Default.uasset" 93
"../../../Engine/Plugins/NNE/NNEDenoiser/Content/NNEDIM_ColorAlbedoNormal_Default.uexp" 94
"../../../Engine/Plugins/NNE/NNEDenoiser/Content/NNEDIM_ColorAlbedoNormal_Alpha.uasset" 95
"../../../Engine/Plugins/NNE/NNEDenoiser/Content/NNEDIM_ColorAlbedoNormal_Alpha.uexp" 96
"../../../Engine/Content/Functions/Engine_MaterialFunctions02/WorldPositionOffset/CameraOffset.uasset" 97
"../../../Engine/Content/Functions/Engine_MaterialFunctions02/WorldPositionOffset/CameraOffset.uexp" 98
"../../../Engine/Plugins/Animation/ControlRig/Content/M_Manip.uasset" 99
"../../../Engine/Plugins/Animation/ControlRig/Content/M_Manip.uexp" 100
"../../../Engine/Content/BasicShapes/BasicShapeMaterial.uasset" 101
"../../../Engine/Content/BasicShapes/BasicShapeMaterial.uexp" 102
"../../../Engine/Content/EditorMaterials/PreviewShadowIndicator.ubulk" 103
"../../../Engine/Content/EditorMaterials/PreviewShadowIndicator.uasset" 104
"../../../Engine/Content/EditorMaterials/PreviewShadowIndicator.uexp" 105
"../../../Engine/Content/EditorMaterials/PreviewShadowIndicatorMaterial.uasset" 106
"../../../Engine/Content/EditorMaterials/PreviewShadowIndicatorMaterial.uexp" 107
"../../../Engine/Content/EditorMaterials/PhAT_UnselectedMaterial.uasset" 108
"../../../Engine/Content/EditorMaterials/PhAT_UnselectedMaterial.uexp" 109
"../../../Engine/Content/EditorMaterials/PhAT_NoCollisionMaterial.uasset" 110
"../../../Engine/Content/EditorMaterials/PhAT_NoCollisionMaterial.uexp" 111
"../../../Engine/Content/EditorLandscapeResources/WhiteSquareTexture.uasset" 112
"../../../Engine/Content/EditorLandscapeResources/WhiteSquareTexture.uexp" 113
"../../../Engine/Content/EditorLandscapeResources/LayerVisMaterial.uasset" 114
"../../../Engine/Content/EditorLandscapeResources/LayerVisMaterial.uexp" 115
"../../../Engine/Content/Functions/Engine_MaterialFunctions02/Utility/BreakOutFloat2Components.uasset" 116
"../../../Engine/Content/Functions/Engine_MaterialFunctions02/Utility/BreakOutFloat2Components.uexp" 117
"../../../Engine/Content/Functions/Engine_MaterialFunctions01/Texturing/ScaleUVsByCenter.uasset" 118
"../../../Engine/Content/Functions/Engine_MaterialFunctions01/Texturing/ScaleUVsByCenter.uexp" 119
"../../../Engine/Content/Functions/Engine_MaterialFunctions02/WorldPositionOffset/LocalPosition.uasset" 120
"../../../Engine/Content/Functions/Engine_MaterialFunctions02/WorldPositionOffset/LocalPosition.uexp" 121
"../../../Engine/Content/EngineMaterials/DefaultDiffuse.ubulk" 122
"../../../Engine/Content/EngineMaterials/DefaultDiffuse.uasset" 123
"../../../Engine/Content/EngineMaterials/DefaultDiffuse.uexp" 124
"../../../Engine/Content/Functions/Engine_MaterialFunctions01/Texturing/TextureCropping.uasset" 125
"../../../Engine/Content/Functions/Engine_MaterialFunctions01/Texturing/TextureCropping.uexp" 126
"../../../Engine/Content/Functions/Engine_MaterialFunctions02/ExampleContent/DebugNumberStrip.uasset" 127
"../../../Engine/Content/Functions/Engine_MaterialFunctions02/ExampleContent/DebugNumberStrip.uexp" 128
"../../../Engine/Content/Functions/Engine_MaterialFunctions01/Debug/DebugIntValues.uasset" 129
"../../../Engine/Content/Functions/Engine_MaterialFunctions01/Debug/DebugIntValues.uexp" 130
"../../../Engine/Content/EditorLandscapeResources/LandscapeLayerUsageMaterial.uasset" 131
"../../../Engine/Content/EditorLandscapeResources/LandscapeLayerUsageMaterial.uexp" 132
"../../../Engine/Content/EditorLandscapeResources/DefaultAlphaTexture.uasset" 133
"../../../Engine/Content/EditorLandscapeResources/DefaultAlphaTexture.uexp" 134
"../../../Engine/Content/EditorLandscapeResources/LandscapeDirtyMaterial.uasset" 135
"../../../Engine/Content/EditorLandscapeResources/LandscapeDirtyMaterial.uexp" 136
"../../../Engine/Content/EngineMaterials/RemoveSurfaceMaterial.uasset" 137
"../../../Engine/Content/EngineMaterials/RemoveSurfaceMaterial.uexp" 138
"../../../Engine/Content/EngineMaterials/PreintegratedSkinBRDF.uasset" 139
"../../../Engine/Content/EngineMaterials/PreintegratedSkinBRDF.uexp" 140
"../../../Engine/Content/EngineMaterials/DefaultCalibrationGrayscale.uasset" 141
"../../../Engine/Content/EngineMaterials/DefaultCalibrationGrayscale.uexp" 142
"../../../Engine/Content/EngineMaterials/PPM_DefaultCalibrationGrayscale.uasset" 143
"../../../Engine/Content/EngineMaterials/PPM_DefaultCalibrationGrayscale.uexp" 144
"../../../Engine/Content/EngineMaterials/DefaultCalibrationColor.uasset" 145
"../../../Engine/Content/EngineMaterials/DefaultCalibrationColor.uexp" 146
"../../../Engine/Content/EngineMaterials/PPM_DefaultCalibrationColor.uasset" 147
"../../../Engine/Content/EngineMaterials/PPM_DefaultCalibrationColor.uexp" 148
"../../../Engine/Content/EngineMaterials/PhAT_JointLimitMaterial.uasset" 149
"../../../Engine/Content/EngineMaterials/PhAT_JointLimitMaterial.uexp" 150
"../../../Engine/Content/EngineMaterials/NaniteHiddenSectionMaterial.uasset" 151
"../../../Engine/Content/EngineMaterials/NaniteHiddenSectionMaterial.uexp" 152
"../../../Engine/Content/EngineMaterials/InvalidLightmapSettings.ubulk" 153
"../../../Engine/Content/EngineMaterials/InvalidLightmapSettings.uasset" 154
"../../../Engine/Content/EngineMaterials/InvalidLightmapSettings.uexp" 155
"../../../Engine/Content/EngineMaterials/M_InvalidLightmapSettings.uasset" 156
"../../../Engine/Content/EngineMaterials/M_InvalidLightmapSettings.uexp" 157
"../../../Engine/Content/EngineMaterials/MiniFont.uasset" 158
"../../../Engine/Content/EngineMaterials/MiniFont.uexp" 159
"../../../Engine/Content/EngineMaterials/GizmoMaterial.uasset" 160
"../../../Engine/Content/EngineMaterials/GizmoMaterial.uexp" 161
"../../../Engine/Content/EngineMaterials/BaseFlattenDiffuseMap_VT.ubulk" 162
"../../../Engine/Content/EngineMaterials/BaseFlattenDiffuseMap_VT.uasset" 163
"../../../Engine/Content/EngineMaterials/BaseFlattenDiffuseMap_VT.uexp" 164
"../../../Engine/Content/EngineMaterials/BaseFlattenEmissiveMap_VT.ubulk" 165
"../../../Engine/Content/EngineMaterials/BaseFlattenEmissiveMap_VT.uasset" 166
"../../../Engine/Content/EngineMaterials/BaseFlattenEmissiveMap_VT.uexp" 167
"../../../Engine/Content/EngineMaterials/BaseFlattenGrayscaleMap_VT.ubulk" 168
"../../../Engine/Content/EngineMaterials/BaseFlattenGrayscaleMap_VT.uasset" 169
"../../../Engine/Content/EngineMaterials/BaseFlattenGrayscaleMap_VT.uexp" 170
"../../../Engine/Content/EngineMaterials/BaseFlattenLinearColor_VT.ubulk" 171
"../../../Engine/Content/EngineMaterials/BaseFlattenLinearColor_VT.uasset" 172
"../../../Engine/Content/EngineMaterials/BaseFlattenLinearColor_VT.uexp" 173
"../../../Engine/Content/EngineMaterials/BaseFlattenNormalMap_VT.ubulk" 174
"../../../Engine/Content/EngineMaterials/BaseFlattenNormalMap_VT.uasset" 175
"../../../Engine/Content/EngineMaterials/BaseFlattenNormalMap_VT.uexp" 176
"../../../Engine/Content/EngineMaterials/Black_1x1_EXR_Texture_VT.ubulk" 177
"../../../Engine/Content/EngineMaterials/Black_1x1_EXR_Texture_VT.uasset" 178
"../../../Engine/Content/EngineMaterials/Black_1x1_EXR_Texture_VT.uexp" 179
"../../../Engine/Content/EngineMaterials/FlattenMaterial_WS_Normal_VT.uasset" 180
"../../../Engine/Content/EngineMaterials/FlattenMaterial_WS_Normal_VT.uexp" 181
"../../../Engine/Content/EngineMaterials/FlattenMaterial_VT.uasset" 182
"../../../Engine/Content/EngineMaterials/FlattenMaterial_VT.uexp" 183
"../../../Engine/Content/EngineMaterials/BaseFlattenNormalMap.uasset" 184
"../../../Engine/Content/EngineMaterials/BaseFlattenNormalMap.uexp" 185
"../../../Engine/Content/EngineMaterials/BaseFlattenDiffuseMap.uasset" 186
"../../../Engine/Content/EngineMaterials/BaseFlattenDiffuseMap.uexp" 187
"../../../Engine/Content/EngineMaterials/BaseFlattenEmissiveMap.uasset" 188
"../../../Engine/Content/EngineMaterials/BaseFlattenEmissiveMap.uexp" 189
"../../../Engine/Content/EngineMaterials/BaseFlattenGrayscaleMap.uasset" 190
"../../../Engine/Content/EngineMaterials/BaseFlattenGrayscaleMap.uexp" 191
"../../../Engine/Content/EngineMaterials/BaseFlattenLinearColor.uasset" 192
"../../../Engine/Content/EngineMaterials/BaseFlattenLinearColor.uexp" 193
"../../../Engine/Content/Functions/Engine_MaterialFunctions02/PivotPainter2/Black_1x1_EXR_Texture.uasset" 194
"../../../Engine/Content/Functions/Engine_MaterialFunctions02/PivotPainter2/Black_1x1_EXR_Texture.uexp" 195
"../../../Engine/Content/EngineMaterials/FlattenMaterial.uasset" 196
"../../../Engine/Content/EngineMaterials/FlattenMaterial.uexp" 197
"../../../Engine/Content/EngineMaterials/FastBlueNoise_vec2_128x128x64.uasset" 198
"../../../Engine/Content/EngineMaterials/FastBlueNoise_vec2_128x128x64.uexp" 199
"../../../Engine/Content/EngineMaterials/FastBlueNoise_scalar_128x128x8.uasset" 200
"../../../Engine/Content/EngineMaterials/FastBlueNoise_scalar_128x128x8.uexp" 201
"../../../Engine/Content/EngineMaterials/FastBlueNoise_scalar_128x128x64.uasset" 202
"../../../Engine/Content/EngineMaterials/FastBlueNoise_scalar_128x128x64.uexp" 203
"../../../Engine/Content/EngineMaterials/DefaultWhiteGrid_Low.uasset" 204
"../../../Engine/Content/EngineMaterials/DefaultWhiteGrid_Low.uexp" 205
"../../../Engine/Content/EngineMaterials/EmissiveMeshMaterial.uasset" 206
"../../../Engine/Content/EngineMaterials/EmissiveMeshMaterial.uexp" 207
"../../../Engine/Content/EngineMaterials/DefaultWhiteGrid.ubulk" 208
"../../../Engine/Content/EngineMaterials/DefaultWhiteGrid.uasset" 209
"../../../Engine/Content/EngineMaterials/DefaultWhiteGrid.uexp" 210
"../../../Engine/Content/EngineFonts/RobotoDistanceField.uasset" 211
"../../../Engine/Content/EngineFonts/RobotoDistanceField.uexp" 212
"../../../Engine/Content/EngineMaterials/DefaultTextMaterialOpaque.uasset" 213
"../../../Engine/Content/EngineMaterials/DefaultTextMaterialOpaque.uexp" 214
"../../../Engine/Content/EngineMaterials/DefaultPostProcessMaterial.uasset" 215
"../../../Engine/Content/EngineMaterials/DefaultPostProcessMaterial.uexp" 216
"../../../Engine/Content/EngineMaterials/DefaultLightFunctionMaterial.uasset" 217
"../../../Engine/Content/EngineMaterials/DefaultLightFunctionMaterial.uexp" 218
"../../../Engine/Content/EngineMaterials/DefaultDeferredDecalMaterial.uasset" 219
"../../../Engine/Content/EngineMaterials/DefaultDeferredDecalMaterial.uexp" 220
"../../../Engine/Content/EngineMaterials/DefaultBokeh.uasset" 221
"../../../Engine/Content/EngineMaterials/DefaultBokeh.uexp" 222
"../../../Engine/Content/EngineMaterials/DefaultBloomKernel.uasset" 223
"../../../Engine/Content/EngineMaterials/DefaultBloomKernel.uexp" 224
"../../../Engine/Content/Functions/Engine_MaterialFunctions02/Utility/CameraDirectionVector.uasset" 225
"../../../Engine/Content/Functions/Engine_MaterialFunctions02/Utility/CameraDirectionVector.uexp" 226
"../../../Engine/Content/EngineDebugMaterials/VolumeToRender.uasset" 227
"../../../Engine/Content/EngineDebugMaterials/VolumeToRender.uexp" 228
"../../../Engine/Content/EngineDebugMaterials/M_VolumeRenderSphereTracePP.uasset" 229
"../../../Engine/Content/EngineDebugMaterials/M_VolumeRenderSphereTracePP.uexp" 230
"../../../Engine/Content/EngineDebugMaterials/M_SimpleUnlitTranslucent.uasset" 231
"../../../Engine/Content/EngineDebugMaterials/M_SimpleUnlitTranslucent.uexp" 232
"../../../Engine/Content/EngineDebugMaterials/DebugMeshMaterial.uasset" 233
"../../../Engine/Content/EngineDebugMaterials/DebugMeshMaterial.uexp" 234
"../../../Engine/Content/EngineDebugMaterials/DebugEditorMaterial.uasset" 235
"../../../Engine/Content/EngineDebugMaterials/DebugEditorMaterial.uexp" 236
"../../../Engine/Content/EngineDamageTypes/DmgTypeBP_Environmental.uasset" 237
"../../../Engine/Content/EngineDamageTypes/DmgTypeBP_Environmental.uexp" 238
"../../../Engine/Content/EditorResources/S_TriggerSphere.uasset" 239
"../../../Engine/Content/EditorResources/S_TriggerSphere.uexp" 240
"../../../Engine/Content/EditorResources/S_TriggerCapsule.uasset" 241
"../../../Engine/Content/EditorResources/S_TriggerCapsule.uexp" 242
"../../../Engine/Content/EditorResources/S_TriggerBox.uasset" 243
"../../../Engine/Content/EditorResources/S_TriggerBox.uexp" 244
"../../../Engine/Content/EditorResources/S_Trigger.ubulk" 245
"../../../Engine/Content/EditorResources/S_Trigger.uasset" 246
"../../../Engine/Content/EditorResources/S_Trigger.uexp" 247
"../../../Engine/Content/EditorResources/S_Terrain.ubulk" 248
"../../../Engine/Content/EditorResources/S_Terrain.uasset" 249
"../../../Engine/Content/EditorResources/S_Terrain.uexp" 250
"../../../Engine/Content/EditorResources/S_Solver.ubulk" 251
"../../../Engine/Content/EditorResources/S_Solver.uasset" 252
"../../../Engine/Content/EditorResources/S_Solver.uexp" 253
"../../../Engine/Content/EditorResources/S_BoxReflectionCapture.uasset" 254
"../../../Engine/Content/EditorResources/S_BoxReflectionCapture.uexp" 255
"../../../Engine/Content/EditorResources/BSPVertex.uasset" 256
"../../../Engine/Content/EditorResources/BSPVertex.uexp" 257
"../../../Engine/Plugins/VirtualProduction/CameraCalibrationCore/Content/Materials/M_DefaultOddSquare.uasset" 258
"../../../Engine/Plugins/VirtualProduction/CameraCalibrationCore/Content/Materials/M_DefaultOddSquare.uexp" 259
"../../../Engine/Plugins/VirtualProduction/CameraCalibrationCore/Content/Materials/M_DefaultEvenSquare.uasset" 260
"../../../Engine/Plugins/VirtualProduction/CameraCalibrationCore/Content/Materials/M_DefaultEvenSquare.uexp" 261
"../../../Engine/Plugins/Runtime/HairStrands/Content/Materials/HairMeshesDefaultMaterial.uasset" 262
"../../../Engine/Plugins/Runtime/HairStrands/Content/Materials/HairMeshesDefaultMaterial.uexp" 263
"../../../Engine/Plugins/Runtime/HairStrands/Content/Materials/HairDefaultMaterial.uasset" 264
"../../../Engine/Plugins/Runtime/HairStrands/Content/Materials/HairDefaultMaterial.uexp" 265
"../../../Engine/Content/Functions/Engine_MaterialFunctions02/Utility/MakeFloat2.uasset" 266
"../../../Engine/Content/Functions/Engine_MaterialFunctions02/Utility/MakeFloat2.uexp" 267
"../../../Engine/Content/Functions/Engine_MaterialFunctions02/Utility/MakeFloat3.uasset" 268
"../../../Engine/Content/Functions/Engine_MaterialFunctions02/Utility/MakeFloat3.uexp" 269
"../../../Engine/Content/EngineMaterials/HairDebugColor.uasset" 270
"../../../Engine/Content/EngineMaterials/HairDebugColor.uexp" 271
"../../../Engine/Content/EngineMaterials/HairColorMap.uasset" 272
"../../../Engine/Content/EngineMaterials/HairColorMap.uexp" 273
"../../../Engine/Plugins/Runtime/HairStrands/Content/Materials/HairGroupColors.uasset" 274
"../../../Engine/Plugins/Runtime/HairStrands/Content/Materials/HairGroupColors.uexp" 275
"../../../Engine/Plugins/Runtime/HairStrands/Content/Materials/HairDebugMaterial.uasset" 276
"../../../Engine/Plugins/Runtime/HairStrands/Content/Materials/HairDebugMaterial.uexp" 277
"../../../Engine/Plugins/Runtime/HairStrands/Content/Materials/HairCardsDefaultMaterial.uasset" 278
"../../../Engine/Plugins/Runtime/HairStrands/Content/Materials/HairCardsDefaultMaterial.uexp" 279
"../../../Engine/Plugins/Runtime/AudioWidgets/Content/Resources/ScrubHandleDown_Clamped.uasset" 280
"../../../Engine/Plugins/Runtime/AudioWidgets/Content/Resources/ScrubHandleDown_Clamped.uexp" 281
"../../../Engine/Plugins/Interchange/Assets/Content/Functions/MX_UsdPreviewSurface.uasset" 282
"../../../Engine/Plugins/Interchange/Assets/Content/Functions/MX_UsdPreviewSurface.uexp" 283
"../../../Engine/Plugins/Interchange/Assets/Content/Functions/MX_UniformEDF.uasset" 284
"../../../Engine/Plugins/Interchange/Assets/Content/Functions/MX_UniformEDF.uexp" 285
"../../../Engine/Plugins/Interchange/Assets/Content/Functions/MX_TranslucentBSDF.uasset" 286
"../../../Engine/Plugins/Interchange/Assets/Content/Functions/MX_TranslucentBSDF.uexp" 287
"../../../Engine/Plugins/Interchange/Assets/Content/Functions/MX_ThinFilmBSDF.uasset" 288
"../../../Engine/Plugins/Interchange/Assets/Content/Functions/MX_ThinFilmBSDF.uexp" 289
"../../../Engine/Plugins/Interchange/Assets/Content/Functions/MX_SurfaceUnlit.uasset" 290
"../../../Engine/Plugins/Interchange/Assets/Content/Functions/MX_SurfaceUnlit.uexp" 291
"../../../Engine/Plugins/Interchange/Assets/Content/Functions/MX_Surface.uasset" 292
"../../../Engine/Plugins/Interchange/Assets/Content/Functions/MX_Surface.uexp" 293
"../../../Engine/Plugins/Interchange/Assets/Content/Functions/MX_SubsurfaceBSDF.uasset" 294
"../../../Engine/Plugins/Interchange/Assets/Content/Functions/MX_SubsurfaceBSDF.uexp" 295
"../../../Engine/Plugins/Interchange/Assets/Content/Functions/MX_SheenBSDF.uasset" 296
"../../../Engine/Plugins/Interchange/Assets/Content/Functions/MX_SheenBSDF.uexp" 297
"../../../Engine/Plugins/Interchange/Assets/Content/Functions/MX_OrenNayarBSDF.uasset" 298
"../../../Engine/Plugins/Interchange/Assets/Content/Functions/MX_OrenNayarBSDF.uexp" 299
"../../../Engine/Plugins/Interchange/Assets/Content/Functions/MF_IridescenceNoLUT.uasset" 300
"../../../Engine/Plugins/Interchange/Assets/Content/Functions/MF_IridescenceNoLUT.uexp" 301
"../../../Engine/Plugins/Interchange/Assets/Content/Functions/MX_StandardSurface.uasset" 302
"../../../Engine/Plugins/Interchange/Assets/Content/Functions/MX_StandardSurface.uexp" 303
"../../../Engine/Plugins/Interchange/Assets/Content/Functions/MX_TransmissionSurface.uasset" 304
"../../../Engine/Plugins/Interchange/Assets/Content/Functions/MX_TransmissionSurface.uexp" 305
"../../../Engine/Plugins/Interchange/Assets/Content/Functions/MX_OpenPBR_Translucent.uasset" 306
"../../../Engine/Plugins/Interchange/Assets/Content/Functions/MX_OpenPBR_Translucent.uexp" 307
"../../../Engine/Plugins/Interchange/Assets/Content/Functions/MX_OpenPBR_Opaque.uasset" 308
"../../../Engine/Plugins/Interchange/Assets/Content/Functions/MX_OpenPBR_Opaque.uexp" 309
"../../../Engine/Plugins/Interchange/Assets/Content/Functions/MX_MeasuredEDF.uasset" 310
"../../../Engine/Plugins/Interchange/Assets/Content/Functions/MX_MeasuredEDF.uexp" 311
"../../../Engine/Plugins/Interchange/Assets/Content/Functions/MX_GeneralizedSchlickBSDF.uasset" 312
"../../../Engine/Plugins/Interchange/Assets/Content/Functions/MX_GeneralizedSchlickBSDF.uexp" 313
"../../../Engine/Plugins/Interchange/Assets/Content/Functions/MX_Displacement.uasset" 314
"../../../Engine/Plugins/Interchange/Assets/Content/Functions/MX_Displacement.uexp" 315
"../../../Engine/Plugins/Interchange/Assets/Content/Functions/MX_DielectricBSDF.uasset" 316
"../../../Engine/Plugins/Interchange/Assets/Content/Functions/MX_DielectricBSDF.uexp" 317
"../../../Engine/Plugins/Interchange/Assets/Content/Functions/MX_ConicalEDF.uasset" 318
"../../../Engine/Plugins/Interchange/Assets/Content/Functions/MX_ConicalEDF.uexp" 319
"../../../Engine/Plugins/Interchange/Assets/Content/Functions/MX_ConductorBSDF.uasset" 320
"../../../Engine/Plugins/Interchange/Assets/Content/Functions/MX_ConductorBSDF.uexp" 321
"../../../Engine/Plugins/Interchange/Assets/Content/Functions/MX_BurleyDiffuseBSDF.uasset" 322
"../../../Engine/Plugins/Interchange/Assets/Content/Functions/MX_BurleyDiffuseBSDF.uexp" 323
"../../../Engine/Plugins/Interchange/Assets/Content/Functions/MX_AnisotropicVDF.uasset" 324
"../../../Engine/Plugins/Interchange/Assets/Content/Functions/MX_AnisotropicVDF.uexp" 325
"../../../Engine/Plugins/Interchange/Assets/Content/Functions/MX_AbsorptionVDF.uasset" 326
"../../../Engine/Plugins/Interchange/Assets/Content/Functions/MX_AbsorptionVDF.uexp" 327
"../../../Engine/Content/Functions/Engine_MaterialFunctions02/Utility/VectorLength.uasset" 328
"../../../Engine/Content/Functions/Engine_MaterialFunctions02/Utility/VectorLength.uexp" 329
"../../../Engine/Content/Functions/Engine_MaterialFunctions02/WorldPositionOffset/ObjectScale.uasset" 330
"../../../Engine/Content/Functions/Engine_MaterialFunctions02/WorldPositionOffset/ObjectScale.uexp" 331
"../../../Engine/Content/Functions/Engine_MaterialFunctions02/Utility/BreakOutFloat3Components.uasset" 332
"../../../Engine/Content/Functions/Engine_MaterialFunctions02/Utility/BreakOutFloat3Components.uexp" 333
"../../../Engine/Content/Functions/Engine_MaterialFunctions02/SafeNormalize.uasset" 334
"../../../Engine/Content/Functions/Engine_MaterialFunctions02/SafeNormalize.uexp" 335
"../../../Engine/Plugins/Editor/SpeedTreeImporter/Content/SpeedTree9/UnpackInteger3.uasset" 336
"../../../Engine/Plugins/Editor/SpeedTreeImporter/Content/SpeedTree9/UnpackInteger3.uexp" 337
"../../../Engine/Plugins/Editor/SpeedTreeImporter/Content/SpeedTree9/UnpackDirection.uasset" 338
"../../../Engine/Plugins/Editor/SpeedTreeImporter/Content/SpeedTree9/UnpackDirection.uexp" 339
"../../../Engine/Plugins/Editor/SpeedTreeImporter/Content/SpeedTree9/game_wind_noise.ubulk" 340
"../../../Engine/Plugins/Editor/SpeedTreeImporter/Content/SpeedTree9/game_wind_noise.uasset" 341
"../../../Engine/Plugins/Editor/SpeedTreeImporter/Content/SpeedTree9/game_wind_noise.uexp" 342
"../../../Engine/Plugins/Editor/SpeedTreeImporter/Content/SpeedTree9/SpeedTreeWindMotion.uasset" 343
"../../../Engine/Plugins/Editor/SpeedTreeImporter/Content/SpeedTree9/SpeedTreeWindMotion.uexp" 344
"../../../Engine/Plugins/Editor/SpeedTreeImporter/Content/SpeedTree9/SpeedTreeBranchMotion.uasset" 345
"../../../Engine/Plugins/Editor/SpeedTreeImporter/Content/SpeedTree9/SpeedTreeBranchMotion.uexp" 346
"../../../Engine/Content/Functions/Engine_MaterialFunctions02/ObjectLocalBounds.uasset" 347
"../../../Engine/Content/Functions/Engine_MaterialFunctions02/ObjectLocalBounds.uexp" 348
"../../../Engine/Content/Functions/Engine_MaterialFunctions02/UVs/BoundingBoxBased_0-1_UVW.uasset" 349
"../../../Engine/Content/Functions/Engine_MaterialFunctions02/UVs/BoundingBoxBased_0-1_UVW.uexp" 350
"../../../Engine/Plugins/Editor/SpeedTreeImporter/Content/SpeedTree9/SpeedTreeWind.uasset" 351
"../../../Engine/Plugins/Editor/SpeedTreeImporter/Content/SpeedTree9/SpeedTreeWind.uexp" 352
"../../../Engine/Plugins/Editor/SpeedTreeImporter/Content/SpeedTree9/SpeedTreeCameraFacing.uasset" 353
"../../../Engine/Plugins/Editor/SpeedTreeImporter/Content/SpeedTree9/SpeedTreeCameraFacing.uexp" 354
"../../../Engine/Plugins/Editor/SpeedTreeImporter/Content/SpeedTree9/EmptyNormal.uasset" 355
"../../../Engine/Plugins/Editor/SpeedTreeImporter/Content/SpeedTree9/EmptyNormal.uexp" 356
"../../../Engine/Plugins/Editor/SpeedTreeImporter/Content/SpeedTree9/Empty.uasset" 357
"../../../Engine/Plugins/Editor/SpeedTreeImporter/Content/SpeedTree9/Empty.uexp" 358
"../../../Engine/Plugins/Editor/SpeedTreeImporter/Content/SpeedTree9/SpeedTreeMaster.uasset" 359
"../../../Engine/Plugins/Editor/SpeedTreeImporter/Content/SpeedTree9/SpeedTreeMaster.uexp" 360
"../../../Engine/Plugins/Editor/SpeedTreeImporter/Content/SpeedTree9/SpeedTreeBillboard.uasset" 361
"../../../Engine/Plugins/Editor/SpeedTreeImporter/Content/SpeedTree9/SpeedTreeBillboard.uexp" 362
"../../../Engine/Plugins/Editor/SpeedTreeImporter/Content/SpeedTree9/SpeedTreeBillboardMaster.uasset" 363
"../../../Engine/Plugins/Editor/SpeedTreeImporter/Content/SpeedTree9/SpeedTreeBillboardMaster.uexp" 364
"../../../Engine/Plugins/Animation/ControlRig/Content/Controls/ControlRigXRayMaterial.uasset" 365
"../../../Engine/Plugins/Animation/ControlRig/Content/Controls/ControlRigXRayMaterial.uexp" 366
"../../../Engine/Plugins/Animation/ControlRig/Content/Controls/ControlRigGizmoMaterial.uasset" 367
"../../../Engine/Plugins/Animation/ControlRig/Content/Controls/ControlRigGizmoMaterial.uexp" 368
"../../../Engine/Content/EditorMaterials/ParticleSystems/PSysThumbnail_OOD.ubulk" 369
"../../../Engine/Content/EditorMaterials/ParticleSystems/PSysThumbnail_OOD.uasset" 370
"../../../Engine/Content/EditorMaterials/ParticleSystems/PSysThumbnail_OOD.uexp" 371
"../../../Engine/Content/EditorMaterials/ParticleSystems/PSysThumbnail_NoImage.ubulk" 372
"../../../Engine/Content/EditorMaterials/ParticleSystems/PSysThumbnail_NoImage.uasset" 373
"../../../Engine/Content/EditorMaterials/ParticleSystems/PSysThumbnail_NoImage.uexp" 374
"../../../Engine/Content/EditorMaterials/Dataflow/DataflowVertexMaterial.uasset" 375
"../../../Engine/Content/EditorMaterials/Dataflow/DataflowVertexMaterial.uexp" 376
"../../../Engine/Content/EditorMaterials/Dataflow/DataflowTwoSidedVertexMaterial.uasset" 377
"../../../Engine/Content/EditorMaterials/Dataflow/DataflowTwoSidedVertexMaterial.uexp" 378
"../../../Engine/Content/EngineResources/FilmGrains/Marcie_Grain_v3_128_M2_000.uasset" 379
"../../../Engine/Content/EngineResources/FilmGrains/Marcie_Grain_v3_128_M2_000.uexp" 380
"../../../Engine/Content/EngineResources/Development/ZenLogo_64.uasset" 381
"../../../Engine/Content/EngineResources/Development/ZenLogo_64.uexp" 382
"../../../Engine/Content/EngineMaterials/LTC/Sheen_LTC.uasset" 383
"../../../Engine/Content/EngineMaterials/LTC/Sheen_LTC.uexp" 384
"../../../Engine/Content/EngineMaterials/LTC/GGX_LTCMat.uasset" 385
"../../../Engine/Content/EngineMaterials/LTC/GGX_LTCMat.uexp" 386
"../../../Engine/Content/EngineMaterials/LTC/GGX_LTCAmp.uasset" 387
"../../../Engine/Content/EngineMaterials/LTC/GGX_LTCAmp.uexp" 388
"../../../Engine/Content/EngineMaterials/EnergyConservation/Sheen_Energy.uasset" 389
"../../../Engine/Content/EngineMaterials/EnergyConservation/Sheen_Energy.uexp" 390
"../../../Engine/Content/EngineMaterials/EnergyConservation/SheenLegacy_Energy.uasset" 391
"../../../Engine/Content/EngineMaterials/EnergyConservation/SheenLegacy_Energy.uexp" 392
"../../../Engine/Content/EngineMaterials/EnergyConservation/GGX_TransmissionEnergyArray.uasset" 393
"../../../Engine/Content/EngineMaterials/EnergyConservation/GGX_TransmissionEnergyArray.uexp" 394
"../../../Engine/Content/EngineMaterials/EnergyConservation/GGX_ReflectionEnergy.uasset" 395
"../../../Engine/Content/EngineMaterials/EnergyConservation/GGX_ReflectionEnergy.uexp" 396
"../../../Engine/Content/EngineMaterials/EnergyConservation/Diffuse_Energy.uasset" 397
"../../../Engine/Content/EngineMaterials/EnergyConservation/Diffuse_Energy.uexp" 398
"../../../Engine/Content/EditorResources/SequenceRecorder/RecordingIndicator.uasset" 399
"../../../Engine/Content/EditorResources/SequenceRecorder/RecordingIndicator.uexp" 400
"../../../Engine/Content/EditorResources/SequenceRecorder/Countdown.uasset" 401
"../../../Engine/Content/EditorResources/SequenceRecorder/Countdown.uexp" 402
"../../../Engine/Content/EditorBlueprintResources/StandardMacros.uasset" 403
"../../../Engine/Content/EditorBlueprintResources/StandardMacros.uexp" 404
"C:/Users/cerve/OneDrive/Documenti/Desktop/Tirocinio/TirocinioBadViceGames/Tirocinio_Giuseppe/Content/Input/Actions/IA_Use_Tool.uasset" 405
"C:/Users/cerve/OneDrive/Documenti/Desktop/Tirocinio/TirocinioBadViceGames/Tirocinio_Giuseppe/Content/Input/Actions/IA_Use_Tool.uexp" 406
"C:/Users/cerve/OneDrive/Documenti/Desktop/Tirocinio/TirocinioBadViceGames/Tirocinio_Giuseppe/Content/Input/Actions/IA_Move_Right.uasset" 407
"C:/Users/cerve/OneDrive/Documenti/Desktop/Tirocinio/TirocinioBadViceGames/Tirocinio_Giuseppe/Content/Input/Actions/IA_Move_Right.uexp" 408
"C:/Users/cerve/OneDrive/Documenti/Desktop/Tirocinio/TirocinioBadViceGames/Tirocinio_Giuseppe/Content/Input/Actions/IA_Move_Forward.uasset" 409
"C:/Users/cerve/OneDrive/Documenti/Desktop/Tirocinio/TirocinioBadViceGames/Tirocinio_Giuseppe/Content/Input/Actions/IA_Move_Forward.uexp" 410
"C:/Users/cerve/OneDrive/Documenti/Desktop/Tirocinio/TirocinioBadViceGames/Tirocinio_Giuseppe/Content/Input/Actions/IA_Look.uasset" 411
"C:/Users/cerve/OneDrive/Documenti/Desktop/Tirocinio/TirocinioBadViceGames/Tirocinio_Giuseppe/Content/Input/Actions/IA_Look.uexp" 412
"C:/Users/cerve/OneDrive/Documenti/Desktop/Tirocinio/TirocinioBadViceGames/Tirocinio_Giuseppe/Content/Input/Actions/IA_Interact.uasset" 413
"C:/Users/cerve/OneDrive/Documenti/Desktop/Tirocinio/TirocinioBadViceGames/Tirocinio_Giuseppe/Content/Input/Actions/IA_Interact.uexp" 414
"C:/Users/cerve/OneDrive/Documenti/Desktop/Tirocinio/TirocinioBadViceGames/Tirocinio_Giuseppe/Content/Input/Actions/IA_Detach.uasset" 415
"C:/Users/cerve/OneDrive/Documenti/Desktop/Tirocinio/TirocinioBadViceGames/Tirocinio_Giuseppe/Content/Input/Actions/IA_Detach.uexp" 416
"C:/Users/cerve/OneDrive/Documenti/Desktop/Tirocinio/TirocinioBadViceGames/Tirocinio_Giuseppe/Content/Input/Actions/IA_Pause.uasset" 417
"C:/Users/cerve/OneDrive/Documenti/Desktop/Tirocinio/TirocinioBadViceGames/Tirocinio_Giuseppe/Content/Input/Actions/IA_Pause.uexp" 418
"C:/Users/cerve/OneDrive/Documenti/Desktop/Tirocinio/TirocinioBadViceGames/Tirocinio_Giuseppe/Content/Input/IMC_PlayerInput.uasset" 419
"C:/Users/cerve/OneDrive/Documenti/Desktop/Tirocinio/TirocinioBadViceGames/Tirocinio_Giuseppe/Content/Input/IMC_PlayerInput.uexp" 420
"C:/Users/cerve/OneDrive/Documenti/Desktop/Tirocinio/TirocinioBadViceGames/Tirocinio_Giuseppe/Content/Blueprints/PlayerControllerBP.uasset" 421
"C:/Users/cerve/OneDrive/Documenti/Desktop/Tirocinio/TirocinioBadViceGames/Tirocinio_Giuseppe/Content/Blueprints/PlayerControllerBP.uexp" 422
"C:/Users/cerve/OneDrive/Documenti/Desktop/Tirocinio/TirocinioBadViceGames/Tirocinio_Giuseppe/Content/Blueprints/Singletons/BP_MainLevelGameModeBase.uasset" 423
"C:/Users/cerve/OneDrive/Documenti/Desktop/Tirocinio/TirocinioBadViceGames/Tirocinio_Giuseppe/Content/Blueprints/Singletons/BP_MainLevelGameModeBase.uexp" 424
"../../../Engine/Content/Functions/Engine_MaterialFunctions01/Shading/PowerToRoughness.uasset" 425
"../../../Engine/Content/Functions/Engine_MaterialFunctions01/Shading/PowerToRoughness.uexp" 426
"../../../Engine/Content/Functions/Engine_MaterialFunctions01/Shading/ConvertFromDiffSpec.uasset" 427
"../../../Engine/Content/Functions/Engine_MaterialFunctions01/Shading/ConvertFromDiffSpec.uexp" 428
"../../../Engine/Content/EngineMeshes/Sphere.ubulk" 429
"../../../Engine/Content/EngineMeshes/Sphere.uasset" 430
"../../../Engine/Content/EngineMeshes/Sphere.uexp" 431
"../../../Engine/Content/EngineMaterials/Substrate/GLints/AGlintTex2dArray.uasset" 432
"../../../Engine/Content/EngineMaterials/Substrate/GLints/AGlintTex2dArray.uexp" 433
"../../../Engine/Content/EngineMaterials/Substrate/Glints2/AGlintTex2dArray2.uasset" 434
"../../../Engine/Content/EngineMaterials/Substrate/Glints2/AGlintTex2dArray2.uexp" 435
"../../../Engine/Content/EngineMaterials/T_Default_Material_Grid_M.ubulk" 436
"../../../Engine/Content/EngineMaterials/T_Default_Material_Grid_M.uasset" 437
"../../../Engine/Content/EngineMaterials/T_Default_Material_Grid_M.uexp" 438
"../../../Engine/Content/Functions/Engine_MaterialFunctions01/Opacity/CameraDepthFade.uasset" 439
"../../../Engine/Content/Functions/Engine_MaterialFunctions01/Opacity/CameraDepthFade.uexp" 440
"../../../Engine/Content/EngineMaterials/T_Default_Material_Grid_N.ubulk" 441
"../../../Engine/Content/EngineMaterials/T_Default_Material_Grid_N.uasset" 442
"../../../Engine/Content/EngineMaterials/T_Default_Material_Grid_N.uexp" 443
"../../../Engine/Content/EngineMaterials/WorldGridMaterial.uasset" 444
"../../../Engine/Content/EngineMaterials/WorldGridMaterial.uexp" 445
"../../../Engine/Content/ArtTools/RenderToTexture/Meshes/S_1_Unit_Plane.ubulk" 446
"../../../Engine/Content/ArtTools/RenderToTexture/Meshes/S_1_Unit_Plane.uasset" 447
"../../../Engine/Content/ArtTools/RenderToTexture/Meshes/S_1_Unit_Plane.uexp" 448
"../../../Engine/Content/VREditor/TransformGizmo/TranslucentTransformGizmoMaterial.uasset" 449
"../../../Engine/Content/VREditor/TransformGizmo/TranslucentTransformGizmoMaterial.uexp" 450
"../../../Engine/Content/VREditor/LaserPointer/VR_LaserPower_01.ubulk" 451
"../../../Engine/Content/VREditor/LaserPointer/VR_LaserPower_01.uasset" 452
"../../../Engine/Content/VREditor/LaserPointer/VR_LaserPower_01.uexp" 453
"../../../Engine/Content/VREditor/TransformGizmo/TransformGizmoMaterial.uasset" 454
"../../../Engine/Content/VREditor/TransformGizmo/TransformGizmoMaterial.uexp" 455
"../../../Engine/Content/VREditor/TransformGizmo/BoundingBoxCorner.ubulk" 456
"../../../Engine/Content/VREditor/TransformGizmo/BoundingBoxCorner.uasset" 457
"../../../Engine/Content/VREditor/TransformGizmo/BoundingBoxCorner.uexp" 458
"../../../Engine/Content/VREditor/TransformGizmo/BoundingBoxEdge.ubulk" 459
"../../../Engine/Content/VREditor/TransformGizmo/BoundingBoxEdge.uasset" 460
"../../../Engine/Content/VREditor/TransformGizmo/BoundingBoxEdge.uexp" 461
"../../../Engine/Content/VREditor/TransformGizmo/Xray.uasset" 462
"../../../Engine/Content/VREditor/TransformGizmo/Xray.uexp" 463
"../../../Engine/Content/VREditor/TransformGizmo/Main.uasset" 464
"../../../Engine/Content/VREditor/TransformGizmo/Main.uexp" 465
"../../../Engine/Content/VREditor/TransformGizmo/SM_Sequencer_Node.ubulk" 466
"../../../Engine/Content/VREditor/TransformGizmo/SM_Sequencer_Node.uasset" 467
"../../../Engine/Content/VREditor/TransformGizmo/SM_Sequencer_Node.uexp" 468
"../../../Engine/Content/EditorMaterials/Camera/CineMat.uasset" 469
"../../../Engine/Content/EditorMaterials/Camera/CineMat.uexp" 470
"../../../Engine/Content/EditorMaterials/Camera/MI_CineMat_Rig.uasset" 471
"../../../Engine/Content/EditorMaterials/Camera/MI_CineMat_Rig.uexp" 472
"../../../Engine/Content/EditorMeshes/Camera/SM_CraneRig_Arm.ubulk" 473
"../../../Engine/Content/EditorMeshes/Camera/SM_CraneRig_Arm.uasset" 474
"../../../Engine/Content/EditorMeshes/Camera/SM_CraneRig_Arm.uexp" 475
"../../../Engine/Content/EditorMeshes/Camera/SM_CraneRig_Base.ubulk" 476
"../../../Engine/Content/EditorMeshes/Camera/SM_CraneRig_Base.uasset" 477
"../../../Engine/Content/EditorMeshes/Camera/SM_CraneRig_Base.uexp" 478
"../../../Engine/Content/EditorMeshes/Camera/SM_CraneRig_Body.ubulk" 479
"../../../Engine/Content/EditorMeshes/Camera/SM_CraneRig_Body.uasset" 480
"../../../Engine/Content/EditorMeshes/Camera/SM_CraneRig_Body.uexp" 481
"../../../Engine/Content/EditorMeshes/Camera/SM_CraneRig_Mount.ubulk" 482
"../../../Engine/Content/EditorMeshes/Camera/SM_CraneRig_Mount.uasset" 483
"../../../Engine/Content/EditorMeshes/Camera/SM_CraneRig_Mount.uexp" 484
"../../../Engine/Content/EditorMeshes/Camera/SM_RailRig_Mount.ubulk" 485
"../../../Engine/Content/EditorMeshes/Camera/SM_RailRig_Mount.uasset" 486
"../../../Engine/Content/EditorMeshes/Camera/SM_RailRig_Mount.uexp" 487
"../../../Engine/Content/EditorMeshes/Camera/SM_RailRig_Track.ubulk" 488
"../../../Engine/Content/EditorMeshes/Camera/SM_RailRig_Track.uasset" 489
"../../../Engine/Content/EditorMeshes/Camera/SM_RailRig_Track.uexp" 490
"../../../Engine/Plugins/Animation/ControlRig/Content/Controls/ControlRig_Arrow2_1mm.ubulk" 491
"../../../Engine/Plugins/Animation/ControlRig/Content/Controls/ControlRig_Arrow2_1mm.uasset" 492
"../../../Engine/Plugins/Animation/ControlRig/Content/Controls/ControlRig_Arrow2_1mm.uexp" 493
"../../../Engine/Plugins/Animation/ControlRig/Content/Controls/ControlRig_Arrow2_3mm.ubulk" 494
"../../../Engine/Plugins/Animation/ControlRig/Content/Controls/ControlRig_Arrow2_3mm.uasset" 495
"../../../Engine/Plugins/Animation/ControlRig/Content/Controls/ControlRig_Arrow2_3mm.uexp" 496
"../../../Engine/Plugins/Animation/ControlRig/Content/Controls/ControlRig_Arrow2_solid.ubulk" 497
"../../../Engine/Plugins/Animation/ControlRig/Content/Controls/ControlRig_Arrow2_solid.uasset" 498
"../../../Engine/Plugins/Animation/ControlRig/Content/Controls/ControlRig_Arrow2_solid.uexp" 499
"../../../Engine/Plugins/Animation/ControlRig/Content/Controls/ControlRig_Arrow4_1mm.ubulk" 500
"../../../Engine/Plugins/Animation/ControlRig/Content/Controls/ControlRig_Arrow4_1mm.uasset" 501
"../../../Engine/Plugins/Animation/ControlRig/Content/Controls/ControlRig_Arrow4_1mm.uexp" 502
"../../../Engine/Plugins/Animation/ControlRig/Content/Controls/ControlRig_Arrow4_3mm.ubulk" 503
"../../../Engine/Plugins/Animation/ControlRig/Content/Controls/ControlRig_Arrow4_3mm.uasset" 504
"../../../Engine/Plugins/Animation/ControlRig/Content/Controls/ControlRig_Arrow4_3mm.uexp" 505
"../../../Engine/Plugins/Animation/ControlRig/Content/Controls/ControlRig_Arrow4_solid.ubulk" 506
"../../../Engine/Plugins/Animation/ControlRig/Content/Controls/ControlRig_Arrow4_solid.uasset" 507
"../../../Engine/Plugins/Animation/ControlRig/Content/Controls/ControlRig_Arrow4_solid.uexp" 508
"../../../Engine/Plugins/Animation/ControlRig/Content/Controls/ControlRig_Arrow_1mm.ubulk" 509
"../../../Engine/Plugins/Animation/ControlRig/Content/Controls/ControlRig_Arrow_1mm.uasset" 510
"../../../Engine/Plugins/Animation/ControlRig/Content/Controls/ControlRig_Arrow_1mm.uexp" 511
"../../../Engine/Plugins/Animation/ControlRig/Content/Controls/ControlRig_Arrow_3mm.ubulk" 512
"../../../Engine/Plugins/Animation/ControlRig/Content/Controls/ControlRig_Arrow_3mm.uasset" 513
"../../../Engine/Plugins/Animation/ControlRig/Content/Controls/ControlRig_Arrow_3mm.uexp" 514
"../../../Engine/Plugins/Animation/ControlRig/Content/Controls/ControlRig_Arrow_solid.ubulk" 515
"../../../Engine/Plugins/Animation/ControlRig/Content/Controls/ControlRig_Arrow_solid.uasset" 516
"../../../Engine/Plugins/Animation/ControlRig/Content/Controls/ControlRig_Arrow_solid.uexp" 517
"../../../Engine/Plugins/Animation/ControlRig/Content/Controls/ControlRig_Box_1mm.ubulk" 518
"../../../Engine/Plugins/Animation/ControlRig/Content/Controls/ControlRig_Box_1mm.uasset" 519
"../../../Engine/Plugins/Animation/ControlRig/Content/Controls/ControlRig_Box_1mm.uexp" 520
"../../../Engine/Plugins/Animation/ControlRig/Content/Controls/ControlRig_Box_3mm.ubulk" 521
"../../../Engine/Plugins/Animation/ControlRig/Content/Controls/ControlRig_Box_3mm.uasset" 522
"../../../Engine/Plugins/Animation/ControlRig/Content/Controls/ControlRig_Box_3mm.uexp" 523
"../../../Engine/Plugins/Animation/ControlRig/Content/Controls/ControlRig_Box_solid.ubulk" 524
"../../../Engine/Plugins/Animation/ControlRig/Content/Controls/ControlRig_Box_solid.uasset" 525
"../../../Engine/Plugins/Animation/ControlRig/Content/Controls/ControlRig_Box_solid.uexp" 526
"../../../Engine/Plugins/Animation/ControlRig/Content/Controls/ControlRig_Circle_1mm.ubulk" 527
"../../../Engine/Plugins/Animation/ControlRig/Content/Controls/ControlRig_Circle_1mm.uasset" 528
"../../../Engine/Plugins/Animation/ControlRig/Content/Controls/ControlRig_Circle_1mm.uexp" 529
"../../../Engine/Plugins/Animation/ControlRig/Content/Controls/ControlRig_Circle_3mm.ubulk" 530
"../../../Engine/Plugins/Animation/ControlRig/Content/Controls/ControlRig_Circle_3mm.uasset" 531
"../../../Engine/Plugins/Animation/ControlRig/Content/Controls/ControlRig_Circle_3mm.uexp" 532
"../../../Engine/Plugins/Animation/ControlRig/Content/Controls/ControlRig_Circle_solid.ubulk" 533
"../../../Engine/Plugins/Animation/ControlRig/Content/Controls/ControlRig_Circle_solid.uasset" 534
"../../../Engine/Plugins/Animation/ControlRig/Content/Controls/ControlRig_Circle_solid.uexp" 535
"../../../Engine/Plugins/Animation/ControlRig/Content/Controls/ControlRig_Diamond_1mm.ubulk" 536
"../../../Engine/Plugins/Animation/ControlRig/Content/Controls/ControlRig_Diamond_1mm.uasset" 537
"../../../Engine/Plugins/Animation/ControlRig/Content/Controls/ControlRig_Diamond_1mm.uexp" 538
"../../../Engine/Plugins/Animation/ControlRig/Content/Controls/ControlRig_Diamond_3mm.ubulk" 539
"../../../Engine/Plugins/Animation/ControlRig/Content/Controls/ControlRig_Diamond_3mm.uasset" 540
"../../../Engine/Plugins/Animation/ControlRig/Content/Controls/ControlRig_Diamond_3mm.uexp" 541
"../../../Engine/Plugins/Animation/ControlRig/Content/Controls/ControlRig_Diamond_solid.ubulk" 542
"../../../Engine/Plugins/Animation/ControlRig/Content/Controls/ControlRig_Diamond_solid.uasset" 543
"../../../Engine/Plugins/Animation/ControlRig/Content/Controls/ControlRig_Diamond_solid.uexp" 544
"../../../Engine/Plugins/Animation/ControlRig/Content/Controls/ControlRig_HalfCircle_1mm.ubulk" 545
"../../../Engine/Plugins/Animation/ControlRig/Content/Controls/ControlRig_HalfCircle_1mm.uasset" 546
"../../../Engine/Plugins/Animation/ControlRig/Content/Controls/ControlRig_HalfCircle_1mm.uexp" 547
"../../../Engine/Plugins/Animation/ControlRig/Content/Controls/ControlRig_HalfCircle_3mm.ubulk" 548
"../../../Engine/Plugins/Animation/ControlRig/Content/Controls/ControlRig_HalfCircle_3mm.uasset" 549
"../../../Engine/Plugins/Animation/ControlRig/Content/Controls/ControlRig_HalfCircle_3mm.uexp" 550
"../../../Engine/Plugins/Animation/ControlRig/Content/Controls/ControlRig_HalfCircle_solid.ubulk" 551
"../../../Engine/Plugins/Animation/ControlRig/Content/Controls/ControlRig_HalfCircle_solid.uasset" 552
"../../../Engine/Plugins/Animation/ControlRig/Content/Controls/ControlRig_HalfCircle_solid.uexp" 553
"../../../Engine/Plugins/Animation/ControlRig/Content/Controls/ControlRig_Hexagon_1mm.ubulk" 554
"../../../Engine/Plugins/Animation/ControlRig/Content/Controls/ControlRig_Hexagon_1mm.uasset" 555
"../../../Engine/Plugins/Animation/ControlRig/Content/Controls/ControlRig_Hexagon_1mm.uexp" 556
"../../../Engine/Plugins/Animation/ControlRig/Content/Controls/ControlRig_Hexagon_3mm.ubulk" 557
"../../../Engine/Plugins/Animation/ControlRig/Content/Controls/ControlRig_Hexagon_3mm.uasset" 558
"../../../Engine/Plugins/Animation/ControlRig/Content/Controls/ControlRig_Hexagon_3mm.uexp" 559
"../../../Engine/Plugins/Animation/ControlRig/Content/Controls/ControlRig_Hexagon_solid.ubulk" 560
"../../../Engine/Plugins/Animation/ControlRig/Content/Controls/ControlRig_Hexagon_solid.uasset" 561
"../../../Engine/Plugins/Animation/ControlRig/Content/Controls/ControlRig_Hexagon_solid.uexp" 562
"../../../Engine/Plugins/Animation/ControlRig/Content/Controls/ControlRig_Octagon_1mm.ubulk" 563
"../../../Engine/Plugins/Animation/ControlRig/Content/Controls/ControlRig_Octagon_1mm.uasset" 564
"../../../Engine/Plugins/Animation/ControlRig/Content/Controls/ControlRig_Octagon_1mm.uexp" 565
"../../../Engine/Plugins/Animation/ControlRig/Content/Controls/ControlRig_Octagon_3mm.ubulk" 566
"../../../Engine/Plugins/Animation/ControlRig/Content/Controls/ControlRig_Octagon_3mm.uasset" 567
"../../../Engine/Plugins/Animation/ControlRig/Content/Controls/ControlRig_Octagon_3mm.uexp" 568
"../../../Engine/Plugins/Animation/ControlRig/Content/Controls/ControlRig_Octagon_solid.ubulk" 569
"../../../Engine/Plugins/Animation/ControlRig/Content/Controls/ControlRig_Octagon_solid.uasset" 570
"../../../Engine/Plugins/Animation/ControlRig/Content/Controls/ControlRig_Octagon_solid.uexp" 571
"../../../Engine/Plugins/Animation/ControlRig/Content/Controls/ControlRig_Pyramid_1mm.ubulk" 572
"../../../Engine/Plugins/Animation/ControlRig/Content/Controls/ControlRig_Pyramid_1mm.uasset" 573
"../../../Engine/Plugins/Animation/ControlRig/Content/Controls/ControlRig_Pyramid_1mm.uexp" 574
"../../../Engine/Plugins/Animation/ControlRig/Content/Controls/ControlRig_Pyramid_3mm.ubulk" 575
"../../../Engine/Plugins/Animation/ControlRig/Content/Controls/ControlRig_Pyramid_3mm.uasset" 576
"../../../Engine/Plugins/Animation/ControlRig/Content/Controls/ControlRig_Pyramid_3mm.uexp" 577
"../../../Engine/Plugins/Animation/ControlRig/Content/Controls/ControlRig_Pyramid_solid.ubulk" 578
"../../../Engine/Plugins/Animation/ControlRig/Content/Controls/ControlRig_Pyramid_solid.uasset" 579
"../../../Engine/Plugins/Animation/ControlRig/Content/Controls/ControlRig_Pyramid_solid.uexp" 580
"../../../Engine/Plugins/Animation/ControlRig/Content/Controls/ControlRig_QuarterCircle_1mm.ubulk" 581
"../../../Engine/Plugins/Animation/ControlRig/Content/Controls/ControlRig_QuarterCircle_1mm.uasset" 582
"../../../Engine/Plugins/Animation/ControlRig/Content/Controls/ControlRig_QuarterCircle_1mm.uexp" 583
"../../../Engine/Plugins/Animation/ControlRig/Content/Controls/ControlRig_QuarterCircle_3mm.ubulk" 584
"../../../Engine/Plugins/Animation/ControlRig/Content/Controls/ControlRig_QuarterCircle_3mm.uasset" 585
"../../../Engine/Plugins/Animation/ControlRig/Content/Controls/ControlRig_QuarterCircle_3mm.uexp" 586
"../../../Engine/Plugins/Animation/ControlRig/Content/Controls/ControlRig_QuarterCircle_solid.ubulk" 587
"../../../Engine/Plugins/Animation/ControlRig/Content/Controls/ControlRig_QuarterCircle_solid.uasset" 588
"../../../Engine/Plugins/Animation/ControlRig/Content/Controls/ControlRig_QuarterCircle_solid.uexp" 589
"../../../Engine/Plugins/Animation/ControlRig/Content/Controls/ControlRig_RoundedSquare_1mm.ubulk" 590
"../../../Engine/Plugins/Animation/ControlRig/Content/Controls/ControlRig_RoundedSquare_1mm.uasset" 591
"../../../Engine/Plugins/Animation/ControlRig/Content/Controls/ControlRig_RoundedSquare_1mm.uexp" 592
"../../../Engine/Plugins/Animation/ControlRig/Content/Controls/ControlRig_RoundedSquare_3mm.ubulk" 593
"../../../Engine/Plugins/Animation/ControlRig/Content/Controls/ControlRig_RoundedSquare_3mm.uasset" 594
"../../../Engine/Plugins/Animation/ControlRig/Content/Controls/ControlRig_RoundedSquare_3mm.uexp" 595
"../../../Engine/Plugins/Animation/ControlRig/Content/Controls/ControlRig_RoundedSquare_solid.ubulk" 596
"../../../Engine/Plugins/Animation/ControlRig/Content/Controls/ControlRig_RoundedSquare_solid.uasset" 597
"../../../Engine/Plugins/Animation/ControlRig/Content/Controls/ControlRig_RoundedSquare_solid.uexp" 598
"../../../Engine/Plugins/Animation/ControlRig/Content/Controls/ControlRig_RoundedTriangle_1mm.ubulk" 599
"../../../Engine/Plugins/Animation/ControlRig/Content/Controls/ControlRig_RoundedTriangle_1mm.uasset" 600
"../../../Engine/Plugins/Animation/ControlRig/Content/Controls/ControlRig_RoundedTriangle_1mm.uexp" 601
"../../../Engine/Plugins/Animation/ControlRig/Content/Controls/ControlRig_RoundedTriangle_3mm.ubulk" 602
"../../../Engine/Plugins/Animation/ControlRig/Content/Controls/ControlRig_RoundedTriangle_3mm.uasset" 603
"../../../Engine/Plugins/Animation/ControlRig/Content/Controls/ControlRig_RoundedTriangle_3mm.uexp" 604
"../../../Engine/Plugins/Animation/ControlRig/Content/Controls/ControlRig_RoundedTriangle_solid.ubulk" 605
"../../../Engine/Plugins/Animation/ControlRig/Content/Controls/ControlRig_RoundedTriangle_solid.uasset" 606
"../../../Engine/Plugins/Animation/ControlRig/Content/Controls/ControlRig_RoundedTriangle_solid.uexp" 607
"../../../Engine/Plugins/Animation/ControlRig/Content/Controls/ControlRig_Sphere_1mm.ubulk" 608
"../../../Engine/Plugins/Animation/ControlRig/Content/Controls/ControlRig_Sphere_1mm.uasset" 609
"../../../Engine/Plugins/Animation/ControlRig/Content/Controls/ControlRig_Sphere_1mm.uexp" 610
"../../../Engine/Plugins/Animation/ControlRig/Content/Controls/ControlRig_Sphere_3mm.ubulk" 611
"../../../Engine/Plugins/Animation/ControlRig/Content/Controls/ControlRig_Sphere_3mm.uasset" 612
"../../../Engine/Plugins/Animation/ControlRig/Content/Controls/ControlRig_Sphere_3mm.uexp" 613
"../../../Engine/Plugins/Animation/ControlRig/Content/Controls/ControlRig_Sphere_solid.ubulk" 614
"../../../Engine/Plugins/Animation/ControlRig/Content/Controls/ControlRig_Sphere_solid.uasset" 615
"../../../Engine/Plugins/Animation/ControlRig/Content/Controls/ControlRig_Sphere_solid.uexp" 616
"../../../Engine/Plugins/Animation/ControlRig/Content/Controls/ControlRig_Square_1mm.ubulk" 617
"../../../Engine/Plugins/Animation/ControlRig/Content/Controls/ControlRig_Square_1mm.uasset" 618
"../../../Engine/Plugins/Animation/ControlRig/Content/Controls/ControlRig_Square_1mm.uexp" 619
"../../../Engine/Plugins/Animation/ControlRig/Content/Controls/ControlRig_Square_3mm.ubulk" 620
"../../../Engine/Plugins/Animation/ControlRig/Content/Controls/ControlRig_Square_3mm.uasset" 621
"../../../Engine/Plugins/Animation/ControlRig/Content/Controls/ControlRig_Square_3mm.uexp" 622
"../../../Engine/Plugins/Animation/ControlRig/Content/Controls/ControlRig_Square_solid.ubulk" 623
"../../../Engine/Plugins/Animation/ControlRig/Content/Controls/ControlRig_Square_solid.uasset" 624
"../../../Engine/Plugins/Animation/ControlRig/Content/Controls/ControlRig_Square_solid.uexp" 625
"../../../Engine/Plugins/Animation/ControlRig/Content/Controls/ControlRig_Star4_1mm.ubulk" 626
"../../../Engine/Plugins/Animation/ControlRig/Content/Controls/ControlRig_Star4_1mm.uasset" 627
"../../../Engine/Plugins/Animation/ControlRig/Content/Controls/ControlRig_Star4_1mm.uexp" 628
"../../../Engine/Plugins/Animation/ControlRig/Content/Controls/ControlRig_Star4_3mm.ubulk" 629
"../../../Engine/Plugins/Animation/ControlRig/Content/Controls/ControlRig_Star4_3mm.uasset" 630
"../../../Engine/Plugins/Animation/ControlRig/Content/Controls/ControlRig_Star4_3mm.uexp" 631
"../../../Engine/Plugins/Animation/ControlRig/Content/Controls/ControlRig_Star4_solid.ubulk" 632
"../../../Engine/Plugins/Animation/ControlRig/Content/Controls/ControlRig_Star4_solid.uasset" 633
"../../../Engine/Plugins/Animation/ControlRig/Content/Controls/ControlRig_Star4_solid.uexp" 634
"../../../Engine/Plugins/Animation/ControlRig/Content/Controls/ControlRig_Triangle_1mm.ubulk" 635
"../../../Engine/Plugins/Animation/ControlRig/Content/Controls/ControlRig_Triangle_1mm.uasset" 636
"../../../Engine/Plugins/Animation/ControlRig/Content/Controls/ControlRig_Triangle_1mm.uexp" 637
"../../../Engine/Plugins/Animation/ControlRig/Content/Controls/ControlRig_Triangle_3mm.ubulk" 638
"../../../Engine/Plugins/Animation/ControlRig/Content/Controls/ControlRig_Triangle_3mm.uasset" 639
"../../../Engine/Plugins/Animation/ControlRig/Content/Controls/ControlRig_Triangle_3mm.uexp" 640
"../../../Engine/Plugins/Animation/ControlRig/Content/Controls/ControlRig_Triangle_solid.ubulk" 641
"../../../Engine/Plugins/Animation/ControlRig/Content/Controls/ControlRig_Triangle_solid.uasset" 642
"../../../Engine/Plugins/Animation/ControlRig/Content/Controls/ControlRig_Triangle_solid.uexp" 643
"../../../Engine/Plugins/Animation/ControlRig/Content/Controls/ControlRig_Wedge_1mm.ubulk" 644
"../../../Engine/Plugins/Animation/ControlRig/Content/Controls/ControlRig_Wedge_1mm.uasset" 645
"../../../Engine/Plugins/Animation/ControlRig/Content/Controls/ControlRig_Wedge_1mm.uexp" 646
"../../../Engine/Plugins/Animation/ControlRig/Content/Controls/ControlRig_Wedge_3mm.ubulk" 647
"../../../Engine/Plugins/Animation/ControlRig/Content/Controls/ControlRig_Wedge_3mm.uasset" 648
"../../../Engine/Plugins/Animation/ControlRig/Content/Controls/ControlRig_Wedge_3mm.uexp" 649
"../../../Engine/Plugins/Animation/ControlRig/Content/Controls/ControlRig_Wedge_solid.ubulk" 650
"../../../Engine/Plugins/Animation/ControlRig/Content/Controls/ControlRig_Wedge_solid.uasset" 651
"../../../Engine/Plugins/Animation/ControlRig/Content/Controls/ControlRig_Wedge_solid.uexp" 652
"../../../Engine/Content/EngineMaterials/WeightMapPlaceholderTexture.uasset" 653
"../../../Engine/Content/EngineMaterials/WeightMapPlaceholderTexture.uexp" 654
"../../../Engine/Content/EngineMaterials/WeightMapArrayPlaceholderTexture.uasset" 655
"../../../Engine/Content/EngineMaterials/WeightMapArrayPlaceholderTexture.uexp" 656
"../../../Engine/Content/EngineResources/WhiteSquareTexture.uasset" 657
"../../../Engine/Content/EngineResources/WhiteSquareTexture.uexp" 658
"../../../Engine/Content/EngineMaterials/Widget3DPassThrough.uasset" 659
"../../../Engine/Content/EngineMaterials/Widget3DPassThrough.uexp" 660
"../../../Engine/Content/EngineMaterials/Widget3DPassThrough_Masked.uasset" 661
"../../../Engine/Content/EngineMaterials/Widget3DPassThrough_Masked.uexp" 662
"../../../Engine/Content/EngineMaterials/Widget3DPassThrough_Opaque.uasset" 663
"../../../Engine/Content/EngineMaterials/Widget3DPassThrough_Opaque.uexp" 664
"../../../Engine/Content/EngineMaterials/Widget3DPassThrough_Masked_OneSided.uasset" 665
"../../../Engine/Content/EngineMaterials/Widget3DPassThrough_Masked_OneSided.uexp" 666
"../../../Engine/Content/EngineMaterials/Widget3DPassThrough_Opaque_OneSided.uasset" 667
"../../../Engine/Content/EngineMaterials/Widget3DPassThrough_Opaque_OneSided.uexp" 668
"../../../Engine/Content/EngineMaterials/Widget3DPassThrough_Translucent.uasset" 669
"../../../Engine/Content/EngineMaterials/Widget3DPassThrough_Translucent.uexp" 670
"../../../Engine/Content/EngineMaterials/Widget3DPassThrough_Translucent_OneSided.uasset" 671
"../../../Engine/Content/EngineMaterials/Widget3DPassThrough_Translucent_OneSided.uexp" 672
"../../../Engine/Content/EditorLandscapeResources/ColorMaskBrushMaterial.uasset" 673
"../../../Engine/Content/EditorLandscapeResources/ColorMaskBrushMaterial.uexp" 674
"../../../Engine/Content/EditorLandscapeResources/ColorMaskBrushMaterial_MaskedRegion.uasset" 675
"../../../Engine/Content/EditorLandscapeResources/ColorMaskBrushMaterial_MaskedRegion.uexp" 676
"../../../Engine/Content/Functions/Engine_MaterialFunctions03/Math/WithinRangeFloat2.uasset" 677
"../../../Engine/Content/Functions/Engine_MaterialFunctions03/Math/WithinRangeFloat2.uexp" 678
"../../../Engine/Content/EditorLandscapeResources/MaskBrushMaterial.uasset" 679
"../../../Engine/Content/EditorLandscapeResources/MaskBrushMaterial.uexp" 680
"../../../Engine/Content/EditorLandscapeResources/MaskBrushMaterial_MaskedRegion.uasset" 681
"../../../Engine/Content/EditorLandscapeResources/MaskBrushMaterial_MaskedRegion.uexp" 682
"../../../Engine/Content/EditorLandscapeResources/SelectBrushMaterial.uasset" 683
"../../../Engine/Content/EditorLandscapeResources/SelectBrushMaterial.uexp" 684
"../../../Engine/Content/EditorLandscapeResources/SelectBrushMaterial_Selected.uasset" 685
"../../../Engine/Content/EditorLandscapeResources/SelectBrushMaterial_Selected.uexp" 686
"../../../Engine/Content/EditorLandscapeResources/SelectBrushMaterial_SelectedRegion.uasset" 687
"../../../Engine/Content/EditorLandscapeResources/SelectBrushMaterial_SelectedRegion.uexp" 688
"../../../Engine/Content/EditorLandscapeResources/SplineEditorMeshMat.uasset" 689
"../../../Engine/Content/EditorLandscapeResources/SplineEditorMeshMat.uexp" 690
"../../../Engine/Content/EditorLandscapeResources/SplineEditorMesh.ubulk" 691
"../../../Engine/Content/EditorLandscapeResources/SplineEditorMesh.uasset" 692
"../../../Engine/Content/EditorLandscapeResources/SplineEditorMesh.uexp" 693
"../../../Engine/Content/EngineMaterials/DefaultMaterial.uasset" 694
"../../../Engine/Content/EngineMaterials/DefaultMaterial.uexp" 695
"../../../Engine/Content/BasicShapes/Cylinder.ubulk" 696
"../../../Engine/Content/BasicShapes/Cylinder.uasset" 697
"../../../Engine/Content/BasicShapes/Cylinder.uexp" 698
"../../../Engine/Plugins/Media/MediaPlate/Content/SM_MediaPlateScreen.ubulk" 699
"../../../Engine/Plugins/Media/MediaPlate/Content/SM_MediaPlateScreen.uasset" 700
"../../../Engine/Plugins/Media/MediaPlate/Content/SM_MediaPlateScreen.uexp" 701
"../../../Engine/Plugins/2D/Paper2D/Content/DefaultSpriteMaterial.uasset" 702
"../../../Engine/Plugins/2D/Paper2D/Content/DefaultSpriteMaterial.uexp" 703
"../../../Engine/Plugins/2D/Paper2D/Content/MaskedUnlitSpriteMaterial.uasset" 704
"../../../Engine/Plugins/2D/Paper2D/Content/MaskedUnlitSpriteMaterial.uexp" 705
"../../../Engine/Plugins/2D/Paper2D/Content/OpaqueUnlitSpriteMaterial.uasset" 706
"../../../Engine/Plugins/2D/Paper2D/Content/OpaqueUnlitSpriteMaterial.uexp" 707
"../../../Engine/Content/EngineResources/DefaultVolumeTexture2D.uasset" 708
"../../../Engine/Content/EngineResources/DefaultVolumeTexture2D.uexp" 709
"../../../Engine/Content/EngineResources/DefaultVolumeTexture.uasset" 710
"../../../Engine/Content/EngineResources/DefaultVolumeTexture.uexp" 711
"../../../Engine/Content/EngineResources/DefaultTextureCube.uasset" 712
"../../../Engine/Content/EngineResources/DefaultTextureCube.uexp" 713
"../../../Engine/Plugins/Interchange/Assets/Content/gltf/Textures/T_White_srgb.uasset" 714
"../../../Engine/Plugins/Interchange/Assets/Content/gltf/Textures/T_White_srgb.uexp" 715
"../../../Engine/Plugins/Interchange/Assets/Content/gltf/MaterialFunctions/MF_BaseColor.uasset" 716
"../../../Engine/Plugins/Interchange/Assets/Content/gltf/MaterialFunctions/MF_BaseColor.uexp" 717
"../../../Engine/Plugins/Interchange/Assets/Content/gltf/MaterialFunctions/MF_RotateV2.uasset" 718
"../../../Engine/Plugins/Interchange/Assets/Content/gltf/MaterialFunctions/MF_RotateV2.uexp" 719
"../../../Engine/Plugins/Interchange/Assets/Content/gltf/MaterialFunctions/MF_TransformUVs.uasset" 720
"../../../Engine/Plugins/Interchange/Assets/Content/gltf/MaterialFunctions/MF_TransformUVs.uexp" 721
"../../../Engine/Plugins/Interchange/Assets/Content/gltf/MaterialBodies/MF_Unlit_Body.uasset" 722
"../../../Engine/Plugins/Interchange/Assets/Content/gltf/MaterialBodies/MF_Unlit_Body.uexp" 723
"../../../Engine/Plugins/Interchange/Assets/Content/gltf/M_Unlit.uasset" 724
"../../../Engine/Plugins/Interchange/Assets/Content/gltf/M_Unlit.uexp" 725
"../../../Engine/Plugins/Interchange/Assets/Content/gltf/MaterialInstances/MI_Unlit_Opaque_DS.uasset" 726
"../../../Engine/Plugins/Interchange/Assets/Content/gltf/MaterialInstances/MI_Unlit_Opaque_DS.uexp" 727
"../../../Engine/Plugins/Interchange/Assets/Content/gltf/MaterialInstances/MI_Unlit_Opaque.uasset" 728
"../../../Engine/Plugins/Interchange/Assets/Content/gltf/MaterialInstances/MI_Unlit_Opaque.uexp" 729
"../../../Engine/Plugins/Interchange/Assets/Content/gltf/MaterialInstances/MI_Unlit_Mask_DS.uasset" 730
"../../../Engine/Plugins/Interchange/Assets/Content/gltf/MaterialInstances/MI_Unlit_Mask_DS.uexp" 731
"../../../Engine/Plugins/Interchange/Assets/Content/gltf/MaterialInstances/MI_Unlit_Mask.uasset" 732
"../../../Engine/Plugins/Interchange/Assets/Content/gltf/MaterialInstances/MI_Unlit_Mask.uexp" 733
"../../../Engine/Plugins/Interchange/Assets/Content/gltf/MaterialInstances/MI_Unlit_Blend_DS.uasset" 734
"../../../Engine/Plugins/Interchange/Assets/Content/gltf/MaterialInstances/MI_Unlit_Blend_DS.uexp" 735
"../../../Engine/Plugins/Interchange/Assets/Content/gltf/MaterialInstances/MI_Unlit_Blend.uasset" 736
"../../../Engine/Plugins/Interchange/Assets/Content/gltf/MaterialInstances/MI_Unlit_Blend.uexp" 737
"../../../Engine/Content/EngineMaterials/Good64x64TilingNoiseHighFreq.uasset" 738
"../../../Engine/Content/EngineMaterials/Good64x64TilingNoiseHighFreq.uexp" 739
"../../../Engine/Content/Functions/Engine_MaterialFunctions02/Texturing/ScreenAlignedPixelToPixelUVs.uasset" 740
"../../../Engine/Content/Functions/Engine_MaterialFunctions02/Texturing/ScreenAlignedPixelToPixelUVs.uexp" 741
"../../../Engine/Plugins/Interchange/Assets/Content/Utilities/New_LUT.uasset" 742
"../../../Engine/Plugins/Interchange/Assets/Content/Utilities/New_LUT.uexp" 743
"../../../Engine/Content/Functions/Engine_MaterialFunctions03/Math/RemapValueRange.uasset" 744
"../../../Engine/Content/Functions/Engine_MaterialFunctions03/Math/RemapValueRange.uexp" 745
"../../../Engine/Plugins/Interchange/Assets/Content/Functions/MF_Iridescence.uasset" 746
"../../../Engine/Plugins/Interchange/Assets/Content/Functions/MF_Iridescence.uexp" 747
"../../../Engine/Plugins/Interchange/Assets/Content/gltf/MaterialFunctions/MF_Fresnel_DS.uasset" 748
"../../../Engine/Plugins/Interchange/Assets/Content/gltf/MaterialFunctions/MF_Fresnel_DS.uexp" 749
"../../../Engine/Plugins/Interchange/Assets/Content/gltf/MaterialFunctions/MF_IOR.uasset" 750
"../../../Engine/Plugins/Interchange/Assets/Content/gltf/MaterialFunctions/MF_IOR.uexp" 751
"../../../Engine/Plugins/Interchange/Assets/Content/gltf/MaterialFunctions/MF_Iridescence.uasset" 752
"../../../Engine/Plugins/Interchange/Assets/Content/gltf/MaterialFunctions/MF_Iridescence.uexp" 753
"../../../Engine/Plugins/Interchange/Assets/Content/gltf/Textures/T_White_Linear.uasset" 754
"../../../Engine/Plugins/Interchange/Assets/Content/gltf/Textures/T_White_Linear.uexp" 755
"../../../Engine/Plugins/Interchange/Assets/Content/gltf/MaterialFunctions/MF_MetallicRoughness.uasset" 756
"../../../Engine/Plugins/Interchange/Assets/Content/gltf/MaterialFunctions/MF_MetallicRoughness.uexp" 757
"../../../Engine/Content/Functions/Engine_MaterialFunctions02/Math/Transform3x3Matrix.uasset" 758
"../../../Engine/Content/Functions/Engine_MaterialFunctions02/Math/Transform3x3Matrix.uexp" 759
"../../../Engine/Plugins/Interchange/Assets/Content/gltf/MaterialFunctions/MF_RotateNormals_TS.uasset" 760
"../../../Engine/Plugins/Interchange/Assets/Content/gltf/MaterialFunctions/MF_RotateNormals_TS.uexp" 761
"../../../Engine/Plugins/Interchange/Assets/Content/gltf/MaterialFunctions/MF_ScaleNormal.uasset" 762
"../../../Engine/Plugins/Interchange/Assets/Content/gltf/MaterialFunctions/MF_ScaleNormal.uexp" 763
"../../../Engine/Plugins/Interchange/Assets/Content/gltf/Textures/T_Generic_N.uasset" 764
"../../../Engine/Plugins/Interchange/Assets/Content/gltf/Textures/T_Generic_N.uexp" 765
"../../../Engine/Plugins/Interchange/Assets/Content/gltf/MaterialFunctions/MF_Normals.uasset" 766
"../../../Engine/Plugins/Interchange/Assets/Content/gltf/MaterialFunctions/MF_Normals.uexp" 767
"../../../Engine/Plugins/Interchange/Assets/Content/gltf/MaterialFunctions/MF_Occlusion.uasset" 768
"../../../Engine/Plugins/Interchange/Assets/Content/gltf/MaterialFunctions/MF_Occlusion.uexp" 769
"../../../Engine/Plugins/Interchange/Assets/Content/gltf/MaterialFunctions/MF_Specular.uasset" 770
"../../../Engine/Plugins/Interchange/Assets/Content/gltf/MaterialFunctions/MF_Specular.uexp" 771
"../../../Engine/Plugins/Interchange/Assets/Content/gltf/Textures/T_Anisotropy_Direction_Linear.uasset" 772
"../../../Engine/Plugins/Interchange/Assets/Content/gltf/Textures/T_Anisotropy_Direction_Linear.uexp" 773
"../../../Engine/Plugins/Interchange/Assets/Content/gltf/MaterialFunctions/MF_SpecularAnisotropy.uasset" 774
"../../../Engine/Plugins/Interchange/Assets/Content/gltf/MaterialFunctions/MF_SpecularAnisotropy.uexp" 775
"../../../Engine/Plugins/Interchange/Assets/Content/gltf/MaterialFunctions/MF_Temporal_Blur.uasset" 776
"../../../Engine/Plugins/Interchange/Assets/Content/gltf/MaterialFunctions/MF_Temporal_Blur.uexp" 777
"../../../Engine/Plugins/Interchange/Assets/Content/gltf/MaterialFunctions/MF_Transmission.uasset" 778
"../../../Engine/Plugins/Interchange/Assets/Content/gltf/MaterialFunctions/MF_Transmission.uexp" 779
"../../../Engine/Plugins/Interchange/Assets/Content/gltf/MaterialBodies/MF_Transmission_Body.uasset" 780
"../../../Engine/Plugins/Interchange/Assets/Content/gltf/MaterialBodies/MF_Transmission_Body.uexp" 781
"../../../Engine/Plugins/Interchange/Assets/Content/gltf/M_Transmission.uasset" 782
"../../../Engine/Plugins/Interchange/Assets/Content/gltf/M_Transmission.uexp" 783
"../../../Engine/Plugins/Interchange/Assets/Content/gltf/MaterialInstances/MI_Transmission_DS.uasset" 784
"../../../Engine/Plugins/Interchange/Assets/Content/gltf/MaterialInstances/MI_Transmission_DS.uexp" 785
"../../../Engine/Plugins/Interchange/Assets/Content/gltf/MaterialInstances/MI_Transmission.uasset" 786
"../../../Engine/Plugins/Interchange/Assets/Content/gltf/MaterialInstances/MI_Transmission.uexp" 787
"../../../Engine/Content/Functions/Engine_MaterialFunctions02/Math/AddComponents.uasset" 788
"../../../Engine/Content/Functions/Engine_MaterialFunctions02/Math/AddComponents.uexp" 789
"../../../Engine/Plugins/Interchange/Assets/Content/gltf/MaterialFunctions/MF_DiffuseSpecGloss.uasset" 790
"../../../Engine/Plugins/Interchange/Assets/Content/gltf/MaterialFunctions/MF_DiffuseSpecGloss.uexp" 791
"../../../Engine/Plugins/Interchange/Assets/Content/gltf/MaterialFunctions/MF_Emissive.uasset" 792
"../../../Engine/Plugins/Interchange/Assets/Content/gltf/MaterialFunctions/MF_Emissive.uexp" 793
"../../../Engine/Plugins/Interchange/Assets/Content/gltf/MaterialFunctions/MF_MaxComponentValue.uasset" 794
"../../../Engine/Plugins/Interchange/Assets/Content/gltf/MaterialFunctions/MF_MaxComponentValue.uexp" 795
"../../../Engine/Plugins/Interchange/Assets/Content/gltf/MaterialFunctions/MF_PerceivedBrightness.uasset" 796
"../../../Engine/Plugins/Interchange/Assets/Content/gltf/MaterialFunctions/MF_PerceivedBrightness.uexp" 797
"../../../Engine/Plugins/Interchange/Assets/Content/gltf/MaterialFunctions/MF_SpecGlossToMetalRoughness.uasset" 798
"../../../Engine/Plugins/Interchange/Assets/Content/gltf/MaterialFunctions/MF_SpecGlossToMetalRoughness.uexp" 799
"../../../Engine/Plugins/Interchange/Assets/Content/gltf/MaterialBodies/MF_SpecularGlossiness_Body.uasset" 800
"../../../Engine/Plugins/Interchange/Assets/Content/gltf/MaterialBodies/MF_SpecularGlossiness_Body.uexp" 801
"../../../Engine/Plugins/Interchange/Assets/Content/gltf/M_SpecularGlossiness.uasset" 802
"../../../Engine/Plugins/Interchange/Assets/Content/gltf/M_SpecularGlossiness.uexp" 803
"../../../Engine/Plugins/Interchange/Assets/Content/gltf/MaterialInstances/MI_SpecularGlossiness_Opaque_DS.uasset" 804
"../../../Engine/Plugins/Interchange/Assets/Content/gltf/MaterialInstances/MI_SpecularGlossiness_Opaque_DS.uexp" 805
"../../../Engine/Plugins/Interchange/Assets/Content/gltf/MaterialInstances/MI_SpecularGlossiness_Opaque.uasset" 806
"../../../Engine/Plugins/Interchange/Assets/Content/gltf/MaterialInstances/MI_SpecularGlossiness_Opaque.uexp" 807
"../../../Engine/Plugins/Interchange/Assets/Content/gltf/MaterialInstances/MI_SpecularGlossiness_Mask_DS.uasset" 808
"../../../Engine/Plugins/Interchange/Assets/Content/gltf/MaterialInstances/MI_SpecularGlossiness_Mask_DS.uexp" 809
"../../../Engine/Plugins/Interchange/Assets/Content/gltf/MaterialInstances/MI_SpecularGlossiness_Mask.uasset" 810
"../../../Engine/Plugins/Interchange/Assets/Content/gltf/MaterialInstances/MI_SpecularGlossiness_Mask.uexp" 811
"../../../Engine/Plugins/Interchange/Assets/Content/gltf/MaterialInstances/MI_SpecularGlossiness_Blend_DS.uasset" 812
"../../../Engine/Plugins/Interchange/Assets/Content/gltf/MaterialInstances/MI_SpecularGlossiness_Blend_DS.uexp" 813
"../../../Engine/Plugins/Interchange/Assets/Content/gltf/MaterialInstances/MI_SpecularGlossiness_Blend.uasset" 814
"../../../Engine/Plugins/Interchange/Assets/Content/gltf/MaterialInstances/MI_SpecularGlossiness_Blend.uexp" 815
"../../../Engine/Plugins/Interchange/Assets/Content/gltf/MaterialFunctions/MF_Sheen.uasset" 816
"../../../Engine/Plugins/Interchange/Assets/Content/gltf/MaterialFunctions/MF_Sheen.uexp" 817
"../../../Engine/Plugins/Interchange/Assets/Content/gltf/MaterialBodies/MF_Sheen_Body.uasset" 818
"../../../Engine/Plugins/Interchange/Assets/Content/gltf/MaterialBodies/MF_Sheen_Body.uexp" 819
"../../../Engine/Plugins/Interchange/Assets/Content/gltf/M_Sheen.uasset" 820
"../../../Engine/Plugins/Interchange/Assets/Content/gltf/M_Sheen.uexp" 821
"../../../Engine/Plugins/Interchange/Assets/Content/gltf/MaterialInstances/MI_Sheen_Opaque_DS.uasset" 822
"../../../Engine/Plugins/Interchange/Assets/Content/gltf/MaterialInstances/MI_Sheen_Opaque_DS.uexp" 823
"../../../Engine/Plugins/Interchange/Assets/Content/gltf/MaterialInstances/MI_Sheen_Opaque.uasset" 824
"../../../Engine/Plugins/Interchange/Assets/Content/gltf/MaterialInstances/MI_Sheen_Opaque.uexp" 825
"../../../Engine/Plugins/Interchange/Assets/Content/gltf/MaterialInstances/MI_Sheen_Mask_DS.uasset" 826
"../../../Engine/Plugins/Interchange/Assets/Content/gltf/MaterialInstances/MI_Sheen_Mask_DS.uexp" 827
"../../../Engine/Plugins/Interchange/Assets/Content/gltf/MaterialInstances/MI_Sheen_Mask.uasset" 828
"../../../Engine/Plugins/Interchange/Assets/Content/gltf/MaterialInstances/MI_Sheen_Mask.uexp" 829
"../../../Engine/Plugins/Interchange/Assets/Content/gltf/MaterialInstances/MI_Sheen_Blend_DS.uasset" 830
"../../../Engine/Plugins/Interchange/Assets/Content/gltf/MaterialInstances/MI_Sheen_Blend_DS.uexp" 831
"../../../Engine/Plugins/Interchange/Assets/Content/gltf/MaterialInstances/MI_Sheen_Blend.uasset" 832
"../../../Engine/Plugins/Interchange/Assets/Content/gltf/MaterialInstances/MI_Sheen_Blend.uexp" 833
"../../../Engine/Plugins/Interchange/Assets/Content/gltf/MaterialBodies/MF_Default_Body.uasset" 834
"../../../Engine/Plugins/Interchange/Assets/Content/gltf/MaterialBodies/MF_Default_Body.uexp" 835
"../../../Engine/Plugins/Interchange/Assets/Content/gltf/M_Default.uasset" 836
"../../../Engine/Plugins/Interchange/Assets/Content/gltf/M_Default.uexp" 837
"../../../Engine/Plugins/Interchange/Assets/Content/gltf/MaterialInstances/MI_Default_Opaque_DS.uasset" 838
"../../../Engine/Plugins/Interchange/Assets/Content/gltf/MaterialInstances/MI_Default_Opaque_DS.uexp" 839
"../../../Engine/Plugins/Interchange/Assets/Content/gltf/MaterialInstances/MI_Default_Opaque.uasset" 840
"../../../Engine/Plugins/Interchange/Assets/Content/gltf/MaterialInstances/MI_Default_Opaque.uexp" 841
"../../../Engine/Plugins/Interchange/Assets/Content/gltf/MaterialInstances/MI_Default_Mask_DS.uasset" 842
"../../../Engine/Plugins/Interchange/Assets/Content/gltf/MaterialInstances/MI_Default_Mask_DS.uexp" 843
"../../../Engine/Plugins/Interchange/Assets/Content/gltf/MaterialInstances/MI_Default_Mask.uasset" 844
"../../../Engine/Plugins/Interchange/Assets/Content/gltf/MaterialInstances/MI_Default_Mask.uexp" 845
"../../../Engine/Plugins/Interchange/Assets/Content/gltf/MaterialInstances/MI_Default_Blend_DS.uasset" 846
"../../../Engine/Plugins/Interchange/Assets/Content/gltf/MaterialInstances/MI_Default_Blend_DS.uexp" 847
"../../../Engine/Plugins/Interchange/Assets/Content/gltf/MaterialInstances/MI_Default_Blend.uasset" 848
"../../../Engine/Plugins/Interchange/Assets/Content/gltf/MaterialInstances/MI_Default_Blend.uexp" 849
"../../../Engine/Content/Functions/Engine_MaterialFunctions01/Texturing/FlattenNormal.uasset" 850
"../../../Engine/Content/Functions/Engine_MaterialFunctions01/Texturing/FlattenNormal.uexp" 851
"../../../Engine/Plugins/Interchange/Assets/Content/gltf/MaterialFunctions/MF_Clearcoat.uasset" 852
"../../../Engine/Plugins/Interchange/Assets/Content/gltf/MaterialFunctions/MF_Clearcoat.uexp" 853
"../../../Engine/Plugins/Interchange/Assets/Content/gltf/MaterialBodies/MF_ClearCoat_Body.uasset" 854
"../../../Engine/Plugins/Interchange/Assets/Content/gltf/MaterialBodies/MF_ClearCoat_Body.uexp" 855
"../../../Engine/Plugins/Interchange/Assets/Content/gltf/M_ClearCoat.uasset" 856
"../../../Engine/Plugins/Interchange/Assets/Content/gltf/M_ClearCoat.uexp" 857
"../../../Engine/Plugins/Interchange/Assets/Content/gltf/MaterialInstances/MI_ClearCoat_Opaque_DS.uasset" 858
"../../../Engine/Plugins/Interchange/Assets/Content/gltf/MaterialInstances/MI_ClearCoat_Opaque_DS.uexp" 859
"../../../Engine/Plugins/Interchange/Assets/Content/gltf/MaterialInstances/MI_ClearCoat_Opaque.uasset" 860
"../../../Engine/Plugins/Interchange/Assets/Content/gltf/MaterialInstances/MI_ClearCoat_Opaque.uexp" 861
"../../../Engine/Plugins/Interchange/Assets/Content/gltf/MaterialInstances/MI_ClearCoat_Mask_DS.uasset" 862
"../../../Engine/Plugins/Interchange/Assets/Content/gltf/MaterialInstances/MI_ClearCoat_Mask_DS.uexp" 863
"../../../Engine/Plugins/Interchange/Assets/Content/gltf/MaterialInstances/MI_ClearCoat_Mask.uasset" 864
"../../../Engine/Plugins/Interchange/Assets/Content/gltf/MaterialInstances/MI_ClearCoat_Mask.uexp" 865
"../../../Engine/Plugins/Interchange/Assets/Content/gltf/MaterialInstances/MI_ClearCoat_Blend_DS.uasset" 866
"../../../Engine/Plugins/Interchange/Assets/Content/gltf/MaterialInstances/MI_ClearCoat_Blend_DS.uexp" 867
"../../../Engine/Plugins/Interchange/Assets/Content/gltf/MaterialInstances/MI_ClearCoat_Blend.uasset" 868
"../../../Engine/Plugins/Interchange/Assets/Content/gltf/MaterialInstances/MI_ClearCoat_Blend.uexp" 869
"../../../Engine/Content/EngineMaterials/Substrate/Volume/SubstrateSimpleVolumeLUT3D.uasset" 870
"../../../Engine/Content/EngineMaterials/Substrate/Volume/SubstrateSimpleVolumeLUT3D.uexp" 871
"../../../Engine/Content/EngineMaterials/Substrate/Volume/SubstrateSimpleVolumeEnvLUT3D.uasset" 872
"../../../Engine/Content/EngineMaterials/Substrate/Volume/SubstrateSimpleVolumeEnvLUT3D.uexp" 873
"../../../Engine/Content/VREditor/Sounds/UI/Drop_Item_From_ContentBrowser.ubulk" 874
"../../../Engine/Content/VREditor/Sounds/UI/Drop_Item_From_ContentBrowser.uasset" 875
"../../../Engine/Content/VREditor/Sounds/UI/Drop_Item_From_ContentBrowser.uexp" 876
"../../../Engine/Content/VREditor/TransformGizmo/TransformGizmoMaterial_Inst.uasset" 877
"../../../Engine/Content/VREditor/TransformGizmo/TransformGizmoMaterial_Inst.uexp" 878
"../../../Engine/Content/VREditor/TransformGizmo/TranslucentTransformGizmoMaterial_Inst.uasset" 879
"../../../Engine/Content/VREditor/TransformGizmo/TranslucentTransformGizmoMaterial_Inst.uexp" 880
"../../../Engine/Content/Functions/Engine_MaterialFunctions02/SplitComponents.uasset" 881
"../../../Engine/Content/Functions/Engine_MaterialFunctions02/SplitComponents.uexp" 882
"../../../Engine/Content/VREditor/SnapGrid/SnapGridMaterial.uasset" 883
"../../../Engine/Content/VREditor/SnapGrid/SnapGridMaterial.uexp" 884
"../../../Engine/Content/VREditor/SnapGrid/SnapGridPlaneMesh.ubulk" 885
"../../../Engine/Content/VREditor/SnapGrid/SnapGridPlaneMesh.uasset" 886
"../../../Engine/Content/VREditor/SnapGrid/SnapGridPlaneMesh.uexp" 887
"../../../Engine/Content/VREditor/Sounds/UI/Gizmo_Handle_Clicked.ubulk" 888
"../../../Engine/Content/VREditor/Sounds/UI/Gizmo_Handle_Clicked.uasset" 889
"../../../Engine/Content/VREditor/Sounds/UI/Gizmo_Handle_Clicked.uexp" 890
"../../../Engine/Content/VREditor/Sounds/UI/Object_PickUp.ubulk" 891
"../../../Engine/Content/VREditor/Sounds/UI/Object_PickUp.uasset" 892
"../../../Engine/Content/VREditor/Sounds/UI/Object_PickUp.uexp" 893
"../../../Engine/Content/VREditor/Sounds/UI/Object_Snaps_To_Another_Actor.ubulk" 894
"../../../Engine/Content/VREditor/Sounds/UI/Object_Snaps_To_Another_Actor.uasset" 895
"../../../Engine/Content/VREditor/Sounds/UI/Object_Snaps_To_Another_Actor.uexp" 896
"../../../Engine/Content/VREditor/Sounds/UI/Object_Snaps_To_Grid.ubulk" 897
"../../../Engine/Content/VREditor/Sounds/UI/Object_Snaps_To_Grid.uasset" 898
"../../../Engine/Content/VREditor/Sounds/UI/Object_Snaps_To_Grid.uexp" 899
"../../../Engine/Content/VREditor/Sounds/UI/Scaling_Down.ubulk" 900
"../../../Engine/Content/VREditor/Sounds/UI/Scaling_Down.uasset" 901
"../../../Engine/Content/VREditor/Sounds/UI/Scaling_Down.uexp" 902
"../../../Engine/Content/VREditor/Sounds/UI/Scaling_Up.ubulk" 903
"../../../Engine/Content/VREditor/Sounds/UI/Scaling_Up.uasset" 904
"../../../Engine/Content/VREditor/Sounds/UI/Scaling_Up.uexp" 905
"../../../Engine/Content/VREditor/Sounds/UI/Selection_Changes.ubulk" 906
"../../../Engine/Content/VREditor/Sounds/UI/Selection_Changes.uasset" 907
"../../../Engine/Content/VREditor/Sounds/UI/Selection_Changes.uexp" 908
"../../../Engine/Content/VREditor/TransformGizmo/PlaneTranslationHandle.ubulk" 909
"../../../Engine/Content/VREditor/TransformGizmo/PlaneTranslationHandle.uasset" 910
"../../../Engine/Content/VREditor/TransformGizmo/PlaneTranslationHandle.uexp" 911
"../../../Engine/Content/VREditor/TransformGizmo/RotationHandleFull.ubulk" 912
"../../../Engine/Content/VREditor/TransformGizmo/RotationHandleFull.uasset" 913
"../../../Engine/Content/VREditor/TransformGizmo/RotationHandleFull.uexp" 914
"../../../Engine/Content/VREditor/TransformGizmo/RotationHandleIndicator.ubulk" 915
"../../../Engine/Content/VREditor/TransformGizmo/RotationHandleIndicator.uasset" 916
"../../../Engine/Content/VREditor/TransformGizmo/RotationHandleIndicator.uexp" 917
"../../../Engine/Content/VREditor/TransformGizmo/RotationHandleQuarter.ubulk" 918
"../../../Engine/Content/VREditor/TransformGizmo/RotationHandleQuarter.uasset" 919
"../../../Engine/Content/VREditor/TransformGizmo/RotationHandleQuarter.uexp" 920
"../../../Engine/Content/VREditor/TransformGizmo/StartRotationHandleIndicator.ubulk" 921
"../../../Engine/Content/VREditor/TransformGizmo/StartRotationHandleIndicator.uasset" 922
"../../../Engine/Content/VREditor/TransformGizmo/StartRotationHandleIndicator.uexp" 923
"../../../Engine/Content/VREditor/TransformGizmo/TransformGizmoFreeRotation.ubulk" 924
"../../../Engine/Content/VREditor/TransformGizmo/TransformGizmoFreeRotation.uasset" 925
"../../../Engine/Content/VREditor/TransformGizmo/TransformGizmoFreeRotation.uexp" 926
"../../../Engine/Content/VREditor/TransformGizmo/TranslateArrowHandle.ubulk" 927
"../../../Engine/Content/VREditor/TransformGizmo/TranslateArrowHandle.uasset" 928
"../../../Engine/Content/VREditor/TransformGizmo/TranslateArrowHandle.uexp" 929
"../../../Engine/Content/VREditor/TransformGizmo/UniformScaleHandle.ubulk" 930
"../../../Engine/Content/VREditor/TransformGizmo/UniformScaleHandle.uasset" 931
"../../../Engine/Content/VREditor/TransformGizmo/UniformScaleHandle.uexp" 932
"../../../Engine/Plugins/Animation/DeformerGraph/Content/DeformerFunctions/DG_Function_LinearBlendSkin_Morph_Cloth.uasset" 933
"../../../Engine/Plugins/Animation/DeformerGraph/Content/DeformerFunctions/DG_Function_LinearBlendSkin_Morph_Cloth.uexp" 934
"../../../Engine/Plugins/Animation/DeformerGraph/Content/Deformers/DG_LinearBlendSkin_Morph_Cloth.uasset" 935
"../../../Engine/Plugins/Animation/DeformerGraph/Content/Deformers/DG_LinearBlendSkin_Morph_Cloth.uexp" 936
"../../../Engine/Plugins/Animation/DeformerGraph/Content/DeformerFunctions/DG_Function_LinearBlendSkin_Morph_Cloth_PositionOnly.uasset" 937
"../../../Engine/Plugins/Animation/DeformerGraph/Content/DeformerFunctions/DG_Function_LinearBlendSkin_Morph_Cloth_PositionOnly.uexp" 938
"../../../Engine/Plugins/Animation/DeformerGraph/Content/DeformerFunctions/DG_Function_ComputeNormalsTangents.uasset" 939
"../../../Engine/Plugins/Animation/DeformerGraph/Content/DeformerFunctions/DG_Function_ComputeNormalsTangents.uexp" 940
"../../../Engine/Plugins/Animation/DeformerGraph/Content/Deformers/DG_LinearBlendSkin_Morph_Cloth_RecomputeNormals.uasset" 941
"../../../Engine/Plugins/Animation/DeformerGraph/Content/Deformers/DG_LinearBlendSkin_Morph_Cloth_RecomputeNormals.uexp" 942
"../../../Engine/Content/EngineResources/LandscapeVisibilityLayerInfo.uasset" 943
"../../../Engine/Content/EngineResources/LandscapeVisibilityLayerInfo.uexp" 944
"../../../Engine/Plugins/NNE/NNEDenoiser/Content/NNEDT_Oidn2-3_Balanced.uasset" 945
"../../../Engine/Plugins/NNE/NNEDenoiser/Content/NNEDT_Oidn2-3_Balanced.uexp" 946
"../../../Engine/Plugins/NNE/NNEDenoiser/Content/NNEDT_Oidn2-3_Balanced_Alpha.uasset" 947
"../../../Engine/Plugins/NNE/NNEDenoiser/Content/NNEDT_Oidn2-3_Balanced_Alpha.uexp" 948
"../../../Engine/Plugins/NNE/NNEDenoiser/Content/NNED_Oidn2-3_Balanced.uasset" 949
"../../../Engine/Plugins/NNE/NNEDenoiser/Content/NNED_Oidn2-3_Balanced.uexp" 950
"../../../Engine/Plugins/NNE/NNEDenoiser/Content/NNED_Oidn2-3_Balanced_Alpha.uasset" 951
"../../../Engine/Plugins/NNE/NNEDenoiser/Content/NNED_Oidn2-3_Balanced_Alpha.uexp" 952
"../../../Engine/Plugins/NNE/NNEDenoiser/Content/NNED_Oidn2-3_Fast.uasset" 953
"../../../Engine/Plugins/NNE/NNEDenoiser/Content/NNED_Oidn2-3_Fast.uexp" 954
"../../../Engine/Plugins/NNE/NNEDenoiser/Content/NNED_Oidn2-3_Fast_Alpha.uasset" 955
"../../../Engine/Plugins/NNE/NNEDenoiser/Content/NNED_Oidn2-3_Fast_Alpha.uexp" 956
"../../../Engine/Plugins/NNE/NNEDenoiser/Content/NNED_Oidn2-3_HighQuality.uasset" 957
"../../../Engine/Plugins/NNE/NNEDenoiser/Content/NNED_Oidn2-3_HighQuality.uexp" 958
"../../../Engine/Plugins/NNE/NNEDenoiser/Content/NNED_Oidn2-3_HighQuality_Alpha.uasset" 959
"../../../Engine/Plugins/NNE/NNEDenoiser/Content/NNED_Oidn2-3_HighQuality_Alpha.uexp" 960
"../../../Engine/Plugins/NNE/NNEDenoiser/Content/NNE_oidn2-3-0_rt_hdr_alb_nrm_small__dyn__fp16_opset11_DenoiseAlpha.uasset" 961
"../../../Engine/Plugins/NNE/NNEDenoiser/Content/NNE_oidn2-3-0_rt_hdr_alb_nrm_small__dyn__fp16_opset11_DenoiseAlpha.uexp" 962
"../../../Engine/Plugins/NNE/NNEDenoiser/Content/NNE_oidn2-3-0_rt_hdr_alb_nrm_small__dyn__fp16_opset11_ForwardAlpha.uasset" 963
"../../../Engine/Plugins/NNE/NNEDenoiser/Content/NNE_oidn2-3-0_rt_hdr_alb_nrm_small__dyn__fp16_opset11_ForwardAlpha.uexp" 964
"../../../Engine/Plugins/NNE/NNEDenoiser/Content/NNE_oidn2-3-0_rt_hdr_alb_nrm__dyn__fp16_opset11_DenoiseAlpha.uasset" 965
"../../../Engine/Plugins/NNE/NNEDenoiser/Content/NNE_oidn2-3-0_rt_hdr_alb_nrm__dyn__fp16_opset11_DenoiseAlpha.uexp" 966
"../../../Engine/Plugins/NNE/NNEDenoiser/Content/NNE_oidn2-3-0_rt_hdr_alb_nrm__dyn__fp16_opset11_ForwardAlpha.uasset" 967
"../../../Engine/Plugins/NNE/NNEDenoiser/Content/NNE_oidn2-3-0_rt_hdr_alb_nrm__dyn__fp16_opset11_ForwardAlpha.uexp" 968
"../../../Engine/Plugins/NNE/NNEDenoiser/Content/NNE_oidn2-3-0_rt_hdr_calb_cnrm_large__dyn__fp16_opset11_DenoiseAlpha.uasset" 969
"../../../Engine/Plugins/NNE/NNEDenoiser/Content/NNE_oidn2-3-0_rt_hdr_calb_cnrm_large__dyn__fp16_opset11_DenoiseAlpha.uexp" 970
"../../../Engine/Plugins/NNE/NNEDenoiser/Content/NNE_oidn2-3-0_rt_hdr_calb_cnrm_large__dyn__fp16_opset11_ForwardAlpha.uasset" 971
"../../../Engine/Plugins/NNE/NNEDenoiser/Content/NNE_oidn2-3-0_rt_hdr_calb_cnrm_large__dyn__fp16_opset11_ForwardAlpha.uexp" 972
"../../../Engine/Content/Maps/Entry_BuiltData.uasset" 973
"../../../Engine/Content/Maps/Entry_BuiltData.uexp" 974
"../../../Engine/Content/Maps/Entry.uexp" 975
"../../../Engine/Content/Maps/Entry.umap" 976
"C:/Users/cerve/OneDrive/Documenti/Desktop/Tirocinio/TirocinioBadViceGames/Tirocinio_Giuseppe/Content/Blueprints/Singletons/GM_MainMenu.uasset" 977
"C:/Users/cerve/OneDrive/Documenti/Desktop/Tirocinio/TirocinioBadViceGames/Tirocinio_Giuseppe/Content/Blueprints/Singletons/GM_MainMenu.uexp" 978
"C:/Users/cerve/OneDrive/Documenti/Desktop/Tirocinio/TirocinioBadViceGames/Tirocinio_Giuseppe/Content/Images/MainMenu_Background.uasset" 979
"C:/Users/cerve/OneDrive/Documenti/Desktop/Tirocinio/TirocinioBadViceGames/Tirocinio_Giuseppe/Content/Images/MainMenu_Background.uexp" 980
"C:/Users/cerve/OneDrive/Documenti/Desktop/Tirocinio/TirocinioBadViceGames/Tirocinio_Giuseppe/Content/Blueprints/Objects/BP_LightingComponent.uasset" 981
"C:/Users/cerve/OneDrive/Documenti/Desktop/Tirocinio/TirocinioBadViceGames/Tirocinio_Giuseppe/Content/Blueprints/Objects/BP_LightingComponent.uexp" 982
"C:/Users/cerve/OneDrive/Documenti/Desktop/Tirocinio/TirocinioBadViceGames/Tirocinio_Giuseppe/Content/Blueprints/Audio/SC_Music.uasset" 983
"C:/Users/cerve/OneDrive/Documenti/Desktop/Tirocinio/TirocinioBadViceGames/Tirocinio_Giuseppe/Content/Blueprints/Audio/SC_Music.uexp" 984
"C:/Users/cerve/OneDrive/Documenti/Desktop/Tirocinio/TirocinioBadViceGames/Tirocinio_Giuseppe/Content/Blueprints/Audio/SC_General.uasset" 985
"C:/Users/cerve/OneDrive/Documenti/Desktop/Tirocinio/TirocinioBadViceGames/Tirocinio_Giuseppe/Content/Blueprints/Audio/SC_General.uexp" 986
"C:/Users/cerve/OneDrive/Documenti/Desktop/Tirocinio/TirocinioBadViceGames/Tirocinio_Giuseppe/Content/Blueprints/Audio/SC_Effects.uasset" 987
"C:/Users/cerve/OneDrive/Documenti/Desktop/Tirocinio/TirocinioBadViceGames/Tirocinio_Giuseppe/Content/Blueprints/Audio/SC_Effects.uexp" 988
"C:/Users/cerve/OneDrive/Documenti/Desktop/Tirocinio/TirocinioBadViceGames/Tirocinio_Giuseppe/Content/Sounds/FileWav/Door/IncineratorDoorOpening_Sound.ubulk" 989
"C:/Users/cerve/OneDrive/Documenti/Desktop/Tirocinio/TirocinioBadViceGames/Tirocinio_Giuseppe/Content/Sounds/FileWav/Door/IncineratorDoorOpening_Sound.uasset" 990
"C:/Users/cerve/OneDrive/Documenti/Desktop/Tirocinio/TirocinioBadViceGames/Tirocinio_Giuseppe/Content/Sounds/FileWav/Door/IncineratorDoorOpening_Sound.uexp" 991
"C:/Users/cerve/OneDrive/Documenti/Desktop/Tirocinio/TirocinioBadViceGames/Tirocinio_Giuseppe/Content/Sounds/SoundCue/IncineratorDoorOpening_SC.uasset" 992
"C:/Users/cerve/OneDrive/Documenti/Desktop/Tirocinio/TirocinioBadViceGames/Tirocinio_Giuseppe/Content/Sounds/SoundCue/IncineratorDoorOpening_SC.uexp" 993
"C:/Users/cerve/OneDrive/Documenti/Desktop/Tirocinio/TirocinioBadViceGames/Tirocinio_Giuseppe/Content/Sounds/FileWav/Door/IncineratorDoorClosing_Sound.ubulk" 994
"C:/Users/cerve/OneDrive/Documenti/Desktop/Tirocinio/TirocinioBadViceGames/Tirocinio_Giuseppe/Content/Sounds/FileWav/Door/IncineratorDoorClosing_Sound.uasset" 995
"C:/Users/cerve/OneDrive/Documenti/Desktop/Tirocinio/TirocinioBadViceGames/Tirocinio_Giuseppe/Content/Sounds/FileWav/Door/IncineratorDoorClosing_Sound.uexp" 996
"C:/Users/cerve/OneDrive/Documenti/Desktop/Tirocinio/TirocinioBadViceGames/Tirocinio_Giuseppe/Content/Sounds/SoundCue/IncineratorDoorClosing_SC.uasset" 997
"C:/Users/cerve/OneDrive/Documenti/Desktop/Tirocinio/TirocinioBadViceGames/Tirocinio_Giuseppe/Content/Sounds/SoundCue/IncineratorDoorClosing_SC.uexp" 998
"C:/Users/cerve/OneDrive/Documenti/Desktop/Tirocinio/TirocinioBadViceGames/Tirocinio_Giuseppe/Content/Sounds/FileWav/Fire_Sound.ubulk" 999
"C:/Users/cerve/OneDrive/Documenti/Desktop/Tirocinio/TirocinioBadViceGames/Tirocinio_Giuseppe/Content/Sounds/FileWav/Fire_Sound.uasset" 1000
"C:/Users/cerve/OneDrive/Documenti/Desktop/Tirocinio/TirocinioBadViceGames/Tirocinio_Giuseppe/Content/Sounds/FileWav/Fire_Sound.uexp" 1001
"C:/Users/cerve/OneDrive/Documenti/Desktop/Tirocinio/TirocinioBadViceGames/Tirocinio_Giuseppe/Content/Sounds/SoundCue/Fire_SC.uasset" 1002
"C:/Users/cerve/OneDrive/Documenti/Desktop/Tirocinio/TirocinioBadViceGames/Tirocinio_Giuseppe/Content/Sounds/SoundCue/Fire_SC.uexp" 1003
"C:/Users/cerve/OneDrive/Documenti/Desktop/Tirocinio/TirocinioBadViceGames/Tirocinio_Giuseppe/Content/Blueprints/Enums/CleaningToolType.uasset" 1004
"C:/Users/cerve/OneDrive/Documenti/Desktop/Tirocinio/TirocinioBadViceGames/Tirocinio_Giuseppe/Content/Blueprints/Enums/CleaningToolType.uexp" 1005
"C:/Users/cerve/OneDrive/Documenti/Desktop/Tirocinio/TirocinioBadViceGames/Tirocinio_Giuseppe/Content/Blueprints/Interfaces/BPI_Interarct.uasset" 1006
"C:/Users/cerve/OneDrive/Documenti/Desktop/Tirocinio/TirocinioBadViceGames/Tirocinio_Giuseppe/Content/Blueprints/Interfaces/BPI_Interarct.uexp" 1007
"C:/Users/cerve/OneDrive/Documenti/Desktop/Tirocinio/TirocinioBadViceGames/Tirocinio_Giuseppe/Content/Blueprints/Objects/BP_InteractableObject.uasset" 1008
"C:/Users/cerve/OneDrive/Documenti/Desktop/Tirocinio/TirocinioBadViceGames/Tirocinio_Giuseppe/Content/Blueprints/Objects/BP_InteractableObject.uexp" 1009
"C:/Users/cerve/OneDrive/Documenti/Desktop/Tirocinio/TirocinioBadViceGames/Tirocinio_Giuseppe/Content/Blueprints/Interfaces/BPI_CleaningTool.uasset" 1010
"C:/Users/cerve/OneDrive/Documenti/Desktop/Tirocinio/TirocinioBadViceGames/Tirocinio_Giuseppe/Content/Blueprints/Interfaces/BPI_CleaningTool.uexp" 1011
"C:/Users/cerve/OneDrive/Documenti/Desktop/Tirocinio/TirocinioBadViceGames/Tirocinio_Giuseppe/Content/Blueprints/Interfaces/BPI_Incinerator.uasset" 1012
"C:/Users/cerve/OneDrive/Documenti/Desktop/Tirocinio/TirocinioBadViceGames/Tirocinio_Giuseppe/Content/Blueprints/Interfaces/BPI_Incinerator.uexp" 1013
"C:/Users/cerve/OneDrive/Documenti/Desktop/Tirocinio/TirocinioBadViceGames/Tirocinio_Giuseppe/Content/Images/yellow.uasset" 1014
"C:/Users/cerve/OneDrive/Documenti/Desktop/Tirocinio/TirocinioBadViceGames/Tirocinio_Giuseppe/Content/Images/yellow.uexp" 1015
"C:/Users/cerve/OneDrive/Documenti/Desktop/Tirocinio/TirocinioBadViceGames/Tirocinio_Giuseppe/Content/Environment/Objects/Room_Sink_001/T_Room_Sink_001_AO.ubulk" 1016
"C:/Users/cerve/OneDrive/Documenti/Desktop/Tirocinio/TirocinioBadViceGames/Tirocinio_Giuseppe/Content/Environment/Objects/Room_Sink_001/T_Room_Sink_001_AO.uasset" 1017
"C:/Users/cerve/OneDrive/Documenti/Desktop/Tirocinio/TirocinioBadViceGames/Tirocinio_Giuseppe/Content/Environment/Objects/Room_Sink_001/T_Room_Sink_001_AO.uexp" 1018
"C:/Users/cerve/OneDrive/Documenti/Desktop/Tirocinio/TirocinioBadViceGames/Tirocinio_Giuseppe/Content/Environment/Objects/Room_Sink_001/T_Room_Sink_001_BC.ubulk" 1019
"C:/Users/cerve/OneDrive/Documenti/Desktop/Tirocinio/TirocinioBadViceGames/Tirocinio_Giuseppe/Content/Environment/Objects/Room_Sink_001/T_Room_Sink_001_BC.uasset" 1020
"C:/Users/cerve/OneDrive/Documenti/Desktop/Tirocinio/TirocinioBadViceGames/Tirocinio_Giuseppe/Content/Environment/Objects/Room_Sink_001/T_Room_Sink_001_BC.uexp" 1021
"C:/Users/cerve/OneDrive/Documenti/Desktop/Tirocinio/TirocinioBadViceGames/Tirocinio_Giuseppe/Content/Environment/Objects/Room_Sink_001/T_Room_Sink_001_M.ubulk" 1022
"C:/Users/cerve/OneDrive/Documenti/Desktop/Tirocinio/TirocinioBadViceGames/Tirocinio_Giuseppe/Content/Environment/Objects/Room_Sink_001/T_Room_Sink_001_M.uasset" 1023
"C:/Users/cerve/OneDrive/Documenti/Desktop/Tirocinio/TirocinioBadViceGames/Tirocinio_Giuseppe/Content/Environment/Objects/Room_Sink_001/T_Room_Sink_001_M.uexp" 1024
"C:/Users/cerve/OneDrive/Documenti/Desktop/Tirocinio/TirocinioBadViceGames/Tirocinio_Giuseppe/Content/Environment/Objects/Room_Sink_001/T_Room_Sink_001_N.ubulk" 1025
"C:/Users/cerve/OneDrive/Documenti/Desktop/Tirocinio/TirocinioBadViceGames/Tirocinio_Giuseppe/Content/Environment/Objects/Room_Sink_001/T_Room_Sink_001_N.uasset" 1026
"C:/Users/cerve/OneDrive/Documenti/Desktop/Tirocinio/TirocinioBadViceGames/Tirocinio_Giuseppe/Content/Environment/Objects/Room_Sink_001/T_Room_Sink_001_N.uexp" 1027
"C:/Users/cerve/OneDrive/Documenti/Desktop/Tirocinio/TirocinioBadViceGames/Tirocinio_Giuseppe/Content/Environment/Objects/Room_Sink_001/T_Room_Sink_001_R.ubulk" 1028
"C:/Users/cerve/OneDrive/Documenti/Desktop/Tirocinio/TirocinioBadViceGames/Tirocinio_Giuseppe/Content/Environment/Objects/Room_Sink_001/T_Room_Sink_001_R.uasset" 1029
"C:/Users/cerve/OneDrive/Documenti/Desktop/Tirocinio/TirocinioBadViceGames/Tirocinio_Giuseppe/Content/Environment/Objects/Room_Sink_001/T_Room_Sink_001_R.uexp" 1030
"C:/Users/cerve/OneDrive/Documenti/Desktop/Tirocinio/TirocinioBadViceGames/Tirocinio_Giuseppe/Content/Materials/MM_OpaqueEnvironment.uasset" 1031
"C:/Users/cerve/OneDrive/Documenti/Desktop/Tirocinio/TirocinioBadViceGames/Tirocinio_Giuseppe/Content/Materials/MM_OpaqueEnvironment.uexp" 1032
"C:/Users/cerve/OneDrive/Documenti/Desktop/Tirocinio/TirocinioBadViceGames/Tirocinio_Giuseppe/Content/Environment/Objects/CleaningTools/Incinerator/T_Incinerator_Roughness_Type_001.ubulk" 1033
"C:/Users/cerve/OneDrive/Documenti/Desktop/Tirocinio/TirocinioBadViceGames/Tirocinio_Giuseppe/Content/Environment/Objects/CleaningTools/Incinerator/T_Incinerator_Roughness_Type_001.uasset" 1034
"C:/Users/cerve/OneDrive/Documenti/Desktop/Tirocinio/TirocinioBadViceGames/Tirocinio_Giuseppe/Content/Environment/Objects/CleaningTools/Incinerator/T_Incinerator_Roughness_Type_001.uexp" 1035
"C:/Users/cerve/OneDrive/Documenti/Desktop/Tirocinio/TirocinioBadViceGames/Tirocinio_Giuseppe/Content/Environment/Objects/CleaningTools/Incinerator/T_Incinerator_Normal_Type_001.ubulk" 1036
"C:/Users/cerve/OneDrive/Documenti/Desktop/Tirocinio/TirocinioBadViceGames/Tirocinio_Giuseppe/Content/Environment/Objects/CleaningTools/Incinerator/T_Incinerator_Normal_Type_001.uasset" 1037
"C:/Users/cerve/OneDrive/Documenti/Desktop/Tirocinio/TirocinioBadViceGames/Tirocinio_Giuseppe/Content/Environment/Objects/CleaningTools/Incinerator/T_Incinerator_Normal_Type_001.uexp" 1038
"C:/Users/cerve/OneDrive/Documenti/Desktop/Tirocinio/TirocinioBadViceGames/Tirocinio_Giuseppe/Content/Environment/Objects/CleaningTools/Incinerator/T_Incinerator_Metallic_Type_001.ubulk" 1039
"C:/Users/cerve/OneDrive/Documenti/Desktop/Tirocinio/TirocinioBadViceGames/Tirocinio_Giuseppe/Content/Environment/Objects/CleaningTools/Incinerator/T_Incinerator_Metallic_Type_001.uasset" 1040
"C:/Users/cerve/OneDrive/Documenti/Desktop/Tirocinio/TirocinioBadViceGames/Tirocinio_Giuseppe/Content/Environment/Objects/CleaningTools/Incinerator/T_Incinerator_Metallic_Type_001.uexp" 1041
"C:/Users/cerve/OneDrive/Documenti/Desktop/Tirocinio/TirocinioBadViceGames/Tirocinio_Giuseppe/Content/Environment/Objects/CleaningTools/Incinerator/T_Incinerator_Base_Color_Type_001.ubulk" 1042
"C:/Users/cerve/OneDrive/Documenti/Desktop/Tirocinio/TirocinioBadViceGames/Tirocinio_Giuseppe/Content/Environment/Objects/CleaningTools/Incinerator/T_Incinerator_Base_Color_Type_001.uasset" 1043
"C:/Users/cerve/OneDrive/Documenti/Desktop/Tirocinio/TirocinioBadViceGames/Tirocinio_Giuseppe/Content/Environment/Objects/CleaningTools/Incinerator/T_Incinerator_Base_Color_Type_001.uexp" 1044
"C:/Users/cerve/OneDrive/Documenti/Desktop/Tirocinio/TirocinioBadViceGames/Tirocinio_Giuseppe/Content/Environment/Objects/CleaningTools/Incinerator/T_Incinerator_AO_Type_001.ubulk" 1045
"C:/Users/cerve/OneDrive/Documenti/Desktop/Tirocinio/TirocinioBadViceGames/Tirocinio_Giuseppe/Content/Environment/Objects/CleaningTools/Incinerator/T_Incinerator_AO_Type_001.uasset" 1046
"C:/Users/cerve/OneDrive/Documenti/Desktop/Tirocinio/TirocinioBadViceGames/Tirocinio_Giuseppe/Content/Environment/Objects/CleaningTools/Incinerator/T_Incinerator_AO_Type_001.uexp" 1047
"C:/Users/cerve/OneDrive/Documenti/Desktop/Tirocinio/TirocinioBadViceGames/Tirocinio_Giuseppe/Content/Environment/Objects/CleaningTools/Incinerator/M_Incinerator.uasset" 1048
"C:/Users/cerve/OneDrive/Documenti/Desktop/Tirocinio/TirocinioBadViceGames/Tirocinio_Giuseppe/Content/Environment/Objects/CleaningTools/Incinerator/M_Incinerator.uexp" 1049
"C:/Users/cerve/OneDrive/Documenti/Desktop/Tirocinio/TirocinioBadViceGames/Tirocinio_Giuseppe/Content/Environment/Objects/CleaningTools/Incinerator/Hallaway_IncineratorVault_Type_001.ubulk" 1050
"C:/Users/cerve/OneDrive/Documenti/Desktop/Tirocinio/TirocinioBadViceGames/Tirocinio_Giuseppe/Content/Environment/Objects/CleaningTools/Incinerator/Hallaway_IncineratorVault_Type_001.uasset" 1051
"C:/Users/cerve/OneDrive/Documenti/Desktop/Tirocinio/TirocinioBadViceGames/Tirocinio_Giuseppe/Content/Environment/Objects/CleaningTools/Incinerator/Hallaway_IncineratorVault_Type_001.uexp" 1052
"C:/Users/cerve/OneDrive/Documenti/Desktop/Tirocinio/TirocinioBadViceGames/Tirocinio_Giuseppe/Content/Environment/Objects/CleaningTools/Incinerator/Hallaway_IncineratorDoor_Type_001.ubulk" 1053
"C:/Users/cerve/OneDrive/Documenti/Desktop/Tirocinio/TirocinioBadViceGames/Tirocinio_Giuseppe/Content/Environment/Objects/CleaningTools/Incinerator/Hallaway_IncineratorDoor_Type_001.uasset" 1054
"C:/Users/cerve/OneDrive/Documenti/Desktop/Tirocinio/TirocinioBadViceGames/Tirocinio_Giuseppe/Content/Environment/Objects/CleaningTools/Incinerator/Hallaway_IncineratorDoor_Type_001.uexp" 1055
"C:/Users/cerve/OneDrive/Documenti/Desktop/Tirocinio/TirocinioBadViceGames/Tirocinio_Giuseppe/Content/Blueprints/Objects/Trash/BP_Incinerator.uasset" 1056
"C:/Users/cerve/OneDrive/Documenti/Desktop/Tirocinio/TirocinioBadViceGames/Tirocinio_Giuseppe/Content/Blueprints/Objects/Trash/BP_Incinerator.uexp" 1057
"C:/Users/cerve/OneDrive/Documenti/Desktop/Tirocinio/TirocinioBadViceGames/Tirocinio_Giuseppe/Content/Sounds/FileWav/ThrowGarbage_Sound.ubulk" 1058
"C:/Users/cerve/OneDrive/Documenti/Desktop/Tirocinio/TirocinioBadViceGames/Tirocinio_Giuseppe/Content/Sounds/FileWav/ThrowGarbage_Sound.uasset" 1059
"C:/Users/cerve/OneDrive/Documenti/Desktop/Tirocinio/TirocinioBadViceGames/Tirocinio_Giuseppe/Content/Sounds/FileWav/ThrowGarbage_Sound.uexp" 1060
"C:/Users/cerve/OneDrive/Documenti/Desktop/Tirocinio/TirocinioBadViceGames/Tirocinio_Giuseppe/Content/Sounds/SoundCue/ThrowGarbage_SC.uasset" 1061
"C:/Users/cerve/OneDrive/Documenti/Desktop/Tirocinio/TirocinioBadViceGames/Tirocinio_Giuseppe/Content/Sounds/SoundCue/ThrowGarbage_SC.uexp" 1062
"C:/Users/cerve/OneDrive/Documenti/Desktop/Tirocinio/TirocinioBadViceGames/Tirocinio_Giuseppe/Content/Environment/Objects/CleaningTools/TrashBin/Sacchetto_Carello_Roughness.ubulk" 1063
"C:/Users/cerve/OneDrive/Documenti/Desktop/Tirocinio/TirocinioBadViceGames/Tirocinio_Giuseppe/Content/Environment/Objects/CleaningTools/TrashBin/Sacchetto_Carello_Roughness.uasset" 1064
"C:/Users/cerve/OneDrive/Documenti/Desktop/Tirocinio/TirocinioBadViceGames/Tirocinio_Giuseppe/Content/Environment/Objects/CleaningTools/TrashBin/Sacchetto_Carello_Roughness.uexp" 1065
"C:/Users/cerve/OneDrive/Documenti/Desktop/Tirocinio/TirocinioBadViceGames/Tirocinio_Giuseppe/Content/Environment/Objects/CleaningTools/TrashBin/Sacchetto_Carello_Normal_OpenGL.ubulk" 1066
"C:/Users/cerve/OneDrive/Documenti/Desktop/Tirocinio/TirocinioBadViceGames/Tirocinio_Giuseppe/Content/Environment/Objects/CleaningTools/TrashBin/Sacchetto_Carello_Normal_OpenGL.uasset" 1067
"C:/Users/cerve/OneDrive/Documenti/Desktop/Tirocinio/TirocinioBadViceGames/Tirocinio_Giuseppe/Content/Environment/Objects/CleaningTools/TrashBin/Sacchetto_Carello_Normal_OpenGL.uexp" 1068
"C:/Users/cerve/OneDrive/Documenti/Desktop/Tirocinio/TirocinioBadViceGames/Tirocinio_Giuseppe/Content/Environment/Objects/CleaningTools/TrashBin/Sacchetto_Carello_Mixed_AO.ubulk" 1069
"C:/Users/cerve/OneDrive/Documenti/Desktop/Tirocinio/TirocinioBadViceGames/Tirocinio_Giuseppe/Content/Environment/Objects/CleaningTools/TrashBin/Sacchetto_Carello_Mixed_AO.uasset" 1070
"C:/Users/cerve/OneDrive/Documenti/Desktop/Tirocinio/TirocinioBadViceGames/Tirocinio_Giuseppe/Content/Environment/Objects/CleaningTools/TrashBin/Sacchetto_Carello_Mixed_AO.uexp" 1071
"C:/Users/cerve/OneDrive/Documenti/Desktop/Tirocinio/TirocinioBadViceGames/Tirocinio_Giuseppe/Content/Environment/Objects/CleaningTools/TrashBin/Sacchetto_Carello_Metallic.ubulk" 1072
"C:/Users/cerve/OneDrive/Documenti/Desktop/Tirocinio/TirocinioBadViceGames/Tirocinio_Giuseppe/Content/Environment/Objects/CleaningTools/TrashBin/Sacchetto_Carello_Metallic.uasset" 1073
"C:/Users/cerve/OneDrive/Documenti/Desktop/Tirocinio/TirocinioBadViceGames/Tirocinio_Giuseppe/Content/Environment/Objects/CleaningTools/TrashBin/Sacchetto_Carello_Metallic.uexp" 1074
"C:/Users/cerve/OneDrive/Documenti/Desktop/Tirocinio/TirocinioBadViceGames/Tirocinio_Giuseppe/Content/Environment/Objects/CleaningTools/TrashBin/Sacchetto_Carello_Base_color.ubulk" 1075
"C:/Users/cerve/OneDrive/Documenti/Desktop/Tirocinio/TirocinioBadViceGames/Tirocinio_Giuseppe/Content/Environment/Objects/CleaningTools/TrashBin/Sacchetto_Carello_Base_color.uasset" 1076
"C:/Users/cerve/OneDrive/Documenti/Desktop/Tirocinio/TirocinioBadViceGames/Tirocinio_Giuseppe/Content/Environment/Objects/CleaningTools/TrashBin/Sacchetto_Carello_Base_color.uexp" 1077
"C:/Users/cerve/OneDrive/Documenti/Desktop/Tirocinio/TirocinioBadViceGames/Tirocinio_Giuseppe/Content/Environment/Objects/CleaningTools/TrashBin/M_TrashBag.uasset" 1078
"C:/Users/cerve/OneDrive/Documenti/Desktop/Tirocinio/TirocinioBadViceGames/Tirocinio_Giuseppe/Content/Environment/Objects/CleaningTools/TrashBin/M_TrashBag.uexp" 1079
"C:/Users/cerve/OneDrive/Documenti/Desktop/Tirocinio/TirocinioBadViceGames/Tirocinio_Giuseppe/Content/Environment/Objects/CleaningTools/TrashBin/TrashBag.ubulk" 1080
"C:/Users/cerve/OneDrive/Documenti/Desktop/Tirocinio/TirocinioBadViceGames/Tirocinio_Giuseppe/Content/Environment/Objects/CleaningTools/TrashBin/TrashBag.uasset" 1081
"C:/Users/cerve/OneDrive/Documenti/Desktop/Tirocinio/TirocinioBadViceGames/Tirocinio_Giuseppe/Content/Environment/Objects/CleaningTools/TrashBin/TrashBag.uexp" 1082
"C:/Users/cerve/OneDrive/Documenti/Desktop/Tirocinio/TirocinioBadViceGames/Tirocinio_Giuseppe/Content/Blueprints/Objects/Trash/BP_TrashBin.uasset" 1083
"C:/Users/cerve/OneDrive/Documenti/Desktop/Tirocinio/TirocinioBadViceGames/Tirocinio_Giuseppe/Content/Blueprints/Objects/Trash/BP_TrashBin.uexp" 1084
"C:/Users/cerve/OneDrive/Documenti/Desktop/Tirocinio/TirocinioBadViceGames/Tirocinio_Giuseppe/Content/Sounds/FileWav/WaterBucket_Sound.ubulk" 1085
"C:/Users/cerve/OneDrive/Documenti/Desktop/Tirocinio/TirocinioBadViceGames/Tirocinio_Giuseppe/Content/Sounds/FileWav/WaterBucket_Sound.uasset" 1086
"C:/Users/cerve/OneDrive/Documenti/Desktop/Tirocinio/TirocinioBadViceGames/Tirocinio_Giuseppe/Content/Sounds/FileWav/WaterBucket_Sound.uexp" 1087
"C:/Users/cerve/OneDrive/Documenti/Desktop/Tirocinio/TirocinioBadViceGames/Tirocinio_Giuseppe/Content/Sounds/SoundCue/WaterBucket_SC.uasset" 1088
"C:/Users/cerve/OneDrive/Documenti/Desktop/Tirocinio/TirocinioBadViceGames/Tirocinio_Giuseppe/Content/Sounds/SoundCue/WaterBucket_SC.uexp" 1089
"C:/Users/cerve/OneDrive/Documenti/Desktop/Tirocinio/TirocinioBadViceGames/Tirocinio_Giuseppe/Content/Blueprints/Interfaces/BPI_Player.uasset" 1090
"C:/Users/cerve/OneDrive/Documenti/Desktop/Tirocinio/TirocinioBadViceGames/Tirocinio_Giuseppe/Content/Blueprints/Interfaces/BPI_Player.uexp" 1091
"C:/Users/cerve/OneDrive/Documenti/Desktop/Tirocinio/TirocinioBadViceGames/Tirocinio_Giuseppe/Content/Environment/Objects/CleaningTools/Water_Bucket/Water_Bucket_Roughness.ubulk" 1092
"C:/Users/cerve/OneDrive/Documenti/Desktop/Tirocinio/TirocinioBadViceGames/Tirocinio_Giuseppe/Content/Environment/Objects/CleaningTools/Water_Bucket/Water_Bucket_Roughness.uasset" 1093
"C:/Users/cerve/OneDrive/Documenti/Desktop/Tirocinio/TirocinioBadViceGames/Tirocinio_Giuseppe/Content/Environment/Objects/CleaningTools/Water_Bucket/Water_Bucket_Roughness.uexp" 1094
"C:/Users/cerve/OneDrive/Documenti/Desktop/Tirocinio/TirocinioBadViceGames/Tirocinio_Giuseppe/Content/Environment/Objects/CleaningTools/Water_Bucket/Water_Bucket_Normal.ubulk" 1095
"C:/Users/cerve/OneDrive/Documenti/Desktop/Tirocinio/TirocinioBadViceGames/Tirocinio_Giuseppe/Content/Environment/Objects/CleaningTools/Water_Bucket/Water_Bucket_Normal.uasset" 1096
"C:/Users/cerve/OneDrive/Documenti/Desktop/Tirocinio/TirocinioBadViceGames/Tirocinio_Giuseppe/Content/Environment/Objects/CleaningTools/Water_Bucket/Water_Bucket_Normal.uexp" 1097
"C:/Users/cerve/OneDrive/Documenti/Desktop/Tirocinio/TirocinioBadViceGames/Tirocinio_Giuseppe/Content/Environment/Objects/CleaningTools/Water_Bucket/Water_Bucket_Metallic.ubulk" 1098
"C:/Users/cerve/OneDrive/Documenti/Desktop/Tirocinio/TirocinioBadViceGames/Tirocinio_Giuseppe/Content/Environment/Objects/CleaningTools/Water_Bucket/Water_Bucket_Metallic.uasset" 1099
"C:/Users/cerve/OneDrive/Documenti/Desktop/Tirocinio/TirocinioBadViceGames/Tirocinio_Giuseppe/Content/Environment/Objects/CleaningTools/Water_Bucket/Water_Bucket_Metallic.uexp" 1100
"C:/Users/cerve/OneDrive/Documenti/Desktop/Tirocinio/TirocinioBadViceGames/Tirocinio_Giuseppe/Content/Environment/Objects/CleaningTools/Water_Bucket/Water_Bucket_BaseColor.ubulk" 1101
"C:/Users/cerve/OneDrive/Documenti/Desktop/Tirocinio/TirocinioBadViceGames/Tirocinio_Giuseppe/Content/Environment/Objects/CleaningTools/Water_Bucket/Water_Bucket_BaseColor.uasset" 1102
"C:/Users/cerve/OneDrive/Documenti/Desktop/Tirocinio/TirocinioBadViceGames/Tirocinio_Giuseppe/Content/Environment/Objects/CleaningTools/Water_Bucket/Water_Bucket_BaseColor.uexp" 1103
"C:/Users/cerve/OneDrive/Documenti/Desktop/Tirocinio/TirocinioBadViceGames/Tirocinio_Giuseppe/Content/Environment/Objects/CleaningTools/Water_Bucket/Water_Bucket_AO.ubulk" 1104
"C:/Users/cerve/OneDrive/Documenti/Desktop/Tirocinio/TirocinioBadViceGames/Tirocinio_Giuseppe/Content/Environment/Objects/CleaningTools/Water_Bucket/Water_Bucket_AO.uasset" 1105
"C:/Users/cerve/OneDrive/Documenti/Desktop/Tirocinio/TirocinioBadViceGames/Tirocinio_Giuseppe/Content/Environment/Objects/CleaningTools/Water_Bucket/Water_Bucket_AO.uexp" 1106
"C:/Users/cerve/OneDrive/Documenti/Desktop/Tirocinio/TirocinioBadViceGames/Tirocinio_Giuseppe/Content/Environment/Objects/CleaningTools/Water_Bucket/M_Water_Bucket.uasset" 1107
"C:/Users/cerve/OneDrive/Documenti/Desktop/Tirocinio/TirocinioBadViceGames/Tirocinio_Giuseppe/Content/Environment/Objects/CleaningTools/Water_Bucket/M_Water_Bucket.uexp" 1108
"C:/Users/cerve/OneDrive/Documenti/Desktop/Tirocinio/TirocinioBadViceGames/Tirocinio_Giuseppe/Content/Environment/Objects/CleaningTools/Water_Bucket/Water_Bucket.ubulk" 1109
"C:/Users/cerve/OneDrive/Documenti/Desktop/Tirocinio/TirocinioBadViceGames/Tirocinio_Giuseppe/Content/Environment/Objects/CleaningTools/Water_Bucket/Water_Bucket.uasset" 1110
"C:/Users/cerve/OneDrive/Documenti/Desktop/Tirocinio/TirocinioBadViceGames/Tirocinio_Giuseppe/Content/Environment/Objects/CleaningTools/Water_Bucket/Water_Bucket.uexp" 1111
"C:/Users/cerve/OneDrive/Documenti/Desktop/Tirocinio/TirocinioBadViceGames/Tirocinio_Giuseppe/Content/Blueprints/Objects/Tools/BP_WaterBucket.uasset" 1112
"C:/Users/cerve/OneDrive/Documenti/Desktop/Tirocinio/TirocinioBadViceGames/Tirocinio_Giuseppe/Content/Blueprints/Objects/Tools/BP_WaterBucket.uexp" 1113
"C:/Users/cerve/OneDrive/Documenti/Desktop/Tirocinio/TirocinioBadViceGames/Tirocinio_Giuseppe/Content/Sounds/FileWav/Cart_Sound.ubulk" 1114
"C:/Users/cerve/OneDrive/Documenti/Desktop/Tirocinio/TirocinioBadViceGames/Tirocinio_Giuseppe/Content/Sounds/FileWav/Cart_Sound.uasset" 1115
"C:/Users/cerve/OneDrive/Documenti/Desktop/Tirocinio/TirocinioBadViceGames/Tirocinio_Giuseppe/Content/Sounds/FileWav/Cart_Sound.uexp" 1116
"C:/Users/cerve/OneDrive/Documenti/Desktop/Tirocinio/TirocinioBadViceGames/Tirocinio_Giuseppe/Content/Sounds/SoundCue/Cart_SC.uasset" 1117
"C:/Users/cerve/OneDrive/Documenti/Desktop/Tirocinio/TirocinioBadViceGames/Tirocinio_Giuseppe/Content/Sounds/SoundCue/Cart_SC.uexp" 1118
"C:/Users/cerve/OneDrive/Documenti/Desktop/Tirocinio/TirocinioBadViceGames/Tirocinio_Giuseppe/Content/Blueprints/Interfaces/BPI_Cart.uasset" 1119
"C:/Users/cerve/OneDrive/Documenti/Desktop/Tirocinio/TirocinioBadViceGames/Tirocinio_Giuseppe/Content/Blueprints/Interfaces/BPI_Cart.uexp" 1120
"C:/Users/cerve/OneDrive/Documenti/Desktop/Tirocinio/TirocinioBadViceGames/Tirocinio_Giuseppe/Content/Blueprints/Interfaces/BPI_Sound.uasset" 1121
"C:/Users/cerve/OneDrive/Documenti/Desktop/Tirocinio/TirocinioBadViceGames/Tirocinio_Giuseppe/Content/Blueprints/Interfaces/BPI_Sound.uexp" 1122
"C:/Users/cerve/OneDrive/Documenti/Desktop/Tirocinio/TirocinioBadViceGames/Tirocinio_Giuseppe/Content/Blueprints/Objects/CameraShakes/BP_IdleCameraShakes.uasset" 1123
"C:/Users/cerve/OneDrive/Documenti/Desktop/Tirocinio/TirocinioBadViceGames/Tirocinio_Giuseppe/Content/Blueprints/Objects/CameraShakes/BP_IdleCameraShakes.uexp" 1124
"C:/Users/cerve/OneDrive/Documenti/Desktop/Tirocinio/TirocinioBadViceGames/Tirocinio_Giuseppe/Content/Blueprints/Objects/CameraShakes/BP_WalkCameraShakes.uasset" 1125
"C:/Users/cerve/OneDrive/Documenti/Desktop/Tirocinio/TirocinioBadViceGames/Tirocinio_Giuseppe/Content/Blueprints/Objects/CameraShakes/BP_WalkCameraShakes.uexp" 1126
"C:/Users/cerve/OneDrive/Documenti/Desktop/Tirocinio/TirocinioBadViceGames/Tirocinio_Giuseppe/Content/Environment/Objects/CleaningTools/Cart/Hallaway_Cart_001_AO.ubulk" 1127
"C:/Users/cerve/OneDrive/Documenti/Desktop/Tirocinio/TirocinioBadViceGames/Tirocinio_Giuseppe/Content/Environment/Objects/CleaningTools/Cart/Hallaway_Cart_001_AO.uasset" 1128
"C:/Users/cerve/OneDrive/Documenti/Desktop/Tirocinio/TirocinioBadViceGames/Tirocinio_Giuseppe/Content/Environment/Objects/CleaningTools/Cart/Hallaway_Cart_001_AO.uexp" 1129
"C:/Users/cerve/OneDrive/Documenti/Desktop/Tirocinio/TirocinioBadViceGames/Tirocinio_Giuseppe/Content/Environment/Objects/CleaningTools/Cart/Hallaway_Cart_001_Base_color.ubulk" 1130
"C:/Users/cerve/OneDrive/Documenti/Desktop/Tirocinio/TirocinioBadViceGames/Tirocinio_Giuseppe/Content/Environment/Objects/CleaningTools/Cart/Hallaway_Cart_001_Base_color.uasset" 1131
"C:/Users/cerve/OneDrive/Documenti/Desktop/Tirocinio/TirocinioBadViceGames/Tirocinio_Giuseppe/Content/Environment/Objects/CleaningTools/Cart/Hallaway_Cart_001_Base_color.uexp" 1132
"C:/Users/cerve/OneDrive/Documenti/Desktop/Tirocinio/TirocinioBadViceGames/Tirocinio_Giuseppe/Content/Environment/Objects/CleaningTools/Cart/Hallaway_Cart_001_Metallic.ubulk" 1133
"C:/Users/cerve/OneDrive/Documenti/Desktop/Tirocinio/TirocinioBadViceGames/Tirocinio_Giuseppe/Content/Environment/Objects/CleaningTools/Cart/Hallaway_Cart_001_Metallic.uasset" 1134
"C:/Users/cerve/OneDrive/Documenti/Desktop/Tirocinio/TirocinioBadViceGames/Tirocinio_Giuseppe/Content/Environment/Objects/CleaningTools/Cart/Hallaway_Cart_001_Metallic.uexp" 1135
"C:/Users/cerve/OneDrive/Documenti/Desktop/Tirocinio/TirocinioBadViceGames/Tirocinio_Giuseppe/Content/Environment/Objects/CleaningTools/Cart/Hallaway_Cart_001_Normal_OpenGL.ubulk" 1136
"C:/Users/cerve/OneDrive/Documenti/Desktop/Tirocinio/TirocinioBadViceGames/Tirocinio_Giuseppe/Content/Environment/Objects/CleaningTools/Cart/Hallaway_Cart_001_Normal_OpenGL.uasset" 1137
"C:/Users/cerve/OneDrive/Documenti/Desktop/Tirocinio/TirocinioBadViceGames/Tirocinio_Giuseppe/Content/Environment/Objects/CleaningTools/Cart/Hallaway_Cart_001_Normal_OpenGL.uexp" 1138
"C:/Users/cerve/OneDrive/Documenti/Desktop/Tirocinio/TirocinioBadViceGames/Tirocinio_Giuseppe/Content/Environment/Objects/CleaningTools/Cart/Hallaway_Cart_001_Roughness.ubulk" 1139
"C:/Users/cerve/OneDrive/Documenti/Desktop/Tirocinio/TirocinioBadViceGames/Tirocinio_Giuseppe/Content/Environment/Objects/CleaningTools/Cart/Hallaway_Cart_001_Roughness.uasset" 1140
"C:/Users/cerve/OneDrive/Documenti/Desktop/Tirocinio/TirocinioBadViceGames/Tirocinio_Giuseppe/Content/Environment/Objects/CleaningTools/Cart/Hallaway_Cart_001_Roughness.uexp" 1141
"C:/Users/cerve/OneDrive/Documenti/Desktop/Tirocinio/TirocinioBadViceGames/Tirocinio_Giuseppe/Content/Environment/Objects/CleaningTools/Cart/M_Cart.uasset" 1142
"C:/Users/cerve/OneDrive/Documenti/Desktop/Tirocinio/TirocinioBadViceGames/Tirocinio_Giuseppe/Content/Environment/Objects/CleaningTools/Cart/M_Cart.uexp" 1143
"C:/Users/cerve/OneDrive/Documenti/Desktop/Tirocinio/TirocinioBadViceGames/Tirocinio_Giuseppe/Content/Environment/Objects/CleaningTools/Cart/Cart.ubulk" 1144
"C:/Users/cerve/OneDrive/Documenti/Desktop/Tirocinio/TirocinioBadViceGames/Tirocinio_Giuseppe/Content/Environment/Objects/CleaningTools/Cart/Cart.uasset" 1145
"C:/Users/cerve/OneDrive/Documenti/Desktop/Tirocinio/TirocinioBadViceGames/Tirocinio_Giuseppe/Content/Environment/Objects/CleaningTools/Cart/Cart.uexp" 1146
"C:/Users/cerve/OneDrive/Documenti/Desktop/Tirocinio/TirocinioBadViceGames/Tirocinio_Giuseppe/Content/Blueprints/Objects/BP_Cart.uasset" 1147
"C:/Users/cerve/OneDrive/Documenti/Desktop/Tirocinio/TirocinioBadViceGames/Tirocinio_Giuseppe/Content/Blueprints/Objects/BP_Cart.uexp" 1148
"C:/Users/cerve/OneDrive/Documenti/Desktop/Tirocinio/TirocinioBadViceGames/Tirocinio_Giuseppe/Content/Environment/Elevator/Doors/Elevator_doors_001_Roughness.ubulk" 1149
"C:/Users/cerve/OneDrive/Documenti/Desktop/Tirocinio/TirocinioBadViceGames/Tirocinio_Giuseppe/Content/Environment/Elevator/Doors/Elevator_doors_001_Roughness.uasset" 1150
"C:/Users/cerve/OneDrive/Documenti/Desktop/Tirocinio/TirocinioBadViceGames/Tirocinio_Giuseppe/Content/Environment/Elevator/Doors/Elevator_doors_001_Roughness.uexp" 1151
"C:/Users/cerve/OneDrive/Documenti/Desktop/Tirocinio/TirocinioBadViceGames/Tirocinio_Giuseppe/Content/Environment/Elevator/Doors/Elevator_doors_001_Normal_OpenGL.ubulk" 1152
"C:/Users/cerve/OneDrive/Documenti/Desktop/Tirocinio/TirocinioBadViceGames/Tirocinio_Giuseppe/Content/Environment/Elevator/Doors/Elevator_doors_001_Normal_OpenGL.uasset" 1153
"C:/Users/cerve/OneDrive/Documenti/Desktop/Tirocinio/TirocinioBadViceGames/Tirocinio_Giuseppe/Content/Environment/Elevator/Doors/Elevator_doors_001_Normal_OpenGL.uexp" 1154
"C:/Users/cerve/OneDrive/Documenti/Desktop/Tirocinio/TirocinioBadViceGames/Tirocinio_Giuseppe/Content/Environment/Elevator/Doors/Elevator_doors_001_Metallic.ubulk" 1155
"C:/Users/cerve/OneDrive/Documenti/Desktop/Tirocinio/TirocinioBadViceGames/Tirocinio_Giuseppe/Content/Environment/Elevator/Doors/Elevator_doors_001_Metallic.uasset" 1156
"C:/Users/cerve/OneDrive/Documenti/Desktop/Tirocinio/TirocinioBadViceGames/Tirocinio_Giuseppe/Content/Environment/Elevator/Doors/Elevator_doors_001_Metallic.uexp" 1157
"C:/Users/cerve/OneDrive/Documenti/Desktop/Tirocinio/TirocinioBadViceGames/Tirocinio_Giuseppe/Content/Environment/Elevator/Doors/Elevator_doors_001_Base_color.ubulk" 1158
"C:/Users/cerve/OneDrive/Documenti/Desktop/Tirocinio/TirocinioBadViceGames/Tirocinio_Giuseppe/Content/Environment/Elevator/Doors/Elevator_doors_001_Base_color.uasset" 1159
"C:/Users/cerve/OneDrive/Documenti/Desktop/Tirocinio/TirocinioBadViceGames/Tirocinio_Giuseppe/Content/Environment/Elevator/Doors/Elevator_doors_001_Base_color.uexp" 1160
"C:/Users/cerve/OneDrive/Documenti/Desktop/Tirocinio/TirocinioBadViceGames/Tirocinio_Giuseppe/Content/Environment/Elevator/Doors/Elevator_doors_001_AO.ubulk" 1161
"C:/Users/cerve/OneDrive/Documenti/Desktop/Tirocinio/TirocinioBadViceGames/Tirocinio_Giuseppe/Content/Environment/Elevator/Doors/Elevator_doors_001_AO.uasset" 1162
"C:/Users/cerve/OneDrive/Documenti/Desktop/Tirocinio/TirocinioBadViceGames/Tirocinio_Giuseppe/Content/Environment/Elevator/Doors/Elevator_doors_001_AO.uexp" 1163
"C:/Users/cerve/OneDrive/Documenti/Desktop/Tirocinio/TirocinioBadViceGames/Tirocinio_Giuseppe/Content/Environment/Elevator/Doors/M_Elevator_Door.uasset" 1164
"C:/Users/cerve/OneDrive/Documenti/Desktop/Tirocinio/TirocinioBadViceGames/Tirocinio_Giuseppe/Content/Environment/Elevator/Doors/M_Elevator_Door.uexp" 1165
"C:/Users/cerve/OneDrive/Documenti/Desktop/Tirocinio/TirocinioBadViceGames/Tirocinio_Giuseppe/Content/Environment/Elevator/Doors/Hallaway_Elevator_Door_right_001.ubulk" 1166
"C:/Users/cerve/OneDrive/Documenti/Desktop/Tirocinio/TirocinioBadViceGames/Tirocinio_Giuseppe/Content/Environment/Elevator/Doors/Hallaway_Elevator_Door_right_001.uasset" 1167
"C:/Users/cerve/OneDrive/Documenti/Desktop/Tirocinio/TirocinioBadViceGames/Tirocinio_Giuseppe/Content/Environment/Elevator/Doors/Hallaway_Elevator_Door_right_001.uexp" 1168
"C:/Users/cerve/OneDrive/Documenti/Desktop/Tirocinio/TirocinioBadViceGames/Tirocinio_Giuseppe/Content/Blueprints/Objects/Environment/BP_ElevatorDoor_DX.uasset" 1169
"C:/Users/cerve/OneDrive/Documenti/Desktop/Tirocinio/TirocinioBadViceGames/Tirocinio_Giuseppe/Content/Blueprints/Objects/Environment/BP_ElevatorDoor_DX.uexp" 1170
"C:/Users/cerve/OneDrive/Documenti/Desktop/Tirocinio/TirocinioBadViceGames/Tirocinio_Giuseppe/Content/Environment/Elevator/Doors/Hallaway_Elevator_Door_left_001.ubulk" 1171
"C:/Users/cerve/OneDrive/Documenti/Desktop/Tirocinio/TirocinioBadViceGames/Tirocinio_Giuseppe/Content/Environment/Elevator/Doors/Hallaway_Elevator_Door_left_001.uasset" 1172
"C:/Users/cerve/OneDrive/Documenti/Desktop/Tirocinio/TirocinioBadViceGames/Tirocinio_Giuseppe/Content/Environment/Elevator/Doors/Hallaway_Elevator_Door_left_001.uexp" 1173
"C:/Users/cerve/OneDrive/Documenti/Desktop/Tirocinio/TirocinioBadViceGames/Tirocinio_Giuseppe/Content/Blueprints/Objects/Environment/BP_ElevatorDoor_SX.uasset" 1174
"C:/Users/cerve/OneDrive/Documenti/Desktop/Tirocinio/TirocinioBadViceGames/Tirocinio_Giuseppe/Content/Blueprints/Objects/Environment/BP_ElevatorDoor_SX.uexp" 1175
"../../../Engine/Content/BasicShapes/Cube.ubulk" 1176
"../../../Engine/Content/BasicShapes/Cube.uasset" 1177
"../../../Engine/Content/BasicShapes/Cube.uexp" 1178
"C:/Users/cerve/OneDrive/Documenti/Desktop/Tirocinio/TirocinioBadViceGames/Tirocinio_Giuseppe/Content/Blueprints/Enums/CollisionType.uasset" 1179
"C:/Users/cerve/OneDrive/Documenti/Desktop/Tirocinio/TirocinioBadViceGames/Tirocinio_Giuseppe/Content/Blueprints/Enums/CollisionType.uexp" 1180
"C:/Users/cerve/OneDrive/Documenti/Desktop/Tirocinio/TirocinioBadViceGames/Tirocinio_Giuseppe/Content/Blueprints/Interfaces/BPI_Decal.uasset" 1181
"C:/Users/cerve/OneDrive/Documenti/Desktop/Tirocinio/TirocinioBadViceGames/Tirocinio_Giuseppe/Content/Blueprints/Interfaces/BPI_Decal.uexp" 1182
"C:/Users/cerve/OneDrive/Documenti/Desktop/Tirocinio/TirocinioBadViceGames/Tirocinio_Giuseppe/Content/Blueprints/Interfaces/BPI_CleanableObject.uasset" 1183
"C:/Users/cerve/OneDrive/Documenti/Desktop/Tirocinio/TirocinioBadViceGames/Tirocinio_Giuseppe/Content/Blueprints/Interfaces/BPI_CleanableObject.uexp" 1184
"C:/Users/cerve/OneDrive/Documenti/Desktop/Tirocinio/TirocinioBadViceGames/Tirocinio_Giuseppe/Content/Blueprints/Objects/CleanableObjects/BP_CleanableObject.uasset" 1185
"C:/Users/cerve/OneDrive/Documenti/Desktop/Tirocinio/TirocinioBadViceGames/Tirocinio_Giuseppe/Content/Blueprints/Objects/CleanableObjects/BP_CleanableObject.uexp" 1186
"C:/Users/cerve/OneDrive/Documenti/Desktop/Tirocinio/TirocinioBadViceGames/Tirocinio_Giuseppe/Content/Textures/Decal_Normal.ubulk" 1187
"C:/Users/cerve/OneDrive/Documenti/Desktop/Tirocinio/TirocinioBadViceGames/Tirocinio_Giuseppe/Content/Textures/Decal_Normal.uasset" 1188
"C:/Users/cerve/OneDrive/Documenti/Desktop/Tirocinio/TirocinioBadViceGames/Tirocinio_Giuseppe/Content/Textures/Decal_Normal.uexp" 1189
"../../../Engine/Content/EngineResources/Black.uasset" 1190
"../../../Engine/Content/EngineResources/Black.uexp" 1191
"C:/Users/cerve/OneDrive/Documenti/Desktop/Tirocinio/TirocinioBadViceGames/Tirocinio_Giuseppe/Content/Images/Decals/Blood/T_Decal_Blood_01_BC.ubulk" 1192
"C:/Users/cerve/OneDrive/Documenti/Desktop/Tirocinio/TirocinioBadViceGames/Tirocinio_Giuseppe/Content/Images/Decals/Blood/T_Decal_Blood_01_BC.uasset" 1193
"C:/Users/cerve/OneDrive/Documenti/Desktop/Tirocinio/TirocinioBadViceGames/Tirocinio_Giuseppe/Content/Images/Decals/Blood/T_Decal_Blood_01_BC.uexp" 1194
"C:/Users/cerve/OneDrive/Documenti/Desktop/Tirocinio/TirocinioBadViceGames/Tirocinio_Giuseppe/Content/Materials/Decals/MM_Stain_Decal.uasset" 1195
"C:/Users/cerve/OneDrive/Documenti/Desktop/Tirocinio/TirocinioBadViceGames/Tirocinio_Giuseppe/Content/Materials/Decals/MM_Stain_Decal.uexp" 1196
"C:/Users/cerve/OneDrive/Documenti/Desktop/Tirocinio/TirocinioBadViceGames/Tirocinio_Giuseppe/Content/Images/Decals/Blood/Blood.ubulk" 1197
"C:/Users/cerve/OneDrive/Documenti/Desktop/Tirocinio/TirocinioBadViceGames/Tirocinio_Giuseppe/Content/Images/Decals/Blood/Blood.uasset" 1198
"C:/Users/cerve/OneDrive/Documenti/Desktop/Tirocinio/TirocinioBadViceGames/Tirocinio_Giuseppe/Content/Images/Decals/Blood/Blood.uexp" 1199
"C:/Users/cerve/OneDrive/Documenti/Desktop/Tirocinio/TirocinioBadViceGames/Tirocinio_Giuseppe/Content/Materials/Decals/Stains/M_Blood_Decal.uasset" 1200
"C:/Users/cerve/OneDrive/Documenti/Desktop/Tirocinio/TirocinioBadViceGames/Tirocinio_Giuseppe/Content/Materials/Decals/Stains/M_Blood_Decal.uexp" 1201
"C:/Users/cerve/OneDrive/Documenti/Desktop/Tirocinio/TirocinioBadViceGames/Tirocinio_Giuseppe/Content/Blueprints/Decal/BP_DecalBlood.uasset" 1202
"C:/Users/cerve/OneDrive/Documenti/Desktop/Tirocinio/TirocinioBadViceGames/Tirocinio_Giuseppe/Content/Blueprints/Decal/BP_DecalBlood.uexp" 1203
"C:/Users/cerve/OneDrive/Documenti/Desktop/Tirocinio/TirocinioBadViceGames/Tirocinio_Giuseppe/Content/Blueprints/Objects/CleanableObjects/BP_BloodStain.uasset" 1204
"C:/Users/cerve/OneDrive/Documenti/Desktop/Tirocinio/TirocinioBadViceGames/Tirocinio_Giuseppe/Content/Blueprints/Objects/CleanableObjects/BP_BloodStain.uexp" 1205
"C:/Users/cerve/OneDrive/Documenti/Desktop/Tirocinio/TirocinioBadViceGames/Tirocinio_Giuseppe/Content/Blueprints/Objects/Tools/BP_CleaningComp.uasset" 1206
"C:/Users/cerve/OneDrive/Documenti/Desktop/Tirocinio/TirocinioBadViceGames/Tirocinio_Giuseppe/Content/Blueprints/Objects/Tools/BP_CleaningComp.uexp" 1207
"C:/Users/cerve/OneDrive/Documenti/Desktop/Tirocinio/TirocinioBadViceGames/Tirocinio_Giuseppe/Content/Sounds/FileWav/Mop_Sound.ubulk" 1208
"C:/Users/cerve/OneDrive/Documenti/Desktop/Tirocinio/TirocinioBadViceGames/Tirocinio_Giuseppe/Content/Sounds/FileWav/Mop_Sound.uasset" 1209
"C:/Users/cerve/OneDrive/Documenti/Desktop/Tirocinio/TirocinioBadViceGames/Tirocinio_Giuseppe/Content/Sounds/FileWav/Mop_Sound.uexp" 1210
"C:/Users/cerve/OneDrive/Documenti/Desktop/Tirocinio/TirocinioBadViceGames/Tirocinio_Giuseppe/Content/Sounds/SoundCue/Mop_SC.uasset" 1211
"C:/Users/cerve/OneDrive/Documenti/Desktop/Tirocinio/TirocinioBadViceGames/Tirocinio_Giuseppe/Content/Sounds/SoundCue/Mop_SC.uexp" 1212
"C:/Users/cerve/OneDrive/Documenti/Desktop/Tirocinio/TirocinioBadViceGames/Tirocinio_Giuseppe/Content/Sounds/FileWav/Mop_Dirty_Sound.ubulk" 1213
"C:/Users/cerve/OneDrive/Documenti/Desktop/Tirocinio/TirocinioBadViceGames/Tirocinio_Giuseppe/Content/Sounds/FileWav/Mop_Dirty_Sound.uasset" 1214
"C:/Users/cerve/OneDrive/Documenti/Desktop/Tirocinio/TirocinioBadViceGames/Tirocinio_Giuseppe/Content/Sounds/FileWav/Mop_Dirty_Sound.uexp" 1215
"C:/Users/cerve/OneDrive/Documenti/Desktop/Tirocinio/TirocinioBadViceGames/Tirocinio_Giuseppe/Content/Sounds/SoundCue/Mop_Dirty_SC.uasset" 1216
"C:/Users/cerve/OneDrive/Documenti/Desktop/Tirocinio/TirocinioBadViceGames/Tirocinio_Giuseppe/Content/Sounds/SoundCue/Mop_Dirty_SC.uexp" 1217
"../../../Engine/Content/EngineMeshes/Cube.ubulk" 1218
"../../../Engine/Content/EngineMeshes/Cube.uasset" 1219
"../../../Engine/Content/EngineMeshes/Cube.uexp" 1220
"C:/Users/cerve/OneDrive/Documenti/Desktop/Tirocinio/TirocinioBadViceGames/Tirocinio_Giuseppe/Content/Blueprints/Objects/Tools/BP_CleaningTool.uasset" 1221
"C:/Users/cerve/OneDrive/Documenti/Desktop/Tirocinio/TirocinioBadViceGames/Tirocinio_Giuseppe/Content/Blueprints/Objects/Tools/BP_CleaningTool.uexp" 1222
"C:/Users/cerve/OneDrive/Documenti/Desktop/Tirocinio/TirocinioBadViceGames/Tirocinio_Giuseppe/Content/Environment/Objects/CleaningTools/Mop/Mocio_Roughness.ubulk" 1223
"C:/Users/cerve/OneDrive/Documenti/Desktop/Tirocinio/TirocinioBadViceGames/Tirocinio_Giuseppe/Content/Environment/Objects/CleaningTools/Mop/Mocio_Roughness.uasset" 1224
"C:/Users/cerve/OneDrive/Documenti/Desktop/Tirocinio/TirocinioBadViceGames/Tirocinio_Giuseppe/Content/Environment/Objects/CleaningTools/Mop/Mocio_Roughness.uexp" 1225
"C:/Users/cerve/OneDrive/Documenti/Desktop/Tirocinio/TirocinioBadViceGames/Tirocinio_Giuseppe/Content/Environment/Objects/CleaningTools/Mop/Mocio_Normal_OpenGL.ubulk" 1226
"C:/Users/cerve/OneDrive/Documenti/Desktop/Tirocinio/TirocinioBadViceGames/Tirocinio_Giuseppe/Content/Environment/Objects/CleaningTools/Mop/Mocio_Normal_OpenGL.uasset" 1227
"C:/Users/cerve/OneDrive/Documenti/Desktop/Tirocinio/TirocinioBadViceGames/Tirocinio_Giuseppe/Content/Environment/Objects/CleaningTools/Mop/Mocio_Normal_OpenGL.uexp" 1228
"C:/Users/cerve/OneDrive/Documenti/Desktop/Tirocinio/TirocinioBadViceGames/Tirocinio_Giuseppe/Content/Environment/Objects/CleaningTools/Mop/Mocio_Mixed_AO.ubulk" 1229
"C:/Users/cerve/OneDrive/Documenti/Desktop/Tirocinio/TirocinioBadViceGames/Tirocinio_Giuseppe/Content/Environment/Objects/CleaningTools/Mop/Mocio_Mixed_AO.uasset" 1230
"C:/Users/cerve/OneDrive/Documenti/Desktop/Tirocinio/TirocinioBadViceGames/Tirocinio_Giuseppe/Content/Environment/Objects/CleaningTools/Mop/Mocio_Mixed_AO.uexp" 1231
"C:/Users/cerve/OneDrive/Documenti/Desktop/Tirocinio/TirocinioBadViceGames/Tirocinio_Giuseppe/Content/Environment/Objects/CleaningTools/Mop/Mocio_Metallic.ubulk" 1232
"C:/Users/cerve/OneDrive/Documenti/Desktop/Tirocinio/TirocinioBadViceGames/Tirocinio_Giuseppe/Content/Environment/Objects/CleaningTools/Mop/Mocio_Metallic.uasset" 1233
"C:/Users/cerve/OneDrive/Documenti/Desktop/Tirocinio/TirocinioBadViceGames/Tirocinio_Giuseppe/Content/Environment/Objects/CleaningTools/Mop/Mocio_Metallic.uexp" 1234
"C:/Users/cerve/OneDrive/Documenti/Desktop/Tirocinio/TirocinioBadViceGames/Tirocinio_Giuseppe/Content/Environment/Objects/CleaningTools/Mop/Mocio_Base_color.ubulk" 1235
"C:/Users/cerve/OneDrive/Documenti/Desktop/Tirocinio/TirocinioBadViceGames/Tirocinio_Giuseppe/Content/Environment/Objects/CleaningTools/Mop/Mocio_Base_color.uasset" 1236
"C:/Users/cerve/OneDrive/Documenti/Desktop/Tirocinio/TirocinioBadViceGames/Tirocinio_Giuseppe/Content/Environment/Objects/CleaningTools/Mop/Mocio_Base_color.uexp" 1237
"C:/Users/cerve/OneDrive/Documenti/Desktop/Tirocinio/TirocinioBadViceGames/Tirocinio_Giuseppe/Content/Environment/Objects/CleaningTools/Mop/M_Mop.uasset" 1238
"C:/Users/cerve/OneDrive/Documenti/Desktop/Tirocinio/TirocinioBadViceGames/Tirocinio_Giuseppe/Content/Environment/Objects/CleaningTools/Mop/M_Mop.uexp" 1239
"C:/Users/cerve/OneDrive/Documenti/Desktop/Tirocinio/TirocinioBadViceGames/Tirocinio_Giuseppe/Content/Environment/Objects/CleaningTools/Mop/Mop.ubulk" 1240
"C:/Users/cerve/OneDrive/Documenti/Desktop/Tirocinio/TirocinioBadViceGames/Tirocinio_Giuseppe/Content/Environment/Objects/CleaningTools/Mop/Mop.uasset" 1241
"C:/Users/cerve/OneDrive/Documenti/Desktop/Tirocinio/TirocinioBadViceGames/Tirocinio_Giuseppe/Content/Environment/Objects/CleaningTools/Mop/Mop.uexp" 1242
"C:/Users/cerve/OneDrive/Documenti/Desktop/Tirocinio/TirocinioBadViceGames/Tirocinio_Giuseppe/Content/Blueprints/Objects/Tools/BP_Mop.uasset" 1243
"C:/Users/cerve/OneDrive/Documenti/Desktop/Tirocinio/TirocinioBadViceGames/Tirocinio_Giuseppe/Content/Blueprints/Objects/Tools/BP_Mop.uexp" 1244
"C:/Users/cerve/OneDrive/Documenti/Desktop/Tirocinio/TirocinioBadViceGames/Tirocinio_Giuseppe/Content/Sounds/FileWav/CockroachSplat_Sound.ubulk" 1245
"C:/Users/cerve/OneDrive/Documenti/Desktop/Tirocinio/TirocinioBadViceGames/Tirocinio_Giuseppe/Content/Sounds/FileWav/CockroachSplat_Sound.uasset" 1246
"C:/Users/cerve/OneDrive/Documenti/Desktop/Tirocinio/TirocinioBadViceGames/Tirocinio_Giuseppe/Content/Sounds/FileWav/CockroachSplat_Sound.uexp" 1247
"C:/Users/cerve/OneDrive/Documenti/Desktop/Tirocinio/TirocinioBadViceGames/Tirocinio_Giuseppe/Content/Sounds/SoundCue/CockroachSplat_SC.uasset" 1248
"C:/Users/cerve/OneDrive/Documenti/Desktop/Tirocinio/TirocinioBadViceGames/Tirocinio_Giuseppe/Content/Sounds/SoundCue/CockroachSplat_SC.uexp" 1249
"../../../Engine/Content/EngineResources/DefaultTexture.ubulk" 1250
"../../../Engine/Content/EngineResources/DefaultTexture.uasset" 1251
"../../../Engine/Content/EngineResources/DefaultTexture.uexp" 1252
"../../../Engine/Plugins/Interchange/Assets/Content/Functions/MF_PhongToMetalRoughness.uasset" 1253
"../../../Engine/Plugins/Interchange/Assets/Content/Functions/MF_PhongToMetalRoughness.uexp" 1254
"C:/Users/cerve/OneDrive/Documenti/Desktop/Tirocinio/TirocinioBadViceGames/Tirocinio_Giuseppe/Content/Environment/Objects/CleaningTools/Material.uasset" 1255
"C:/Users/cerve/OneDrive/Documenti/Desktop/Tirocinio/TirocinioBadViceGames/Tirocinio_Giuseppe/Content/Environment/Objects/CleaningTools/Material.uexp" 1256
"C:/Users/cerve/OneDrive/Documenti/Desktop/Tirocinio/TirocinioBadViceGames/Tirocinio_Giuseppe/Content/Environment/Objects/CleaningTools/Swatter/Swatter.ubulk" 1257
"C:/Users/cerve/OneDrive/Documenti/Desktop/Tirocinio/TirocinioBadViceGames/Tirocinio_Giuseppe/Content/Environment/Objects/CleaningTools/Swatter/Swatter.uasset" 1258
"C:/Users/cerve/OneDrive/Documenti/Desktop/Tirocinio/TirocinioBadViceGames/Tirocinio_Giuseppe/Content/Environment/Objects/CleaningTools/Swatter/Swatter.uexp" 1259
"C:/Users/cerve/OneDrive/Documenti/Desktop/Tirocinio/TirocinioBadViceGames/Tirocinio_Giuseppe/Content/Environment/Objects/CleaningTools/Swatter/Scacciamosche_Roughness.ubulk" 1260
"C:/Users/cerve/OneDrive/Documenti/Desktop/Tirocinio/TirocinioBadViceGames/Tirocinio_Giuseppe/Content/Environment/Objects/CleaningTools/Swatter/Scacciamosche_Roughness.uasset" 1261
"C:/Users/cerve/OneDrive/Documenti/Desktop/Tirocinio/TirocinioBadViceGames/Tirocinio_Giuseppe/Content/Environment/Objects/CleaningTools/Swatter/Scacciamosche_Roughness.uexp" 1262
"C:/Users/cerve/OneDrive/Documenti/Desktop/Tirocinio/TirocinioBadViceGames/Tirocinio_Giuseppe/Content/Environment/Objects/CleaningTools/Swatter/Scacciamosche_Normal_OpenGL.ubulk" 1263
"C:/Users/cerve/OneDrive/Documenti/Desktop/Tirocinio/TirocinioBadViceGames/Tirocinio_Giuseppe/Content/Environment/Objects/CleaningTools/Swatter/Scacciamosche_Normal_OpenGL.uasset" 1264
"C:/Users/cerve/OneDrive/Documenti/Desktop/Tirocinio/TirocinioBadViceGames/Tirocinio_Giuseppe/Content/Environment/Objects/CleaningTools/Swatter/Scacciamosche_Normal_OpenGL.uexp" 1265
"C:/Users/cerve/OneDrive/Documenti/Desktop/Tirocinio/TirocinioBadViceGames/Tirocinio_Giuseppe/Content/Environment/Objects/CleaningTools/Swatter/Scacciamosche_Mixed_AO.ubulk" 1266
"C:/Users/cerve/OneDrive/Documenti/Desktop/Tirocinio/TirocinioBadViceGames/Tirocinio_Giuseppe/Content/Environment/Objects/CleaningTools/Swatter/Scacciamosche_Mixed_AO.uasset" 1267
"C:/Users/cerve/OneDrive/Documenti/Desktop/Tirocinio/TirocinioBadViceGames/Tirocinio_Giuseppe/Content/Environment/Objects/CleaningTools/Swatter/Scacciamosche_Mixed_AO.uexp" 1268
"C:/Users/cerve/OneDrive/Documenti/Desktop/Tirocinio/TirocinioBadViceGames/Tirocinio_Giuseppe/Content/Environment/Objects/CleaningTools/Swatter/Scacciamosche_Metallic.ubulk" 1269
"C:/Users/cerve/OneDrive/Documenti/Desktop/Tirocinio/TirocinioBadViceGames/Tirocinio_Giuseppe/Content/Environment/Objects/CleaningTools/Swatter/Scacciamosche_Metallic.uasset" 1270
"C:/Users/cerve/OneDrive/Documenti/Desktop/Tirocinio/TirocinioBadViceGames/Tirocinio_Giuseppe/Content/Environment/Objects/CleaningTools/Swatter/Scacciamosche_Metallic.uexp" 1271
"C:/Users/cerve/OneDrive/Documenti/Desktop/Tirocinio/TirocinioBadViceGames/Tirocinio_Giuseppe/Content/Environment/Objects/CleaningTools/Swatter/Scacciamosche_Base_color.ubulk" 1272
"C:/Users/cerve/OneDrive/Documenti/Desktop/Tirocinio/TirocinioBadViceGames/Tirocinio_Giuseppe/Content/Environment/Objects/CleaningTools/Swatter/Scacciamosche_Base_color.uasset" 1273
"C:/Users/cerve/OneDrive/Documenti/Desktop/Tirocinio/TirocinioBadViceGames/Tirocinio_Giuseppe/Content/Environment/Objects/CleaningTools/Swatter/Scacciamosche_Base_color.uexp" 1274
"C:/Users/cerve/OneDrive/Documenti/Desktop/Tirocinio/TirocinioBadViceGames/Tirocinio_Giuseppe/Content/Environment/Objects/CleaningTools/Swatter/M_Swatter.uasset" 1275
"C:/Users/cerve/OneDrive/Documenti/Desktop/Tirocinio/TirocinioBadViceGames/Tirocinio_Giuseppe/Content/Environment/Objects/CleaningTools/Swatter/M_Swatter.uexp" 1276
"C:/Users/cerve/OneDrive/Documenti/Desktop/Tirocinio/TirocinioBadViceGames/Tirocinio_Giuseppe/Content/Blueprints/Objects/Tools/BP_Swatter.uasset" 1277
"C:/Users/cerve/OneDrive/Documenti/Desktop/Tirocinio/TirocinioBadViceGames/Tirocinio_Giuseppe/Content/Blueprints/Objects/Tools/BP_Swatter.uexp" 1278
"../../../Engine/Content/BasicShapes/Plane.ubulk" 1279
"../../../Engine/Content/BasicShapes/Plane.uasset" 1280
"../../../Engine/Content/BasicShapes/Plane.uexp" 1281
"C:/Users/cerve/OneDrive/Documenti/Desktop/Tirocinio/TirocinioBadViceGames/Tirocinio_Giuseppe/Content/Images/Cockroach_BC.ubulk" 1282
"C:/Users/cerve/OneDrive/Documenti/Desktop/Tirocinio/TirocinioBadViceGames/Tirocinio_Giuseppe/Content/Images/Cockroach_BC.uasset" 1283
"C:/Users/cerve/OneDrive/Documenti/Desktop/Tirocinio/TirocinioBadViceGames/Tirocinio_Giuseppe/Content/Images/Cockroach_BC.uexp" 1284
"C:/Users/cerve/OneDrive/Documenti/Desktop/Tirocinio/TirocinioBadViceGames/Tirocinio_Giuseppe/Content/Materials/M_Cockroach.uasset" 1285
"C:/Users/cerve/OneDrive/Documenti/Desktop/Tirocinio/TirocinioBadViceGames/Tirocinio_Giuseppe/Content/Materials/M_Cockroach.uexp" 1286
"C:/Users/cerve/OneDrive/Documenti/Desktop/Tirocinio/TirocinioBadViceGames/Tirocinio_Giuseppe/Content/Sounds/FileWav/Cockroach_Sound.ubulk" 1287
"C:/Users/cerve/OneDrive/Documenti/Desktop/Tirocinio/TirocinioBadViceGames/Tirocinio_Giuseppe/Content/Sounds/FileWav/Cockroach_Sound.uasset" 1288
"C:/Users/cerve/OneDrive/Documenti/Desktop/Tirocinio/TirocinioBadViceGames/Tirocinio_Giuseppe/Content/Sounds/FileWav/Cockroach_Sound.uexp" 1289
"C:/Users/cerve/OneDrive/Documenti/Desktop/Tirocinio/TirocinioBadViceGames/Tirocinio_Giuseppe/Content/Sounds/SoundCue/Cockroach_SC.uasset" 1290
"C:/Users/cerve/OneDrive/Documenti/Desktop/Tirocinio/TirocinioBadViceGames/Tirocinio_Giuseppe/Content/Sounds/SoundCue/Cockroach_SC.uexp" 1291
"C:/Users/cerve/OneDrive/Documenti/Desktop/Tirocinio/TirocinioBadViceGames/Tirocinio_Giuseppe/Content/Blueprints/Interfaces/BPI_GameInstance.uasset" 1292
"C:/Users/cerve/OneDrive/Documenti/Desktop/Tirocinio/TirocinioBadViceGames/Tirocinio_Giuseppe/Content/Blueprints/Interfaces/BPI_GameInstance.uexp" 1293
"../../../Engine/Content/EngineMaterials/FlatNormal.uasset" 1294
"../../../Engine/Content/EngineMaterials/FlatNormal.uexp" 1295
"C:/Users/cerve/OneDrive/Documenti/Desktop/Tirocinio/TirocinioBadViceGames/Tirocinio_Giuseppe/Content/Images/Decals/Cockroach/Cockroach_Dead_BC.ubulk" 1296
"C:/Users/cerve/OneDrive/Documenti/Desktop/Tirocinio/TirocinioBadViceGames/Tirocinio_Giuseppe/Content/Images/Decals/Cockroach/Cockroach_Dead_BC.uasset" 1297
"C:/Users/cerve/OneDrive/Documenti/Desktop/Tirocinio/TirocinioBadViceGames/Tirocinio_Giuseppe/Content/Images/Decals/Cockroach/Cockroach_Dead_BC.uexp" 1298
"C:/Users/cerve/OneDrive/Documenti/Desktop/Tirocinio/TirocinioBadViceGames/Tirocinio_Giuseppe/Content/Materials/Decals/Stains/M_Cockroach_Dead.uasset" 1299
"C:/Users/cerve/OneDrive/Documenti/Desktop/Tirocinio/TirocinioBadViceGames/Tirocinio_Giuseppe/Content/Materials/Decals/Stains/M_Cockroach_Dead.uexp" 1300
"C:/Users/cerve/OneDrive/Documenti/Desktop/Tirocinio/TirocinioBadViceGames/Tirocinio_Giuseppe/Content/Blueprints/Decal/BP_CockRoachDead.uasset" 1301
"C:/Users/cerve/OneDrive/Documenti/Desktop/Tirocinio/TirocinioBadViceGames/Tirocinio_Giuseppe/Content/Blueprints/Decal/BP_CockRoachDead.uexp" 1302
"C:/Users/cerve/OneDrive/Documenti/Desktop/Tirocinio/TirocinioBadViceGames/Tirocinio_Giuseppe/Content/Blueprints/Objects/CleanableObjects/BP_DeadCockroach.uasset" 1303
"C:/Users/cerve/OneDrive/Documenti/Desktop/Tirocinio/TirocinioBadViceGames/Tirocinio_Giuseppe/Content/Blueprints/Objects/CleanableObjects/BP_DeadCockroach.uexp" 1304
"C:/Users/cerve/OneDrive/Documenti/Desktop/Tirocinio/TirocinioBadViceGames/Tirocinio_Giuseppe/Content/Blueprints/AI/BP_Cockroach.uasset" 1305
"C:/Users/cerve/OneDrive/Documenti/Desktop/Tirocinio/TirocinioBadViceGames/Tirocinio_Giuseppe/Content/Blueprints/AI/BP_Cockroach.uexp" 1306
"C:/Users/cerve/OneDrive/Documenti/Desktop/Tirocinio/TirocinioBadViceGames/Tirocinio_Giuseppe/Content/Environment/Objects/CleaningTools/Duster/Spolverino_Roughness.ubulk" 1307
"C:/Users/cerve/OneDrive/Documenti/Desktop/Tirocinio/TirocinioBadViceGames/Tirocinio_Giuseppe/Content/Environment/Objects/CleaningTools/Duster/Spolverino_Roughness.uasset" 1308
"C:/Users/cerve/OneDrive/Documenti/Desktop/Tirocinio/TirocinioBadViceGames/Tirocinio_Giuseppe/Content/Environment/Objects/CleaningTools/Duster/Spolverino_Roughness.uexp" 1309
"C:/Users/cerve/OneDrive/Documenti/Desktop/Tirocinio/TirocinioBadViceGames/Tirocinio_Giuseppe/Content/Environment/Objects/CleaningTools/Duster/Spolverino_Normal_OpenGL.ubulk" 1310
"C:/Users/cerve/OneDrive/Documenti/Desktop/Tirocinio/TirocinioBadViceGames/Tirocinio_Giuseppe/Content/Environment/Objects/CleaningTools/Duster/Spolverino_Normal_OpenGL.uasset" 1311
"C:/Users/cerve/OneDrive/Documenti/Desktop/Tirocinio/TirocinioBadViceGames/Tirocinio_Giuseppe/Content/Environment/Objects/CleaningTools/Duster/Spolverino_Normal_OpenGL.uexp" 1312
"C:/Users/cerve/OneDrive/Documenti/Desktop/Tirocinio/TirocinioBadViceGames/Tirocinio_Giuseppe/Content/Environment/Objects/CleaningTools/Duster/Spolverino_Mixed_AO.ubulk" 1313
"C:/Users/cerve/OneDrive/Documenti/Desktop/Tirocinio/TirocinioBadViceGames/Tirocinio_Giuseppe/Content/Environment/Objects/CleaningTools/Duster/Spolverino_Mixed_AO.uasset" 1314
"C:/Users/cerve/OneDrive/Documenti/Desktop/Tirocinio/TirocinioBadViceGames/Tirocinio_Giuseppe/Content/Environment/Objects/CleaningTools/Duster/Spolverino_Mixed_AO.uexp" 1315
"C:/Users/cerve/OneDrive/Documenti/Desktop/Tirocinio/TirocinioBadViceGames/Tirocinio_Giuseppe/Content/Environment/Objects/CleaningTools/Duster/Spolverino_Metallic.ubulk" 1316
"C:/Users/cerve/OneDrive/Documenti/Desktop/Tirocinio/TirocinioBadViceGames/Tirocinio_Giuseppe/Content/Environment/Objects/CleaningTools/Duster/Spolverino_Metallic.uasset" 1317
"C:/Users/cerve/OneDrive/Documenti/Desktop/Tirocinio/TirocinioBadViceGames/Tirocinio_Giuseppe/Content/Environment/Objects/CleaningTools/Duster/Spolverino_Metallic.uexp" 1318
"C:/Users/cerve/OneDrive/Documenti/Desktop/Tirocinio/TirocinioBadViceGames/Tirocinio_Giuseppe/Content/Environment/Objects/CleaningTools/Duster/Spolverino_Base_color.ubulk" 1319
"C:/Users/cerve/OneDrive/Documenti/Desktop/Tirocinio/TirocinioBadViceGames/Tirocinio_Giuseppe/Content/Environment/Objects/CleaningTools/Duster/Spolverino_Base_color.uasset" 1320
"C:/Users/cerve/OneDrive/Documenti/Desktop/Tirocinio/TirocinioBadViceGames/Tirocinio_Giuseppe/Content/Environment/Objects/CleaningTools/Duster/Spolverino_Base_color.uexp" 1321
"C:/Users/cerve/OneDrive/Documenti/Desktop/Tirocinio/TirocinioBadViceGames/Tirocinio_Giuseppe/Content/Environment/Objects/CleaningTools/Duster/M_Duster.uasset" 1322
"C:/Users/cerve/OneDrive/Documenti/Desktop/Tirocinio/TirocinioBadViceGames/Tirocinio_Giuseppe/Content/Environment/Objects/CleaningTools/Duster/M_Duster.uexp" 1323
"C:/Users/cerve/OneDrive/Documenti/Desktop/Tirocinio/TirocinioBadViceGames/Tirocinio_Giuseppe/Content/Environment/Objects/Door/Plates/T_Door_Numbers.ubulk" 1324
"C:/Users/cerve/OneDrive/Documenti/Desktop/Tirocinio/TirocinioBadViceGames/Tirocinio_Giuseppe/Content/Environment/Objects/Door/Plates/T_Door_Numbers.uasset" 1325
"C:/Users/cerve/OneDrive/Documenti/Desktop/Tirocinio/TirocinioBadViceGames/Tirocinio_Giuseppe/Content/Environment/Objects/Door/Plates/T_Door_Numbers.uexp" 1326
"C:/Users/cerve/OneDrive/Documenti/Desktop/Tirocinio/TirocinioBadViceGames/Tirocinio_Giuseppe/Content/Materials/MM_MaskedMaterial.uasset" 1327
"C:/Users/cerve/OneDrive/Documenti/Desktop/Tirocinio/TirocinioBadViceGames/Tirocinio_Giuseppe/Content/Materials/MM_MaskedMaterial.uexp" 1328
"C:/Users/cerve/OneDrive/Documenti/Desktop/Tirocinio/TirocinioBadViceGames/Tirocinio_Giuseppe/Content/Environment/Objects/CleaningTools/Duster/Brush_Card_BC.ubulk" 1329
"C:/Users/cerve/OneDrive/Documenti/Desktop/Tirocinio/TirocinioBadViceGames/Tirocinio_Giuseppe/Content/Environment/Objects/CleaningTools/Duster/Brush_Card_BC.uasset" 1330
"C:/Users/cerve/OneDrive/Documenti/Desktop/Tirocinio/TirocinioBadViceGames/Tirocinio_Giuseppe/Content/Environment/Objects/CleaningTools/Duster/Brush_Card_BC.uexp" 1331
"C:/Users/cerve/OneDrive/Documenti/Desktop/Tirocinio/TirocinioBadViceGames/Tirocinio_Giuseppe/Content/Environment/Objects/CleaningTools/Duster/M_MaskedDuster.uasset" 1332
"C:/Users/cerve/OneDrive/Documenti/Desktop/Tirocinio/TirocinioBadViceGames/Tirocinio_Giuseppe/Content/Environment/Objects/CleaningTools/Duster/M_MaskedDuster.uexp" 1333
"C:/Users/cerve/OneDrive/Documenti/Desktop/Tirocinio/TirocinioBadViceGames/Tirocinio_Giuseppe/Content/Environment/Objects/CleaningTools/Duster/Duster_001.ubulk" 1334
"C:/Users/cerve/OneDrive/Documenti/Desktop/Tirocinio/TirocinioBadViceGames/Tirocinio_Giuseppe/Content/Environment/Objects/CleaningTools/Duster/Duster_001.uasset" 1335
"C:/Users/cerve/OneDrive/Documenti/Desktop/Tirocinio/TirocinioBadViceGames/Tirocinio_Giuseppe/Content/Environment/Objects/CleaningTools/Duster/Duster_001.uexp" 1336
"C:/Users/cerve/OneDrive/Documenti/Desktop/Tirocinio/TirocinioBadViceGames/Tirocinio_Giuseppe/Content/Blueprints/Objects/Tools/BP_Duster.uasset" 1337
"C:/Users/cerve/OneDrive/Documenti/Desktop/Tirocinio/TirocinioBadViceGames/Tirocinio_Giuseppe/Content/Blueprints/Objects/Tools/BP_Duster.uexp" 1338
"C:/Users/cerve/OneDrive/Documenti/Desktop/Tirocinio/TirocinioBadViceGames/Tirocinio_Giuseppe/Content/Blueprints/Objects/BP_TriggerZoneForOutsideClosing.uasset" 1339
"C:/Users/cerve/OneDrive/Documenti/Desktop/Tirocinio/TirocinioBadViceGames/Tirocinio_Giuseppe/Content/Blueprints/Objects/BP_TriggerZoneForOutsideClosing.uexp" 1340
"C:/Users/cerve/OneDrive/Documenti/Desktop/Tirocinio/TirocinioBadViceGames/Tirocinio_Giuseppe/Content/Blueprints/Objects/BP_TriggerZoneForInsideClosing.uasset" 1341
"C:/Users/cerve/OneDrive/Documenti/Desktop/Tirocinio/TirocinioBadViceGames/Tirocinio_Giuseppe/Content/Blueprints/Objects/BP_TriggerZoneForInsideClosing.uexp" 1342
"C:/Users/cerve/OneDrive/Documenti/Desktop/Tirocinio/TirocinioBadViceGames/Tirocinio_Giuseppe/Content/Textures/Flat_Black_Texture.uasset" 1343
"C:/Users/cerve/OneDrive/Documenti/Desktop/Tirocinio/TirocinioBadViceGames/Tirocinio_Giuseppe/Content/Textures/Flat_Black_Texture.uexp" 1344
"C:/Users/cerve/OneDrive/Documenti/Desktop/Tirocinio/TirocinioBadViceGames/Tirocinio_Giuseppe/Content/Environment/Objects/Door/T_Door_Roughness_Type_001.ubulk" 1345
"C:/Users/cerve/OneDrive/Documenti/Desktop/Tirocinio/TirocinioBadViceGames/Tirocinio_Giuseppe/Content/Environment/Objects/Door/T_Door_Roughness_Type_001.uasset" 1346
"C:/Users/cerve/OneDrive/Documenti/Desktop/Tirocinio/TirocinioBadViceGames/Tirocinio_Giuseppe/Content/Environment/Objects/Door/T_Door_Roughness_Type_001.uexp" 1347
"C:/Users/cerve/OneDrive/Documenti/Desktop/Tirocinio/TirocinioBadViceGames/Tirocinio_Giuseppe/Content/Environment/Objects/Door/T_Door_Normal_Type_001.ubulk" 1348
"C:/Users/cerve/OneDrive/Documenti/Desktop/Tirocinio/TirocinioBadViceGames/Tirocinio_Giuseppe/Content/Environment/Objects/Door/T_Door_Normal_Type_001.uasset" 1349
"C:/Users/cerve/OneDrive/Documenti/Desktop/Tirocinio/TirocinioBadViceGames/Tirocinio_Giuseppe/Content/Environment/Objects/Door/T_Door_Normal_Type_001.uexp" 1350
"C:/Users/cerve/OneDrive/Documenti/Desktop/Tirocinio/TirocinioBadViceGames/Tirocinio_Giuseppe/Content/Environment/Objects/Door/T_Door_BaseColor_Type_001.ubulk" 1351
"C:/Users/cerve/OneDrive/Documenti/Desktop/Tirocinio/TirocinioBadViceGames/Tirocinio_Giuseppe/Content/Environment/Objects/Door/T_Door_BaseColor_Type_001.uasset" 1352
"C:/Users/cerve/OneDrive/Documenti/Desktop/Tirocinio/TirocinioBadViceGames/Tirocinio_Giuseppe/Content/Environment/Objects/Door/T_Door_BaseColor_Type_001.uexp" 1353
"C:/Users/cerve/OneDrive/Documenti/Desktop/Tirocinio/TirocinioBadViceGames/Tirocinio_Giuseppe/Content/Environment/Objects/Door/T_Door_AO_Type_001.ubulk" 1354
"C:/Users/cerve/OneDrive/Documenti/Desktop/Tirocinio/TirocinioBadViceGames/Tirocinio_Giuseppe/Content/Environment/Objects/Door/T_Door_AO_Type_001.uasset" 1355
"C:/Users/cerve/OneDrive/Documenti/Desktop/Tirocinio/TirocinioBadViceGames/Tirocinio_Giuseppe/Content/Environment/Objects/Door/T_Door_AO_Type_001.uexp" 1356
"C:/Users/cerve/OneDrive/Documenti/Desktop/Tirocinio/TirocinioBadViceGames/Tirocinio_Giuseppe/Content/Environment/Objects/Door/M_Door_Type_001.uasset" 1357
"C:/Users/cerve/OneDrive/Documenti/Desktop/Tirocinio/TirocinioBadViceGames/Tirocinio_Giuseppe/Content/Environment/Objects/Door/M_Door_Type_001.uexp" 1358
"C:/Users/cerve/OneDrive/Documenti/Desktop/Tirocinio/TirocinioBadViceGames/Tirocinio_Giuseppe/Content/Environment/Objects/Door/RightHallway_Door.ubulk" 1359
"C:/Users/cerve/OneDrive/Documenti/Desktop/Tirocinio/TirocinioBadViceGames/Tirocinio_Giuseppe/Content/Environment/Objects/Door/RightHallway_Door.uasset" 1360
"C:/Users/cerve/OneDrive/Documenti/Desktop/Tirocinio/TirocinioBadViceGames/Tirocinio_Giuseppe/Content/Environment/Objects/Door/RightHallway_Door.uexp" 1361
"C:/Users/cerve/OneDrive/Documenti/Desktop/Tirocinio/TirocinioBadViceGames/Tirocinio_Giuseppe/Content/Sounds/FileWav/Door/Door_Opening.ubulk" 1362
"C:/Users/cerve/OneDrive/Documenti/Desktop/Tirocinio/TirocinioBadViceGames/Tirocinio_Giuseppe/Content/Sounds/FileWav/Door/Door_Opening.uasset" 1363
"C:/Users/cerve/OneDrive/Documenti/Desktop/Tirocinio/TirocinioBadViceGames/Tirocinio_Giuseppe/Content/Sounds/FileWav/Door/Door_Opening.uexp" 1364
"C:/Users/cerve/OneDrive/Documenti/Desktop/Tirocinio/TirocinioBadViceGames/Tirocinio_Giuseppe/Content/Sounds/SoundCue/DoorCreaking_SC.uasset" 1365
"C:/Users/cerve/OneDrive/Documenti/Desktop/Tirocinio/TirocinioBadViceGames/Tirocinio_Giuseppe/Content/Sounds/SoundCue/DoorCreaking_SC.uexp" 1366
"C:/Users/cerve/OneDrive/Documenti/Desktop/Tirocinio/TirocinioBadViceGames/Tirocinio_Giuseppe/Content/Sounds/FileWav/Door/Door_Closing.ubulk" 1367
"C:/Users/cerve/OneDrive/Documenti/Desktop/Tirocinio/TirocinioBadViceGames/Tirocinio_Giuseppe/Content/Sounds/FileWav/Door/Door_Closing.uasset" 1368
"C:/Users/cerve/OneDrive/Documenti/Desktop/Tirocinio/TirocinioBadViceGames/Tirocinio_Giuseppe/Content/Sounds/FileWav/Door/Door_Closing.uexp" 1369
"C:/Users/cerve/OneDrive/Documenti/Desktop/Tirocinio/TirocinioBadViceGames/Tirocinio_Giuseppe/Content/Environment/Objects/Door/Plates/M_Door_Plate.uasset" 1370
"C:/Users/cerve/OneDrive/Documenti/Desktop/Tirocinio/TirocinioBadViceGames/Tirocinio_Giuseppe/Content/Environment/Objects/Door/Plates/M_Door_Plate.uexp" 1371
"C:/Users/cerve/OneDrive/Documenti/Desktop/Tirocinio/TirocinioBadViceGames/Tirocinio_Giuseppe/Content/Environment/Objects/Door/Plates/Plate_015.ubulk" 1372
"C:/Users/cerve/OneDrive/Documenti/Desktop/Tirocinio/TirocinioBadViceGames/Tirocinio_Giuseppe/Content/Environment/Objects/Door/Plates/Plate_015.uasset" 1373
"C:/Users/cerve/OneDrive/Documenti/Desktop/Tirocinio/TirocinioBadViceGames/Tirocinio_Giuseppe/Content/Environment/Objects/Door/Plates/Plate_015.uexp" 1374
"C:/Users/cerve/OneDrive/Documenti/Desktop/Tirocinio/TirocinioBadViceGames/Tirocinio_Giuseppe/Content/Blueprints/Objects/Quest/BP_RightNeutralRoomDoor.uasset" 1375
"C:/Users/cerve/OneDrive/Documenti/Desktop/Tirocinio/TirocinioBadViceGames/Tirocinio_Giuseppe/Content/Blueprints/Objects/Quest/BP_RightNeutralRoomDoor.uexp" 1376
"C:/Users/cerve/OneDrive/Documenti/Desktop/Tirocinio/TirocinioBadViceGames/Tirocinio_Giuseppe/Content/Sounds/FileWav/Elevator_Moving_Sound.ubulk" 1377
"C:/Users/cerve/OneDrive/Documenti/Desktop/Tirocinio/TirocinioBadViceGames/Tirocinio_Giuseppe/Content/Sounds/FileWav/Elevator_Moving_Sound.uasset" 1378
"C:/Users/cerve/OneDrive/Documenti/Desktop/Tirocinio/TirocinioBadViceGames/Tirocinio_Giuseppe/Content/Sounds/FileWav/Elevator_Moving_Sound.uexp" 1379
"C:/Users/cerve/OneDrive/Documenti/Desktop/Tirocinio/TirocinioBadViceGames/Tirocinio_Giuseppe/Content/Sounds/SoundCue/ElevatorMoving_SC.uasset" 1380
"C:/Users/cerve/OneDrive/Documenti/Desktop/Tirocinio/TirocinioBadViceGames/Tirocinio_Giuseppe/Content/Sounds/SoundCue/ElevatorMoving_SC.uexp" 1381
"C:/Users/cerve/OneDrive/Documenti/Desktop/Tirocinio/TirocinioBadViceGames/Tirocinio_Giuseppe/Content/Sounds/FileWav/Elevator_Ding_Sound.ubulk" 1382
"C:/Users/cerve/OneDrive/Documenti/Desktop/Tirocinio/TirocinioBadViceGames/Tirocinio_Giuseppe/Content/Sounds/FileWav/Elevator_Ding_Sound.uasset" 1383
"C:/Users/cerve/OneDrive/Documenti/Desktop/Tirocinio/TirocinioBadViceGames/Tirocinio_Giuseppe/Content/Sounds/FileWav/Elevator_Ding_Sound.uexp" 1384
"C:/Users/cerve/OneDrive/Documenti/Desktop/Tirocinio/TirocinioBadViceGames/Tirocinio_Giuseppe/Content/Sounds/SoundCue/ElevatorDing_SC.uasset" 1385
"C:/Users/cerve/OneDrive/Documenti/Desktop/Tirocinio/TirocinioBadViceGames/Tirocinio_Giuseppe/Content/Sounds/SoundCue/ElevatorDing_SC.uexp" 1386
"C:/Users/cerve/OneDrive/Documenti/Desktop/Tirocinio/TirocinioBadViceGames/Tirocinio_Giuseppe/Content/Sounds/FileWav/Door/Door_Unlocked.ubulk" 1387
"C:/Users/cerve/OneDrive/Documenti/Desktop/Tirocinio/TirocinioBadViceGames/Tirocinio_Giuseppe/Content/Sounds/FileWav/Door/Door_Unlocked.uasset" 1388
"C:/Users/cerve/OneDrive/Documenti/Desktop/Tirocinio/TirocinioBadViceGames/Tirocinio_Giuseppe/Content/Sounds/FileWav/Door/Door_Unlocked.uexp" 1389
"C:/Users/cerve/OneDrive/Documenti/Desktop/Tirocinio/TirocinioBadViceGames/Tirocinio_Giuseppe/Content/Sounds/SoundCue/DoorUnlocked_SC.uasset" 1390
"C:/Users/cerve/OneDrive/Documenti/Desktop/Tirocinio/TirocinioBadViceGames/Tirocinio_Giuseppe/Content/Sounds/SoundCue/DoorUnlocked_SC.uexp" 1391
"C:/Users/cerve/OneDrive/Documenti/Desktop/Tirocinio/TirocinioBadViceGames/Tirocinio_Giuseppe/Content/Blueprints/Interfaces/BPI_Light.uasset" 1392
"C:/Users/cerve/OneDrive/Documenti/Desktop/Tirocinio/TirocinioBadViceGames/Tirocinio_Giuseppe/Content/Blueprints/Interfaces/BPI_Light.uexp" 1393
"C:/Users/cerve/OneDrive/Documenti/Desktop/Tirocinio/TirocinioBadViceGames/Tirocinio_Giuseppe/Content/Materials/Fonts/Standard_FF.uexp" 1394
"C:/Users/cerve/OneDrive/Documenti/Desktop/Tirocinio/TirocinioBadViceGames/Tirocinio_Giuseppe/Content/Materials/Fonts/Standard_FF.uasset" 1395
"C:/Users/cerve/OneDrive/Documenti/Desktop/Tirocinio/TirocinioBadViceGames/Tirocinio_Giuseppe/Content/Materials/Fonts/Standard_FF.ufont" 1396
"C:/Users/cerve/OneDrive/Documenti/Desktop/Tirocinio/TirocinioBadViceGames/Tirocinio_Giuseppe/Content/Materials/Fonts/Standard_F.uasset" 1397
"C:/Users/cerve/OneDrive/Documenti/Desktop/Tirocinio/TirocinioBadViceGames/Tirocinio_Giuseppe/Content/Materials/Fonts/Standard_F.uexp" 1398
"C:/Users/cerve/OneDrive/Documenti/Desktop/Tirocinio/TirocinioBadViceGames/Tirocinio_Giuseppe/Content/Blueprints/UI/WBP_FinalScreen.uasset" 1399
"C:/Users/cerve/OneDrive/Documenti/Desktop/Tirocinio/TirocinioBadViceGames/Tirocinio_Giuseppe/Content/Blueprints/UI/WBP_FinalScreen.uexp" 1400
"C:/Users/cerve/OneDrive/Documenti/Desktop/Tirocinio/TirocinioBadViceGames/Tirocinio_Giuseppe/Content/Images/Decals/Blood/Cleanse_their_sins.uasset" 1401
"C:/Users/cerve/OneDrive/Documenti/Desktop/Tirocinio/TirocinioBadViceGames/Tirocinio_Giuseppe/Content/Images/Decals/Blood/Cleanse_their_sins.uexp" 1402
"C:/Users/cerve/OneDrive/Documenti/Desktop/Tirocinio/TirocinioBadViceGames/Tirocinio_Giuseppe/Content/Sounds/SoundCue/NotInteractableCockroach_SC.uasset" 1403
"C:/Users/cerve/OneDrive/Documenti/Desktop/Tirocinio/TirocinioBadViceGames/Tirocinio_Giuseppe/Content/Sounds/SoundCue/NotInteractableCockroach_SC.uexp" 1404
"C:/Users/cerve/OneDrive/Documenti/Desktop/Tirocinio/TirocinioBadViceGames/Tirocinio_Giuseppe/Content/Blueprints/AI/BP_NotInteractableCockroach.uasset" 1405
"C:/Users/cerve/OneDrive/Documenti/Desktop/Tirocinio/TirocinioBadViceGames/Tirocinio_Giuseppe/Content/Blueprints/AI/BP_NotInteractableCockroach.uexp" 1406
"C:/Users/cerve/OneDrive/Documenti/Desktop/Tirocinio/TirocinioBadViceGames/Tirocinio_Giuseppe/Content/Images/Decals/Blood/Dispose_of_their_regrets.uasset" 1407
"C:/Users/cerve/OneDrive/Documenti/Desktop/Tirocinio/TirocinioBadViceGames/Tirocinio_Giuseppe/Content/Images/Decals/Blood/Dispose_of_their_regrets.uexp" 1408
"C:/Users/cerve/OneDrive/Documenti/Desktop/Tirocinio/TirocinioBadViceGames/Tirocinio_Giuseppe/Content/Textures/T_Flat_White.uasset" 1409
"C:/Users/cerve/OneDrive/Documenti/Desktop/Tirocinio/TirocinioBadViceGames/Tirocinio_Giuseppe/Content/Textures/T_Flat_White.uexp" 1410
"C:/Users/cerve/OneDrive/Documenti/Desktop/Tirocinio/TirocinioBadViceGames/Tirocinio_Giuseppe/Content/Environment/Hallway/Wall/Heaven/T_HeavenWalls_N.uasset" 1411
"C:/Users/cerve/OneDrive/Documenti/Desktop/Tirocinio/TirocinioBadViceGames/Tirocinio_Giuseppe/Content/Environment/Hallway/Wall/Heaven/T_HeavenWalls_N.uexp" 1412
"C:/Users/cerve/OneDrive/Documenti/Desktop/Tirocinio/TirocinioBadViceGames/Tirocinio_Giuseppe/Content/Environment/Hallway/Wall/Heaven/T_HeavenWalls_AO.uasset" 1413
"C:/Users/cerve/OneDrive/Documenti/Desktop/Tirocinio/TirocinioBadViceGames/Tirocinio_Giuseppe/Content/Environment/Hallway/Wall/Heaven/T_HeavenWalls_AO.uexp" 1414
"C:/Users/cerve/OneDrive/Documenti/Desktop/Tirocinio/TirocinioBadViceGames/Tirocinio_Giuseppe/Content/Environment/Hallway/Wall/Heaven/HeavenWall_BaseColor.uasset" 1415
"C:/Users/cerve/OneDrive/Documenti/Desktop/Tirocinio/TirocinioBadViceGames/Tirocinio_Giuseppe/Content/Environment/Hallway/Wall/Heaven/HeavenWall_BaseColor.uexp" 1416
"C:/Users/cerve/OneDrive/Documenti/Desktop/Tirocinio/TirocinioBadViceGames/Tirocinio_Giuseppe/Content/Environment/Hallway/Wall/Heaven/M_HeavenWall.uasset" 1417
"C:/Users/cerve/OneDrive/Documenti/Desktop/Tirocinio/TirocinioBadViceGames/Tirocinio_Giuseppe/Content/Environment/Hallway/Wall/Heaven/M_HeavenWall.uexp" 1418
"C:/Users/cerve/OneDrive/Documenti/Desktop/Tirocinio/TirocinioBadViceGames/Tirocinio_Giuseppe/Content/Environment/Hallway/Floor/Wood_ParquetChevron_R.ubulk" 1419
"C:/Users/cerve/OneDrive/Documenti/Desktop/Tirocinio/TirocinioBadViceGames/Tirocinio_Giuseppe/Content/Environment/Hallway/Floor/Wood_ParquetChevron_R.uasset" 1420
"C:/Users/cerve/OneDrive/Documenti/Desktop/Tirocinio/TirocinioBadViceGames/Tirocinio_Giuseppe/Content/Environment/Hallway/Floor/Wood_ParquetChevron_R.uexp" 1421
"C:/Users/cerve/OneDrive/Documenti/Desktop/Tirocinio/TirocinioBadViceGames/Tirocinio_Giuseppe/Content/Environment/Hallway/Floor/Wood_ParquetChevron_N.ubulk" 1422
"C:/Users/cerve/OneDrive/Documenti/Desktop/Tirocinio/TirocinioBadViceGames/Tirocinio_Giuseppe/Content/Environment/Hallway/Floor/Wood_ParquetChevron_N.uasset" 1423
"C:/Users/cerve/OneDrive/Documenti/Desktop/Tirocinio/TirocinioBadViceGames/Tirocinio_Giuseppe/Content/Environment/Hallway/Floor/Wood_ParquetChevron_N.uexp" 1424
"C:/Users/cerve/OneDrive/Documenti/Desktop/Tirocinio/TirocinioBadViceGames/Tirocinio_Giuseppe/Content/Environment/Hallway/Floor/HeavenFloor_BaseColor.uasset" 1425
"C:/Users/cerve/OneDrive/Documenti/Desktop/Tirocinio/TirocinioBadViceGames/Tirocinio_Giuseppe/Content/Environment/Hallway/Floor/HeavenFloor_BaseColor.uexp" 1426
"C:/Users/cerve/OneDrive/Documenti/Desktop/Tirocinio/TirocinioBadViceGames/Tirocinio_Giuseppe/Content/Environment/Hallway/Floor/M_HeavenFloor.uasset" 1427
"C:/Users/cerve/OneDrive/Documenti/Desktop/Tirocinio/TirocinioBadViceGames/Tirocinio_Giuseppe/Content/Environment/Hallway/Floor/M_HeavenFloor.uexp" 1428
"C:/Users/cerve/OneDrive/Documenti/Desktop/Tirocinio/TirocinioBadViceGames/Tirocinio_Giuseppe/Content/Environment/Hallway/Ceiling/T_Ceiling_Roughness.ubulk" 1429
"C:/Users/cerve/OneDrive/Documenti/Desktop/Tirocinio/TirocinioBadViceGames/Tirocinio_Giuseppe/Content/Environment/Hallway/Ceiling/T_Ceiling_Roughness.uasset" 1430
"C:/Users/cerve/OneDrive/Documenti/Desktop/Tirocinio/TirocinioBadViceGames/Tirocinio_Giuseppe/Content/Environment/Hallway/Ceiling/T_Ceiling_Roughness.uexp" 1431
"C:/Users/cerve/OneDrive/Documenti/Desktop/Tirocinio/TirocinioBadViceGames/Tirocinio_Giuseppe/Content/Environment/Hallway/Ceiling/T_Ceiling_Normal.ubulk" 1432
"C:/Users/cerve/OneDrive/Documenti/Desktop/Tirocinio/TirocinioBadViceGames/Tirocinio_Giuseppe/Content/Environment/Hallway/Ceiling/T_Ceiling_Normal.uasset" 1433
"C:/Users/cerve/OneDrive/Documenti/Desktop/Tirocinio/TirocinioBadViceGames/Tirocinio_Giuseppe/Content/Environment/Hallway/Ceiling/T_Ceiling_Normal.uexp" 1434
"C:/Users/cerve/OneDrive/Documenti/Desktop/Tirocinio/TirocinioBadViceGames/Tirocinio_Giuseppe/Content/Environment/Hallway/Ceiling/T_Ceiling_AO.ubulk" 1435
"C:/Users/cerve/OneDrive/Documenti/Desktop/Tirocinio/TirocinioBadViceGames/Tirocinio_Giuseppe/Content/Environment/Hallway/Ceiling/T_Ceiling_AO.uasset" 1436
"C:/Users/cerve/OneDrive/Documenti/Desktop/Tirocinio/TirocinioBadViceGames/Tirocinio_Giuseppe/Content/Environment/Hallway/Ceiling/T_Ceiling_AO.uexp" 1437
"C:/Users/cerve/OneDrive/Documenti/Desktop/Tirocinio/TirocinioBadViceGames/Tirocinio_Giuseppe/Content/Environment/Hallway/Ceiling/White_Wood_BC.ubulk" 1438
"C:/Users/cerve/OneDrive/Documenti/Desktop/Tirocinio/TirocinioBadViceGames/Tirocinio_Giuseppe/Content/Environment/Hallway/Ceiling/White_Wood_BC.uasset" 1439
"C:/Users/cerve/OneDrive/Documenti/Desktop/Tirocinio/TirocinioBadViceGames/Tirocinio_Giuseppe/Content/Environment/Hallway/Ceiling/White_Wood_BC.uexp" 1440
"C:/Users/cerve/OneDrive/Documenti/Desktop/Tirocinio/TirocinioBadViceGames/Tirocinio_Giuseppe/Content/Environment/Hallway/Ceiling/M_HeavenCeiling.uasset" 1441
"C:/Users/cerve/OneDrive/Documenti/Desktop/Tirocinio/TirocinioBadViceGames/Tirocinio_Giuseppe/Content/Environment/Hallway/Ceiling/M_HeavenCeiling.uexp" 1442
"C:/Users/cerve/OneDrive/Documenti/Desktop/Tirocinio/TirocinioBadViceGames/Tirocinio_Giuseppe/Content/Environment/Hallway/BaseBoard/Hell/T_SkirtingBoard_AO_Type_001.ubulk" 1443
"C:/Users/cerve/OneDrive/Documenti/Desktop/Tirocinio/TirocinioBadViceGames/Tirocinio_Giuseppe/Content/Environment/Hallway/BaseBoard/Hell/T_SkirtingBoard_AO_Type_001.uasset" 1444
"C:/Users/cerve/OneDrive/Documenti/Desktop/Tirocinio/TirocinioBadViceGames/Tirocinio_Giuseppe/Content/Environment/Hallway/BaseBoard/Hell/T_SkirtingBoard_AO_Type_001.uexp" 1445
"C:/Users/cerve/OneDrive/Documenti/Desktop/Tirocinio/TirocinioBadViceGames/Tirocinio_Giuseppe/Content/Environment/Hallway/BaseBoard/Heaven/T_Heaven_BaseBoard_Spec.uasset" 1446
"C:/Users/cerve/OneDrive/Documenti/Desktop/Tirocinio/TirocinioBadViceGames/Tirocinio_Giuseppe/Content/Environment/Hallway/BaseBoard/Heaven/T_Heaven_BaseBoard_Spec.uexp" 1447
"C:/Users/cerve/OneDrive/Documenti/Desktop/Tirocinio/TirocinioBadViceGames/Tirocinio_Giuseppe/Content/Environment/Hallway/BaseBoard/Heaven/T_Heaven_BaseBoard_N.uasset" 1448
"C:/Users/cerve/OneDrive/Documenti/Desktop/Tirocinio/TirocinioBadViceGames/Tirocinio_Giuseppe/Content/Environment/Hallway/BaseBoard/Heaven/T_Heaven_BaseBoard_N.uexp" 1449
"C:/Users/cerve/OneDrive/Documenti/Desktop/Tirocinio/TirocinioBadViceGames/Tirocinio_Giuseppe/Content/Environment/Hallway/BaseBoard/Heaven/T_Heaven_BaseBoard_BC.uasset" 1450
"C:/Users/cerve/OneDrive/Documenti/Desktop/Tirocinio/TirocinioBadViceGames/Tirocinio_Giuseppe/Content/Environment/Hallway/BaseBoard/Heaven/T_Heaven_BaseBoard_BC.uexp" 1451
"C:/Users/cerve/OneDrive/Documenti/Desktop/Tirocinio/TirocinioBadViceGames/Tirocinio_Giuseppe/Content/Environment/Hallway/BaseBoard/Heaven/M_BaseBoard_Heaven.uasset" 1452
"C:/Users/cerve/OneDrive/Documenti/Desktop/Tirocinio/TirocinioBadViceGames/Tirocinio_Giuseppe/Content/Environment/Hallway/BaseBoard/Heaven/M_BaseBoard_Heaven.uexp" 1453
"C:/Users/cerve/OneDrive/Documenti/Desktop/Tirocinio/TirocinioBadViceGames/Tirocinio_Giuseppe/Content/Blueprints/Singletons/BP_ScriptManager.uasset" 1454
"C:/Users/cerve/OneDrive/Documenti/Desktop/Tirocinio/TirocinioBadViceGames/Tirocinio_Giuseppe/Content/Blueprints/Singletons/BP_ScriptManager.uexp" 1455
"C:/Users/cerve/OneDrive/Documenti/Desktop/Tirocinio/TirocinioBadViceGames/Tirocinio_Giuseppe/Content/Blueprints/UI/WBP_ObjectiveList.uasset" 1456
"C:/Users/cerve/OneDrive/Documenti/Desktop/Tirocinio/TirocinioBadViceGames/Tirocinio_Giuseppe/Content/Blueprints/UI/WBP_ObjectiveList.uexp" 1457
"C:/Users/cerve/OneDrive/Documenti/Desktop/Tirocinio/TirocinioBadViceGames/Tirocinio_Giuseppe/Content/Blueprints/Singletons/BP_QuestManager.uasset" 1458
"C:/Users/cerve/OneDrive/Documenti/Desktop/Tirocinio/TirocinioBadViceGames/Tirocinio_Giuseppe/Content/Blueprints/Singletons/BP_QuestManager.uexp" 1459
"C:/Users/cerve/OneDrive/Documenti/Desktop/Tirocinio/TirocinioBadViceGames/Tirocinio_Giuseppe/Content/Blueprints/Singletons/BP_SaveGame.uasset" 1460
"C:/Users/cerve/OneDrive/Documenti/Desktop/Tirocinio/TirocinioBadViceGames/Tirocinio_Giuseppe/Content/Blueprints/Singletons/BP_SaveGame.uexp" 1461
"C:/Users/cerve/OneDrive/Documenti/Desktop/Tirocinio/TirocinioBadViceGames/Tirocinio_Giuseppe/Content/Materials/Fonts/Dialogues_FF.uexp" 1462
"C:/Users/cerve/OneDrive/Documenti/Desktop/Tirocinio/TirocinioBadViceGames/Tirocinio_Giuseppe/Content/Materials/Fonts/Dialogues_FF.uasset" 1463
"C:/Users/cerve/OneDrive/Documenti/Desktop/Tirocinio/TirocinioBadViceGames/Tirocinio_Giuseppe/Content/Materials/Fonts/Dialogues_FF.ufont" 1464
"C:/Users/cerve/OneDrive/Documenti/Desktop/Tirocinio/TirocinioBadViceGames/Tirocinio_Giuseppe/Content/Materials/Fonts/Dialogues_F.uasset" 1465
"C:/Users/cerve/OneDrive/Documenti/Desktop/Tirocinio/TirocinioBadViceGames/Tirocinio_Giuseppe/Content/Materials/Fonts/Dialogues_F.uexp" 1466
"C:/Users/cerve/OneDrive/Documenti/Desktop/Tirocinio/TirocinioBadViceGames/Tirocinio_Giuseppe/Content/Blueprints/Dialogues/Dialogue_Struct.uasset" 1467
"C:/Users/cerve/OneDrive/Documenti/Desktop/Tirocinio/TirocinioBadViceGames/Tirocinio_Giuseppe/Content/Blueprints/Dialogues/Dialogue_Struct.uexp" 1468
"C:/Users/cerve/OneDrive/Documenti/Desktop/Tirocinio/TirocinioBadViceGames/Tirocinio_Giuseppe/Content/Blueprints/UI/WBP_Dialogues.uasset" 1469
"C:/Users/cerve/OneDrive/Documenti/Desktop/Tirocinio/TirocinioBadViceGames/Tirocinio_Giuseppe/Content/Blueprints/UI/WBP_Dialogues.uexp" 1470
"C:/Users/cerve/OneDrive/Documenti/Desktop/Tirocinio/TirocinioBadViceGames/Tirocinio_Giuseppe/Content/Blueprints/UI/WBP_ScreenInputs.uasset" 1471
"C:/Users/cerve/OneDrive/Documenti/Desktop/Tirocinio/TirocinioBadViceGames/Tirocinio_Giuseppe/Content/Blueprints/UI/WBP_ScreenInputs.uexp" 1472
"C:/Users/cerve/OneDrive/Documenti/Desktop/Tirocinio/TirocinioBadViceGames/Tirocinio_Giuseppe/Content/Sounds/FileWav/ButtonSelect_Sound.ubulk" 1473
"C:/Users/cerve/OneDrive/Documenti/Desktop/Tirocinio/TirocinioBadViceGames/Tirocinio_Giuseppe/Content/Sounds/FileWav/ButtonSelect_Sound.uasset" 1474
"C:/Users/cerve/OneDrive/Documenti/Desktop/Tirocinio/TirocinioBadViceGames/Tirocinio_Giuseppe/Content/Sounds/FileWav/ButtonSelect_Sound.uexp" 1475
"C:/Users/cerve/OneDrive/Documenti/Desktop/Tirocinio/TirocinioBadViceGames/Tirocinio_Giuseppe/Content/Sounds/FileWav/ButtonHover_Sound.ubulk" 1476
"C:/Users/cerve/OneDrive/Documenti/Desktop/Tirocinio/TirocinioBadViceGames/Tirocinio_Giuseppe/Content/Sounds/FileWav/ButtonHover_Sound.uasset" 1477
"C:/Users/cerve/OneDrive/Documenti/Desktop/Tirocinio/TirocinioBadViceGames/Tirocinio_Giuseppe/Content/Sounds/FileWav/ButtonHover_Sound.uexp" 1478
"C:/Users/cerve/OneDrive/Documenti/Desktop/Tirocinio/TirocinioBadViceGames/Tirocinio_Giuseppe/Content/ModernCasualUiPack/Textures/C_UI/T_C_UI_Red.uasset" 1479
"C:/Users/cerve/OneDrive/Documenti/Desktop/Tirocinio/TirocinioBadViceGames/Tirocinio_Giuseppe/Content/ModernCasualUiPack/Textures/C_UI/T_C_UI_Red.uexp" 1480
"C:/Users/cerve/OneDrive/Documenti/Desktop/Tirocinio/TirocinioBadViceGames/Tirocinio_Giuseppe/Content/Blueprints/UI/Base/WBP_BaseText.uasset" 1481
"C:/Users/cerve/OneDrive/Documenti/Desktop/Tirocinio/TirocinioBadViceGames/Tirocinio_Giuseppe/Content/Blueprints/UI/Base/WBP_BaseText.uexp" 1482
"C:/Users/cerve/OneDrive/Documenti/Desktop/Tirocinio/TirocinioBadViceGames/Tirocinio_Giuseppe/Content/Blueprints/UI/Base/WBP_BaseButton.uasset" 1483
"C:/Users/cerve/OneDrive/Documenti/Desktop/Tirocinio/TirocinioBadViceGames/Tirocinio_Giuseppe/Content/Blueprints/UI/Base/WBP_BaseButton.uexp" 1484
"C:/Users/cerve/OneDrive/Documenti/Desktop/Tirocinio/TirocinioBadViceGames/Tirocinio_Giuseppe/Content/Textures/UI/Red_Arrow_R.uasset" 1485
"C:/Users/cerve/OneDrive/Documenti/Desktop/Tirocinio/TirocinioBadViceGames/Tirocinio_Giuseppe/Content/Textures/UI/Red_Arrow_R.uexp" 1486
"C:/Users/cerve/OneDrive/Documenti/Desktop/Tirocinio/TirocinioBadViceGames/Tirocinio_Giuseppe/Content/Textures/UI/Red_Arrow_L.uasset" 1487
"C:/Users/cerve/OneDrive/Documenti/Desktop/Tirocinio/TirocinioBadViceGames/Tirocinio_Giuseppe/Content/Textures/UI/Red_Arrow_L.uexp" 1488
"C:/Users/cerve/OneDrive/Documenti/Desktop/Tirocinio/TirocinioBadViceGames/Tirocinio_Giuseppe/Content/Blueprints/UI/Base/WBP_BaseScaler.uasset" 1489
"C:/Users/cerve/OneDrive/Documenti/Desktop/Tirocinio/TirocinioBadViceGames/Tirocinio_Giuseppe/Content/Blueprints/UI/Base/WBP_BaseScaler.uexp" 1490
"C:/Users/cerve/OneDrive/Documenti/Desktop/Tirocinio/TirocinioBadViceGames/Tirocinio_Giuseppe/Content/Blueprints/UI/MainMenu/WBP_GraphicSettings.uasset" 1491
"C:/Users/cerve/OneDrive/Documenti/Desktop/Tirocinio/TirocinioBadViceGames/Tirocinio_Giuseppe/Content/Blueprints/UI/MainMenu/WBP_GraphicSettings.uexp" 1492
"C:/Users/cerve/OneDrive/Documenti/Desktop/Tirocinio/TirocinioBadViceGames/Tirocinio_Giuseppe/Content/Blueprints/UI/MainMenu/WBP_AudioSettings.uasset" 1493
"C:/Users/cerve/OneDrive/Documenti/Desktop/Tirocinio/TirocinioBadViceGames/Tirocinio_Giuseppe/Content/Blueprints/UI/MainMenu/WBP_AudioSettings.uexp" 1494
"C:/Users/cerve/OneDrive/Documenti/Desktop/Tirocinio/TirocinioBadViceGames/Tirocinio_Giuseppe/Content/Blueprints/UI/WBP_PauseMenu.uasset" 1495
"C:/Users/cerve/OneDrive/Documenti/Desktop/Tirocinio/TirocinioBadViceGames/Tirocinio_Giuseppe/Content/Blueprints/UI/WBP_PauseMenu.uexp" 1496
"C:/Users/cerve/OneDrive/Documenti/Desktop/Tirocinio/TirocinioBadViceGames/Tirocinio_Giuseppe/Content/Sounds/FileWav/Walk_Sound.ubulk" 1497
"C:/Users/cerve/OneDrive/Documenti/Desktop/Tirocinio/TirocinioBadViceGames/Tirocinio_Giuseppe/Content/Sounds/FileWav/Walk_Sound.uasset" 1498
"C:/Users/cerve/OneDrive/Documenti/Desktop/Tirocinio/TirocinioBadViceGames/Tirocinio_Giuseppe/Content/Sounds/FileWav/Walk_Sound.uexp" 1499
"C:/Users/cerve/OneDrive/Documenti/Desktop/Tirocinio/TirocinioBadViceGames/Tirocinio_Giuseppe/Content/Sounds/SoundCue/Walk_SC.uasset" 1500
"C:/Users/cerve/OneDrive/Documenti/Desktop/Tirocinio/TirocinioBadViceGames/Tirocinio_Giuseppe/Content/Sounds/SoundCue/Walk_SC.uexp" 1501
"C:/Users/cerve/OneDrive/Documenti/Desktop/Tirocinio/TirocinioBadViceGames/Tirocinio_Giuseppe/Content/Textures/T_Pointer.uasset" 1502
"C:/Users/cerve/OneDrive/Documenti/Desktop/Tirocinio/TirocinioBadViceGames/Tirocinio_Giuseppe/Content/Textures/T_Pointer.uexp" 1503
"C:/Users/cerve/OneDrive/Documenti/Desktop/Tirocinio/TirocinioBadViceGames/Tirocinio_Giuseppe/Content/Blueprints/UI/WBP_Pointer.uasset" 1504
"C:/Users/cerve/OneDrive/Documenti/Desktop/Tirocinio/TirocinioBadViceGames/Tirocinio_Giuseppe/Content/Blueprints/UI/WBP_Pointer.uexp" 1505
"C:/Users/cerve/OneDrive/Documenti/Desktop/Tirocinio/TirocinioBadViceGames/Tirocinio_Giuseppe/Content/Environment/Objects/CleaningTools/TrashBag/Trash_Bag.ubulk" 1506
"C:/Users/cerve/OneDrive/Documenti/Desktop/Tirocinio/TirocinioBadViceGames/Tirocinio_Giuseppe/Content/Environment/Objects/CleaningTools/TrashBag/Trash_Bag.uasset" 1507
"C:/Users/cerve/OneDrive/Documenti/Desktop/Tirocinio/TirocinioBadViceGames/Tirocinio_Giuseppe/Content/Environment/Objects/CleaningTools/TrashBag/Trash_Bag.uexp" 1508
"C:/Users/cerve/OneDrive/Documenti/Desktop/Tirocinio/TirocinioBadViceGames/Tirocinio_Giuseppe/Content/Environment/Objects/CleaningTools/TrashBag/T_Perlin_Noise_03.uasset" 1509
"C:/Users/cerve/OneDrive/Documenti/Desktop/Tirocinio/TirocinioBadViceGames/Tirocinio_Giuseppe/Content/Environment/Objects/CleaningTools/TrashBag/T_Perlin_Noise_03.uexp" 1510
"C:/Users/cerve/OneDrive/Documenti/Desktop/Tirocinio/TirocinioBadViceGames/Tirocinio_Giuseppe/Content/Environment/Objects/CleaningTools/TrashBag/Trash_Bag_001_Base_color.ubulk" 1511
"C:/Users/cerve/OneDrive/Documenti/Desktop/Tirocinio/TirocinioBadViceGames/Tirocinio_Giuseppe/Content/Environment/Objects/CleaningTools/TrashBag/Trash_Bag_001_Base_color.uasset" 1512
"C:/Users/cerve/OneDrive/Documenti/Desktop/Tirocinio/TirocinioBadViceGames/Tirocinio_Giuseppe/Content/Environment/Objects/CleaningTools/TrashBag/Trash_Bag_001_Base_color.uexp" 1513
"C:/Users/cerve/OneDrive/Documenti/Desktop/Tirocinio/TirocinioBadViceGames/Tirocinio_Giuseppe/Content/Environment/Objects/CleaningTools/TrashBag/Trash_Bag_001_Metallic.ubulk" 1514
"C:/Users/cerve/OneDrive/Documenti/Desktop/Tirocinio/TirocinioBadViceGames/Tirocinio_Giuseppe/Content/Environment/Objects/CleaningTools/TrashBag/Trash_Bag_001_Metallic.uasset" 1515
"C:/Users/cerve/OneDrive/Documenti/Desktop/Tirocinio/TirocinioBadViceGames/Tirocinio_Giuseppe/Content/Environment/Objects/CleaningTools/TrashBag/Trash_Bag_001_Metallic.uexp" 1516
"C:/Users/cerve/OneDrive/Documenti/Desktop/Tirocinio/TirocinioBadViceGames/Tirocinio_Giuseppe/Content/Environment/Objects/CleaningTools/TrashBag/Trash_Bag_001_Mixed_AO.ubulk" 1517
"C:/Users/cerve/OneDrive/Documenti/Desktop/Tirocinio/TirocinioBadViceGames/Tirocinio_Giuseppe/Content/Environment/Objects/CleaningTools/TrashBag/Trash_Bag_001_Mixed_AO.uasset" 1518
"C:/Users/cerve/OneDrive/Documenti/Desktop/Tirocinio/TirocinioBadViceGames/Tirocinio_Giuseppe/Content/Environment/Objects/CleaningTools/TrashBag/Trash_Bag_001_Mixed_AO.uexp" 1519
"C:/Users/cerve/OneDrive/Documenti/Desktop/Tirocinio/TirocinioBadViceGames/Tirocinio_Giuseppe/Content/Environment/Objects/CleaningTools/TrashBag/Trash_Bag_001_Normal_OpenGL.ubulk" 1520
"C:/Users/cerve/OneDrive/Documenti/Desktop/Tirocinio/TirocinioBadViceGames/Tirocinio_Giuseppe/Content/Environment/Objects/CleaningTools/TrashBag/Trash_Bag_001_Normal_OpenGL.uasset" 1521
"C:/Users/cerve/OneDrive/Documenti/Desktop/Tirocinio/TirocinioBadViceGames/Tirocinio_Giuseppe/Content/Environment/Objects/CleaningTools/TrashBag/Trash_Bag_001_Normal_OpenGL.uexp" 1522
"C:/Users/cerve/OneDrive/Documenti/Desktop/Tirocinio/TirocinioBadViceGames/Tirocinio_Giuseppe/Content/Environment/Objects/CleaningTools/TrashBag/Trash_Bag_001_Roughness.ubulk" 1523
"C:/Users/cerve/OneDrive/Documenti/Desktop/Tirocinio/TirocinioBadViceGames/Tirocinio_Giuseppe/Content/Environment/Objects/CleaningTools/TrashBag/Trash_Bag_001_Roughness.uasset" 1524
"C:/Users/cerve/OneDrive/Documenti/Desktop/Tirocinio/TirocinioBadViceGames/Tirocinio_Giuseppe/Content/Environment/Objects/CleaningTools/TrashBag/Trash_Bag_001_Roughness.uexp" 1525
"C:/Users/cerve/OneDrive/Documenti/Desktop/Tirocinio/TirocinioBadViceGames/Tirocinio_Giuseppe/Content/Materials/MM_DissolveMaterial.uasset" 1526
"C:/Users/cerve/OneDrive/Documenti/Desktop/Tirocinio/TirocinioBadViceGames/Tirocinio_Giuseppe/Content/Materials/MM_DissolveMaterial.uexp" 1527
"C:/Users/cerve/OneDrive/Documenti/Desktop/Tirocinio/TirocinioBadViceGames/Tirocinio_Giuseppe/Content/Environment/Objects/CleaningTools/TrashBag/M_TrashBagDissolve.uasset" 1528
"C:/Users/cerve/OneDrive/Documenti/Desktop/Tirocinio/TirocinioBadViceGames/Tirocinio_Giuseppe/Content/Environment/Objects/CleaningTools/TrashBag/M_TrashBagDissolve.uexp" 1529
"C:/Users/cerve/OneDrive/Documenti/Desktop/Tirocinio/TirocinioBadViceGames/Tirocinio_Giuseppe/Content/Blueprints/Objects/Trash/BP_TrashBag.uasset" 1530
"C:/Users/cerve/OneDrive/Documenti/Desktop/Tirocinio/TirocinioBadViceGames/Tirocinio_Giuseppe/Content/Blueprints/Objects/Trash/BP_TrashBag.uexp" 1531
"C:/Users/cerve/OneDrive/Documenti/Desktop/Tirocinio/TirocinioBadViceGames/Tirocinio_Giuseppe/Content/Blueprints/Dialogues/Player/Player_BinFull.uasset" 1532
"C:/Users/cerve/OneDrive/Documenti/Desktop/Tirocinio/TirocinioBadViceGames/Tirocinio_Giuseppe/Content/Blueprints/Dialogues/Player/Player_BinFull.uexp" 1533
"C:/Users/cerve/OneDrive/Documenti/Desktop/Tirocinio/TirocinioBadViceGames/Tirocinio_Giuseppe/Content/Blueprints/Player/BP_CharacterController.uasset" 1534
"C:/Users/cerve/OneDrive/Documenti/Desktop/Tirocinio/TirocinioBadViceGames/Tirocinio_Giuseppe/Content/Blueprints/Player/BP_CharacterController.uexp" 1535
"C:/Users/cerve/OneDrive/Documenti/Desktop/Tirocinio/TirocinioBadViceGames/Tirocinio_Giuseppe/Content/Blueprints/Audio/SCM_Audio.uasset" 1536
"C:/Users/cerve/OneDrive/Documenti/Desktop/Tirocinio/TirocinioBadViceGames/Tirocinio_Giuseppe/Content/Blueprints/Audio/SCM_Audio.uexp" 1537
"C:/Users/cerve/OneDrive/Documenti/Desktop/Tirocinio/TirocinioBadViceGames/Tirocinio_Giuseppe/Content/Blueprints/Singletons/BP_MainGameInstance.uasset" 1538
"C:/Users/cerve/OneDrive/Documenti/Desktop/Tirocinio/TirocinioBadViceGames/Tirocinio_Giuseppe/Content/Blueprints/Singletons/BP_MainGameInstance.uexp" 1539
"C:/Users/cerve/OneDrive/Documenti/Desktop/Tirocinio/TirocinioBadViceGames/Tirocinio_Giuseppe/Content/Blueprints/UI/WBP_RestartMenu.uasset" 1540
"C:/Users/cerve/OneDrive/Documenti/Desktop/Tirocinio/TirocinioBadViceGames/Tirocinio_Giuseppe/Content/Blueprints/UI/WBP_RestartMenu.uexp" 1541
"C:/Users/cerve/OneDrive/Documenti/Desktop/Tirocinio/TirocinioBadViceGames/Tirocinio_Giuseppe/Content/Levels/RestartMenu.uexp" 1542
"C:/Users/cerve/OneDrive/Documenti/Desktop/Tirocinio/TirocinioBadViceGames/Tirocinio_Giuseppe/Content/Levels/RestartMenu.umap" 1543
"C:/Users/cerve/OneDrive/Documenti/Desktop/Tirocinio/TirocinioBadViceGames/Tirocinio_Giuseppe/Content/Blueprints/UI/MainMenu/WBP_MainMenu.uasset" 1544
"C:/Users/cerve/OneDrive/Documenti/Desktop/Tirocinio/TirocinioBadViceGames/Tirocinio_Giuseppe/Content/Blueprints/UI/MainMenu/WBP_MainMenu.uexp" 1545
"C:/Users/cerve/OneDrive/Documenti/Desktop/Tirocinio/TirocinioBadViceGames/Tirocinio_Giuseppe/Content/Levels/MainMenu.uexp" 1546
"C:/Users/cerve/OneDrive/Documenti/Desktop/Tirocinio/TirocinioBadViceGames/Tirocinio_Giuseppe/Content/Levels/MainMenu.umap" 1547
"C:/Users/cerve/OneDrive/Documenti/Desktop/Tirocinio/TirocinioBadViceGames/Tirocinio_Giuseppe/Content/Levels/Livello_Arte_BuiltData.ubulk" 1548
"C:/Users/cerve/OneDrive/Documenti/Desktop/Tirocinio/TirocinioBadViceGames/Tirocinio_Giuseppe/Content/Levels/Livello_Arte_BuiltData.uasset" 1549
"C:/Users/cerve/OneDrive/Documenti/Desktop/Tirocinio/TirocinioBadViceGames/Tirocinio_Giuseppe/Content/Levels/Livello_Arte_BuiltData.uexp" 1550
"C:/Users/cerve/OneDrive/Documenti/Desktop/Tirocinio/TirocinioBadViceGames/Tirocinio_Giuseppe/Content/Environment/Room/Textures/Restroom/Walls/T_Restroom_Walls_Spec.uasset" 1551
"C:/Users/cerve/OneDrive/Documenti/Desktop/Tirocinio/TirocinioBadViceGames/Tirocinio_Giuseppe/Content/Environment/Room/Textures/Restroom/Walls/T_Restroom_Walls_Spec.uexp" 1552
"C:/Users/cerve/OneDrive/Documenti/Desktop/Tirocinio/TirocinioBadViceGames/Tirocinio_Giuseppe/Content/Environment/Room/Textures/Restroom/Walls/T_Restroom_Walls_N.uasset" 1553
"C:/Users/cerve/OneDrive/Documenti/Desktop/Tirocinio/TirocinioBadViceGames/Tirocinio_Giuseppe/Content/Environment/Room/Textures/Restroom/Walls/T_Restroom_Walls_N.uexp" 1554
"C:/Users/cerve/OneDrive/Documenti/Desktop/Tirocinio/TirocinioBadViceGames/Tirocinio_Giuseppe/Content/Environment/Room/Textures/Restroom/Walls/T_Restroom_Walls_BC.uasset" 1555
"C:/Users/cerve/OneDrive/Documenti/Desktop/Tirocinio/TirocinioBadViceGames/Tirocinio_Giuseppe/Content/Environment/Room/Textures/Restroom/Walls/T_Restroom_Walls_BC.uexp" 1556
"C:/Users/cerve/OneDrive/Documenti/Desktop/Tirocinio/TirocinioBadViceGames/Tirocinio_Giuseppe/Content/Environment/Room/Textures/Restroom/Walls/T_Restroom_Walls_AO.uasset" 1557
"C:/Users/cerve/OneDrive/Documenti/Desktop/Tirocinio/TirocinioBadViceGames/Tirocinio_Giuseppe/Content/Environment/Room/Textures/Restroom/Walls/T_Restroom_Walls_AO.uexp" 1558
"C:/Users/cerve/OneDrive/Documenti/Desktop/Tirocinio/TirocinioBadViceGames/Tirocinio_Giuseppe/Content/Environment/Room/Materials/M_Room_Restroom_Walls.uasset" 1559
"C:/Users/cerve/OneDrive/Documenti/Desktop/Tirocinio/TirocinioBadViceGames/Tirocinio_Giuseppe/Content/Environment/Room/Materials/M_Room_Restroom_Walls.uexp" 1560
"C:/Users/cerve/OneDrive/Documenti/Desktop/Tirocinio/TirocinioBadViceGames/Tirocinio_Giuseppe/Content/StarterContent/Textures/T_Spark_Core.ubulk" 1561
"C:/Users/cerve/OneDrive/Documenti/Desktop/Tirocinio/TirocinioBadViceGames/Tirocinio_Giuseppe/Content/StarterContent/Textures/T_Spark_Core.uasset" 1562
"C:/Users/cerve/OneDrive/Documenti/Desktop/Tirocinio/TirocinioBadViceGames/Tirocinio_Giuseppe/Content/StarterContent/Textures/T_Spark_Core.uexp" 1563
"C:/Users/cerve/OneDrive/Documenti/Desktop/Tirocinio/TirocinioBadViceGames/Tirocinio_Giuseppe/Content/Export/M_Spark.uasset" 1564
"C:/Users/cerve/OneDrive/Documenti/Desktop/Tirocinio/TirocinioBadViceGames/Tirocinio_Giuseppe/Content/Export/M_Spark.uexp" 1565
"../../../Engine/Content/Functions/Engine_MaterialFunctions01/Gradient/RadialGradient.uasset" 1566
"../../../Engine/Content/Functions/Engine_MaterialFunctions01/Gradient/RadialGradient.uexp" 1567
"C:/Users/cerve/OneDrive/Documenti/Desktop/Tirocinio/TirocinioBadViceGames/Tirocinio_Giuseppe/Content/Export/M_Radial_Gradient.uasset" 1568
"C:/Users/cerve/OneDrive/Documenti/Desktop/Tirocinio/TirocinioBadViceGames/Tirocinio_Giuseppe/Content/Export/M_Radial_Gradient.uexp" 1569
"C:/Users/cerve/OneDrive/Documenti/Desktop/Tirocinio/TirocinioBadViceGames/Tirocinio_Giuseppe/Content/Sounds/FileWav/Eletric_Sparks_Sound.ubulk" 1570
"C:/Users/cerve/OneDrive/Documenti/Desktop/Tirocinio/TirocinioBadViceGames/Tirocinio_Giuseppe/Content/Sounds/FileWav/Eletric_Sparks_Sound.uasset" 1571
"C:/Users/cerve/OneDrive/Documenti/Desktop/Tirocinio/TirocinioBadViceGames/Tirocinio_Giuseppe/Content/Sounds/FileWav/Eletric_Sparks_Sound.uexp" 1572
"C:/Users/cerve/OneDrive/Documenti/Desktop/Tirocinio/TirocinioBadViceGames/Tirocinio_Giuseppe/Content/Sounds/SoundAttunuation/SA_Electric_Sparks.uasset" 1573
"C:/Users/cerve/OneDrive/Documenti/Desktop/Tirocinio/TirocinioBadViceGames/Tirocinio_Giuseppe/Content/Sounds/SoundAttunuation/SA_Electric_Sparks.uexp" 1574
"C:/Users/cerve/OneDrive/Documenti/Desktop/Tirocinio/TirocinioBadViceGames/Tirocinio_Giuseppe/Content/Sounds/SoundConcurrency/SCR_Electirc_Sparks.uasset" 1575
"C:/Users/cerve/OneDrive/Documenti/Desktop/Tirocinio/TirocinioBadViceGames/Tirocinio_Giuseppe/Content/Sounds/SoundConcurrency/SCR_Electirc_Sparks.uexp" 1576
"C:/Users/cerve/OneDrive/Documenti/Desktop/Tirocinio/TirocinioBadViceGames/Tirocinio_Giuseppe/Content/Vefects/Sparks/ElectricSparks.uasset" 1577
"C:/Users/cerve/OneDrive/Documenti/Desktop/Tirocinio/TirocinioBadViceGames/Tirocinio_Giuseppe/Content/Vefects/Sparks/ElectricSparks.uexp" 1578
"C:/Users/cerve/OneDrive/Documenti/Desktop/Tirocinio/TirocinioBadViceGames/Tirocinio_Giuseppe/Content/Vefects/Sparks/FireSparks.uasset" 1579
"C:/Users/cerve/OneDrive/Documenti/Desktop/Tirocinio/TirocinioBadViceGames/Tirocinio_Giuseppe/Content/Vefects/Sparks/FireSparks.uexp" 1580
"C:/Users/cerve/OneDrive/Documenti/Desktop/Tirocinio/TirocinioBadViceGames/Tirocinio_Giuseppe/Content/Vefects/Sparks/Electric.uasset" 1581
"C:/Users/cerve/OneDrive/Documenti/Desktop/Tirocinio/TirocinioBadViceGames/Tirocinio_Giuseppe/Content/Vefects/Sparks/Electric.uexp" 1582
"C:/Users/cerve/OneDrive/Documenti/Desktop/Tirocinio/TirocinioBadViceGames/Tirocinio_Giuseppe/Content/Materials/Post_Process/MF_SampleSceneTextureNeighbourUVs.uasset" 1583
"C:/Users/cerve/OneDrive/Documenti/Desktop/Tirocinio/TirocinioBadViceGames/Tirocinio_Giuseppe/Content/Materials/Post_Process/MF_SampleSceneTextureNeighbourUVs.uexp" 1584
"C:/Users/cerve/OneDrive/Documenti/Desktop/Tirocinio/TirocinioBadViceGames/Tirocinio_Giuseppe/Content/Materials/Post_Process/MF_ExtractDepth.uasset" 1585
"C:/Users/cerve/OneDrive/Documenti/Desktop/Tirocinio/TirocinioBadViceGames/Tirocinio_Giuseppe/Content/Materials/Post_Process/MF_ExtractDepth.uexp" 1586
"C:/Users/cerve/OneDrive/Documenti/Desktop/Tirocinio/TirocinioBadViceGames/Tirocinio_Giuseppe/Content/Materials/Post_Process/MF_ConvolveTexture.uasset" 1587
"C:/Users/cerve/OneDrive/Documenti/Desktop/Tirocinio/TirocinioBadViceGames/Tirocinio_Giuseppe/Content/Materials/Post_Process/MF_ConvolveTexture.uexp" 1588
"C:/Users/cerve/OneDrive/Documenti/Desktop/Tirocinio/TirocinioBadViceGames/Tirocinio_Giuseppe/Content/Materials/Post_Process/PP_Outliner_M.uasset" 1589
"C:/Users/cerve/OneDrive/Documenti/Desktop/Tirocinio/TirocinioBadViceGames/Tirocinio_Giuseppe/Content/Materials/Post_Process/PP_Outliner_M.uexp" 1590
"C:/Users/cerve/OneDrive/Documenti/Desktop/Tirocinio/TirocinioBadViceGames/Tirocinio_Giuseppe/Content/Environment/Sky_Dome/Textures/T_Perlin_Noise_02.ubulk" 1591
"C:/Users/cerve/OneDrive/Documenti/Desktop/Tirocinio/TirocinioBadViceGames/Tirocinio_Giuseppe/Content/Environment/Sky_Dome/Textures/T_Perlin_Noise_02.uasset" 1592
"C:/Users/cerve/OneDrive/Documenti/Desktop/Tirocinio/TirocinioBadViceGames/Tirocinio_Giuseppe/Content/Environment/Sky_Dome/Textures/T_Perlin_Noise_02.uexp" 1593
"C:/Users/cerve/OneDrive/Documenti/Desktop/Tirocinio/TirocinioBadViceGames/Tirocinio_Giuseppe/Content/Environment/Sky_Dome/Materials/MM_Sky_Dome.uasset" 1594
"C:/Users/cerve/OneDrive/Documenti/Desktop/Tirocinio/TirocinioBadViceGames/Tirocinio_Giuseppe/Content/Environment/Sky_Dome/Materials/MM_Sky_Dome.uexp" 1595
"C:/Users/cerve/OneDrive/Documenti/Desktop/Tirocinio/TirocinioBadViceGames/Tirocinio_Giuseppe/Content/Environment/Sky_Dome/SM_Dome.ubulk" 1596
"C:/Users/cerve/OneDrive/Documenti/Desktop/Tirocinio/TirocinioBadViceGames/Tirocinio_Giuseppe/Content/Environment/Sky_Dome/SM_Dome.uasset" 1597
"C:/Users/cerve/OneDrive/Documenti/Desktop/Tirocinio/TirocinioBadViceGames/Tirocinio_Giuseppe/Content/Environment/Sky_Dome/SM_Dome.uexp" 1598
"C:/Users/cerve/OneDrive/Documenti/Desktop/Tirocinio/TirocinioBadViceGames/Tirocinio_Giuseppe/Content/Blueprints/Singletons/BP_PlayerDetachZoneManager.uasset" 1599
"C:/Users/cerve/OneDrive/Documenti/Desktop/Tirocinio/TirocinioBadViceGames/Tirocinio_Giuseppe/Content/Blueprints/Singletons/BP_PlayerDetachZoneManager.uexp" 1600
"C:/Users/cerve/OneDrive/Documenti/Desktop/Tirocinio/TirocinioBadViceGames/Tirocinio_Giuseppe/Content/Blueprints/Lights/BP_Light.uasset" 1601
"C:/Users/cerve/OneDrive/Documenti/Desktop/Tirocinio/TirocinioBadViceGames/Tirocinio_Giuseppe/Content/Blueprints/Lights/BP_Light.uexp" 1602
"C:/Users/cerve/OneDrive/Documenti/Desktop/Tirocinio/TirocinioBadViceGames/Tirocinio_Giuseppe/Content/Environment/Objects/Lamp/T_Lamp_Roughness_Type_001.ubulk" 1603
"C:/Users/cerve/OneDrive/Documenti/Desktop/Tirocinio/TirocinioBadViceGames/Tirocinio_Giuseppe/Content/Environment/Objects/Lamp/T_Lamp_Roughness_Type_001.uasset" 1604
"C:/Users/cerve/OneDrive/Documenti/Desktop/Tirocinio/TirocinioBadViceGames/Tirocinio_Giuseppe/Content/Environment/Objects/Lamp/T_Lamp_Roughness_Type_001.uexp" 1605
"C:/Users/cerve/OneDrive/Documenti/Desktop/Tirocinio/TirocinioBadViceGames/Tirocinio_Giuseppe/Content/Environment/Objects/Lamp/T_Lamp_Normal_Type_001.ubulk" 1606
"C:/Users/cerve/OneDrive/Documenti/Desktop/Tirocinio/TirocinioBadViceGames/Tirocinio_Giuseppe/Content/Environment/Objects/Lamp/T_Lamp_Normal_Type_001.uasset" 1607
"C:/Users/cerve/OneDrive/Documenti/Desktop/Tirocinio/TirocinioBadViceGames/Tirocinio_Giuseppe/Content/Environment/Objects/Lamp/T_Lamp_Normal_Type_001.uexp" 1608
"C:/Users/cerve/OneDrive/Documenti/Desktop/Tirocinio/TirocinioBadViceGames/Tirocinio_Giuseppe/Content/Environment/Objects/Lamp/T_Lamp_Metallic_Type_001.ubulk" 1609
"C:/Users/cerve/OneDrive/Documenti/Desktop/Tirocinio/TirocinioBadViceGames/Tirocinio_Giuseppe/Content/Environment/Objects/Lamp/T_Lamp_Metallic_Type_001.uasset" 1610
"C:/Users/cerve/OneDrive/Documenti/Desktop/Tirocinio/TirocinioBadViceGames/Tirocinio_Giuseppe/Content/Environment/Objects/Lamp/T_Lamp_Metallic_Type_001.uexp" 1611
"C:/Users/cerve/OneDrive/Documenti/Desktop/Tirocinio/TirocinioBadViceGames/Tirocinio_Giuseppe/Content/Environment/Objects/Lamp/T_Lamp_E.ubulk" 1612
"C:/Users/cerve/OneDrive/Documenti/Desktop/Tirocinio/TirocinioBadViceGames/Tirocinio_Giuseppe/Content/Environment/Objects/Lamp/T_Lamp_E.uasset" 1613
"C:/Users/cerve/OneDrive/Documenti/Desktop/Tirocinio/TirocinioBadViceGames/Tirocinio_Giuseppe/Content/Environment/Objects/Lamp/T_Lamp_E.uexp" 1614
"C:/Users/cerve/OneDrive/Documenti/Desktop/Tirocinio/TirocinioBadViceGames/Tirocinio_Giuseppe/Content/Environment/Objects/Lamp/T_Lamp_BaseColor_Type_001.ubulk" 1615
"C:/Users/cerve/OneDrive/Documenti/Desktop/Tirocinio/TirocinioBadViceGames/Tirocinio_Giuseppe/Content/Environment/Objects/Lamp/T_Lamp_BaseColor_Type_001.uasset" 1616
"C:/Users/cerve/OneDrive/Documenti/Desktop/Tirocinio/TirocinioBadViceGames/Tirocinio_Giuseppe/Content/Environment/Objects/Lamp/T_Lamp_BaseColor_Type_001.uexp" 1617
"C:/Users/cerve/OneDrive/Documenti/Desktop/Tirocinio/TirocinioBadViceGames/Tirocinio_Giuseppe/Content/Environment/Objects/Lamp/T_Lamp_AO_Type_001.ubulk" 1618
"C:/Users/cerve/OneDrive/Documenti/Desktop/Tirocinio/TirocinioBadViceGames/Tirocinio_Giuseppe/Content/Environment/Objects/Lamp/T_Lamp_AO_Type_001.uasset" 1619
"C:/Users/cerve/OneDrive/Documenti/Desktop/Tirocinio/TirocinioBadViceGames/Tirocinio_Giuseppe/Content/Environment/Objects/Lamp/T_Lamp_AO_Type_001.uexp" 1620
"C:/Users/cerve/OneDrive/Documenti/Desktop/Tirocinio/TirocinioBadViceGames/Tirocinio_Giuseppe/Content/Environment/Objects/Lamp/M_Lamp.uasset" 1621
"C:/Users/cerve/OneDrive/Documenti/Desktop/Tirocinio/TirocinioBadViceGames/Tirocinio_Giuseppe/Content/Environment/Objects/Lamp/M_Lamp.uexp" 1622
"C:/Users/cerve/OneDrive/Documenti/Desktop/Tirocinio/TirocinioBadViceGames/Tirocinio_Giuseppe/Content/Environment/Objects/Lamp/Hallaway_Lamp_Type_001_.ubulk" 1623
"C:/Users/cerve/OneDrive/Documenti/Desktop/Tirocinio/TirocinioBadViceGames/Tirocinio_Giuseppe/Content/Environment/Objects/Lamp/Hallaway_Lamp_Type_001_.uasset" 1624
"C:/Users/cerve/OneDrive/Documenti/Desktop/Tirocinio/TirocinioBadViceGames/Tirocinio_Giuseppe/Content/Environment/Objects/Lamp/Hallaway_Lamp_Type_001_.uexp" 1625
"C:/Users/cerve/OneDrive/Documenti/Desktop/Tirocinio/TirocinioBadViceGames/Tirocinio_Giuseppe/Content/Blueprints/Lights/BP_HallwayLamp.uasset" 1626
"C:/Users/cerve/OneDrive/Documenti/Desktop/Tirocinio/TirocinioBadViceGames/Tirocinio_Giuseppe/Content/Blueprints/Lights/BP_HallwayLamp.uexp" 1627
"C:/Users/cerve/OneDrive/Documenti/Desktop/Tirocinio/TirocinioBadViceGames/Tirocinio_Giuseppe/Content/Sounds/FileWav/LightSwitch_Sound.ubulk" 1628
"C:/Users/cerve/OneDrive/Documenti/Desktop/Tirocinio/TirocinioBadViceGames/Tirocinio_Giuseppe/Content/Sounds/FileWav/LightSwitch_Sound.uasset" 1629
"C:/Users/cerve/OneDrive/Documenti/Desktop/Tirocinio/TirocinioBadViceGames/Tirocinio_Giuseppe/Content/Sounds/FileWav/LightSwitch_Sound.uexp" 1630
"C:/Users/cerve/OneDrive/Documenti/Desktop/Tirocinio/TirocinioBadViceGames/Tirocinio_Giuseppe/Content/Sounds/SoundCue/LightSwitch_SC.uasset" 1631
"C:/Users/cerve/OneDrive/Documenti/Desktop/Tirocinio/TirocinioBadViceGames/Tirocinio_Giuseppe/Content/Sounds/SoundCue/LightSwitch_SC.uexp" 1632
"C:/Users/cerve/OneDrive/Documenti/Desktop/Tirocinio/TirocinioBadViceGames/Tirocinio_Giuseppe/Content/Environment/Objects/Room_Eletrical_Swotch/T_ElectricalSwitch_Roughness_Type_001.ubulk" 1633
"C:/Users/cerve/OneDrive/Documenti/Desktop/Tirocinio/TirocinioBadViceGames/Tirocinio_Giuseppe/Content/Environment/Objects/Room_Eletrical_Swotch/T_ElectricalSwitch_Roughness_Type_001.uasset" 1634
"C:/Users/cerve/OneDrive/Documenti/Desktop/Tirocinio/TirocinioBadViceGames/Tirocinio_Giuseppe/Content/Environment/Objects/Room_Eletrical_Swotch/T_ElectricalSwitch_Roughness_Type_001.uexp" 1635
"C:/Users/cerve/OneDrive/Documenti/Desktop/Tirocinio/TirocinioBadViceGames/Tirocinio_Giuseppe/Content/Environment/Objects/Room_Eletrical_Swotch/T_ElectricalSwitch_Normal_Type_001.ubulk" 1636
"C:/Users/cerve/OneDrive/Documenti/Desktop/Tirocinio/TirocinioBadViceGames/Tirocinio_Giuseppe/Content/Environment/Objects/Room_Eletrical_Swotch/T_ElectricalSwitch_Normal_Type_001.uasset" 1637
"C:/Users/cerve/OneDrive/Documenti/Desktop/Tirocinio/TirocinioBadViceGames/Tirocinio_Giuseppe/Content/Environment/Objects/Room_Eletrical_Swotch/T_ElectricalSwitch_Normal_Type_001.uexp" 1638
"C:/Users/cerve/OneDrive/Documenti/Desktop/Tirocinio/TirocinioBadViceGames/Tirocinio_Giuseppe/Content/Environment/Objects/Room_Eletrical_Swotch/T_ElectricalSwitch_BaseColor_Type_001.ubulk" 1639
"C:/Users/cerve/OneDrive/Documenti/Desktop/Tirocinio/TirocinioBadViceGames/Tirocinio_Giuseppe/Content/Environment/Objects/Room_Eletrical_Swotch/T_ElectricalSwitch_BaseColor_Type_001.uasset" 1640
"C:/Users/cerve/OneDrive/Documenti/Desktop/Tirocinio/TirocinioBadViceGames/Tirocinio_Giuseppe/Content/Environment/Objects/Room_Eletrical_Swotch/T_ElectricalSwitch_BaseColor_Type_001.uexp" 1641
"C:/Users/cerve/OneDrive/Documenti/Desktop/Tirocinio/TirocinioBadViceGames/Tirocinio_Giuseppe/Content/Environment/Objects/Room_Eletrical_Swotch/T_ElectricalSwitch_AO_Type_001.ubulk" 1642
"C:/Users/cerve/OneDrive/Documenti/Desktop/Tirocinio/TirocinioBadViceGames/Tirocinio_Giuseppe/Content/Environment/Objects/Room_Eletrical_Swotch/T_ElectricalSwitch_AO_Type_001.uasset" 1643
"C:/Users/cerve/OneDrive/Documenti/Desktop/Tirocinio/TirocinioBadViceGames/Tirocinio_Giuseppe/Content/Environment/Objects/Room_Eletrical_Swotch/T_ElectricalSwitch_AO_Type_001.uexp" 1644
"C:/Users/cerve/OneDrive/Documenti/Desktop/Tirocinio/TirocinioBadViceGames/Tirocinio_Giuseppe/Content/Environment/Objects/Room_Eletrical_Swotch/M_LightSwitch.uasset" 1645
"C:/Users/cerve/OneDrive/Documenti/Desktop/Tirocinio/TirocinioBadViceGames/Tirocinio_Giuseppe/Content/Environment/Objects/Room_Eletrical_Swotch/M_LightSwitch.uexp" 1646
"C:/Users/cerve/OneDrive/Documenti/Desktop/Tirocinio/TirocinioBadViceGames/Tirocinio_Giuseppe/Content/Environment/Objects/Room_Eletrical_Swotch/LightSwitchButton.ubulk" 1647
"C:/Users/cerve/OneDrive/Documenti/Desktop/Tirocinio/TirocinioBadViceGames/Tirocinio_Giuseppe/Content/Environment/Objects/Room_Eletrical_Swotch/LightSwitchButton.uasset" 1648
"C:/Users/cerve/OneDrive/Documenti/Desktop/Tirocinio/TirocinioBadViceGames/Tirocinio_Giuseppe/Content/Environment/Objects/Room_Eletrical_Swotch/LightSwitchButton.uexp" 1649
"C:/Users/cerve/OneDrive/Documenti/Desktop/Tirocinio/TirocinioBadViceGames/Tirocinio_Giuseppe/Content/Environment/Objects/Room_Eletrical_Swotch/LightSwitch.ubulk" 1650
"C:/Users/cerve/OneDrive/Documenti/Desktop/Tirocinio/TirocinioBadViceGames/Tirocinio_Giuseppe/Content/Environment/Objects/Room_Eletrical_Swotch/LightSwitch.uasset" 1651
"C:/Users/cerve/OneDrive/Documenti/Desktop/Tirocinio/TirocinioBadViceGames/Tirocinio_Giuseppe/Content/Environment/Objects/Room_Eletrical_Swotch/LightSwitch.uexp" 1652
"C:/Users/cerve/OneDrive/Documenti/Desktop/Tirocinio/TirocinioBadViceGames/Tirocinio_Giuseppe/Content/Blueprints/Lights/BP_LightSwitch.uasset" 1653
"C:/Users/cerve/OneDrive/Documenti/Desktop/Tirocinio/TirocinioBadViceGames/Tirocinio_Giuseppe/Content/Blueprints/Lights/BP_LightSwitch.uexp" 1654
"C:/Users/cerve/OneDrive/Documenti/Desktop/Tirocinio/TirocinioBadViceGames/Tirocinio_Giuseppe/Content/Images/Decals/Blood/Blood_003.uasset" 1655
"C:/Users/cerve/OneDrive/Documenti/Desktop/Tirocinio/TirocinioBadViceGames/Tirocinio_Giuseppe/Content/Images/Decals/Blood/Blood_003.uexp" 1656
"C:/Users/cerve/OneDrive/Documenti/Desktop/Tirocinio/TirocinioBadViceGames/Tirocinio_Giuseppe/Content/Materials/Decals/Stains/M_Puke_Decal_003.uasset" 1657
"C:/Users/cerve/OneDrive/Documenti/Desktop/Tirocinio/TirocinioBadViceGames/Tirocinio_Giuseppe/Content/Materials/Decals/Stains/M_Puke_Decal_003.uexp" 1658
"C:/Users/cerve/OneDrive/Documenti/Desktop/Tirocinio/TirocinioBadViceGames/Tirocinio_Giuseppe/Content/Blueprints/Decal/BP_DecalPuke_003.uasset" 1659
"C:/Users/cerve/OneDrive/Documenti/Desktop/Tirocinio/TirocinioBadViceGames/Tirocinio_Giuseppe/Content/Blueprints/Decal/BP_DecalPuke_003.uexp" 1660
"C:/Users/cerve/OneDrive/Documenti/Desktop/Tirocinio/TirocinioBadViceGames/Tirocinio_Giuseppe/Content/Images/Decals/Blood/BloodImage_002.ubulk" 1661
"C:/Users/cerve/OneDrive/Documenti/Desktop/Tirocinio/TirocinioBadViceGames/Tirocinio_Giuseppe/Content/Images/Decals/Blood/BloodImage_002.uasset" 1662
"C:/Users/cerve/OneDrive/Documenti/Desktop/Tirocinio/TirocinioBadViceGames/Tirocinio_Giuseppe/Content/Images/Decals/Blood/BloodImage_002.uexp" 1663
"C:/Users/cerve/OneDrive/Documenti/Desktop/Tirocinio/TirocinioBadViceGames/Tirocinio_Giuseppe/Content/Materials/Decals/Stains/M_Puke_Decal_002.uasset" 1664
"C:/Users/cerve/OneDrive/Documenti/Desktop/Tirocinio/TirocinioBadViceGames/Tirocinio_Giuseppe/Content/Materials/Decals/Stains/M_Puke_Decal_002.uexp" 1665
"C:/Users/cerve/OneDrive/Documenti/Desktop/Tirocinio/TirocinioBadViceGames/Tirocinio_Giuseppe/Content/Blueprints/Decal/BP_DecalPuke_002.uasset" 1666
"C:/Users/cerve/OneDrive/Documenti/Desktop/Tirocinio/TirocinioBadViceGames/Tirocinio_Giuseppe/Content/Blueprints/Decal/BP_DecalPuke_002.uexp" 1667
"C:/Users/cerve/OneDrive/Documenti/Desktop/Tirocinio/TirocinioBadViceGames/Tirocinio_Giuseppe/Content/Materials/Decals/Stains/M_Puke.uasset" 1668
"C:/Users/cerve/OneDrive/Documenti/Desktop/Tirocinio/TirocinioBadViceGames/Tirocinio_Giuseppe/Content/Materials/Decals/Stains/M_Puke.uexp" 1669
"C:/Users/cerve/OneDrive/Documenti/Desktop/Tirocinio/TirocinioBadViceGames/Tirocinio_Giuseppe/Content/Blueprints/Decal/BP_DecalPuke.uasset" 1670
"C:/Users/cerve/OneDrive/Documenti/Desktop/Tirocinio/TirocinioBadViceGames/Tirocinio_Giuseppe/Content/Blueprints/Decal/BP_DecalPuke.uexp" 1671
"C:/Users/cerve/OneDrive/Documenti/Desktop/Tirocinio/TirocinioBadViceGames/Tirocinio_Giuseppe/Content/Materials/Decals/Stains/M_Ectoplasm_Decal_003.uasset" 1672
"C:/Users/cerve/OneDrive/Documenti/Desktop/Tirocinio/TirocinioBadViceGames/Tirocinio_Giuseppe/Content/Materials/Decals/Stains/M_Ectoplasm_Decal_003.uexp" 1673
"C:/Users/cerve/OneDrive/Documenti/Desktop/Tirocinio/TirocinioBadViceGames/Tirocinio_Giuseppe/Content/Blueprints/Decal/BP_DecalEctoplasm_003.uasset" 1674
"C:/Users/cerve/OneDrive/Documenti/Desktop/Tirocinio/TirocinioBadViceGames/Tirocinio_Giuseppe/Content/Blueprints/Decal/BP_DecalEctoplasm_003.uexp" 1675
"C:/Users/cerve/OneDrive/Documenti/Desktop/Tirocinio/TirocinioBadViceGames/Tirocinio_Giuseppe/Content/Materials/Decals/Stains/M_Ectoplasm_Decal_002.uasset" 1676
"C:/Users/cerve/OneDrive/Documenti/Desktop/Tirocinio/TirocinioBadViceGames/Tirocinio_Giuseppe/Content/Materials/Decals/Stains/M_Ectoplasm_Decal_002.uexp" 1677
"C:/Users/cerve/OneDrive/Documenti/Desktop/Tirocinio/TirocinioBadViceGames/Tirocinio_Giuseppe/Content/Blueprints/Decal/BP_DecalEctoplasm_002.uasset" 1678
"C:/Users/cerve/OneDrive/Documenti/Desktop/Tirocinio/TirocinioBadViceGames/Tirocinio_Giuseppe/Content/Blueprints/Decal/BP_DecalEctoplasm_002.uexp" 1679
"C:/Users/cerve/OneDrive/Documenti/Desktop/Tirocinio/TirocinioBadViceGames/Tirocinio_Giuseppe/Content/Materials/Decals/Stains/M_Ectoplasm.uasset" 1680
"C:/Users/cerve/OneDrive/Documenti/Desktop/Tirocinio/TirocinioBadViceGames/Tirocinio_Giuseppe/Content/Materials/Decals/Stains/M_Ectoplasm.uexp" 1681
"C:/Users/cerve/OneDrive/Documenti/Desktop/Tirocinio/TirocinioBadViceGames/Tirocinio_Giuseppe/Content/Blueprints/Decal/BP_DecalEctoplasm.uasset" 1682
"C:/Users/cerve/OneDrive/Documenti/Desktop/Tirocinio/TirocinioBadViceGames/Tirocinio_Giuseppe/Content/Blueprints/Decal/BP_DecalEctoplasm.uexp" 1683
"C:/Users/cerve/OneDrive/Documenti/Desktop/Tirocinio/TirocinioBadViceGames/Tirocinio_Giuseppe/Content/Images/Decals/Blood/Blood_004.uasset" 1684
"C:/Users/cerve/OneDrive/Documenti/Desktop/Tirocinio/TirocinioBadViceGames/Tirocinio_Giuseppe/Content/Images/Decals/Blood/Blood_004.uexp" 1685
"C:/Users/cerve/OneDrive/Documenti/Desktop/Tirocinio/TirocinioBadViceGames/Tirocinio_Giuseppe/Content/Materials/Decals/Stains/M_Blood_Decal_004.uasset" 1686
"C:/Users/cerve/OneDrive/Documenti/Desktop/Tirocinio/TirocinioBadViceGames/Tirocinio_Giuseppe/Content/Materials/Decals/Stains/M_Blood_Decal_004.uexp" 1687
"C:/Users/cerve/OneDrive/Documenti/Desktop/Tirocinio/TirocinioBadViceGames/Tirocinio_Giuseppe/Content/Blueprints/Decal/BP_DecalBlood_004.uasset" 1688
"C:/Users/cerve/OneDrive/Documenti/Desktop/Tirocinio/TirocinioBadViceGames/Tirocinio_Giuseppe/Content/Blueprints/Decal/BP_DecalBlood_004.uexp" 1689
"C:/Users/cerve/OneDrive/Documenti/Desktop/Tirocinio/TirocinioBadViceGames/Tirocinio_Giuseppe/Content/Materials/Decals/Stains/M_Blood_Decal_003.uasset" 1690
"C:/Users/cerve/OneDrive/Documenti/Desktop/Tirocinio/TirocinioBadViceGames/Tirocinio_Giuseppe/Content/Materials/Decals/Stains/M_Blood_Decal_003.uexp" 1691
"C:/Users/cerve/OneDrive/Documenti/Desktop/Tirocinio/TirocinioBadViceGames/Tirocinio_Giuseppe/Content/Blueprints/Decal/BP_DecalBlood_003.uasset" 1692
"C:/Users/cerve/OneDrive/Documenti/Desktop/Tirocinio/TirocinioBadViceGames/Tirocinio_Giuseppe/Content/Blueprints/Decal/BP_DecalBlood_003.uexp" 1693
"C:/Users/cerve/OneDrive/Documenti/Desktop/Tirocinio/TirocinioBadViceGames/Tirocinio_Giuseppe/Content/Materials/Decals/Stains/M_Blood_Decal_002.uasset" 1694
"C:/Users/cerve/OneDrive/Documenti/Desktop/Tirocinio/TirocinioBadViceGames/Tirocinio_Giuseppe/Content/Materials/Decals/Stains/M_Blood_Decal_002.uexp" 1695
"C:/Users/cerve/OneDrive/Documenti/Desktop/Tirocinio/TirocinioBadViceGames/Tirocinio_Giuseppe/Content/Blueprints/Decal/BP_DecalBlood_002.uasset" 1696
"C:/Users/cerve/OneDrive/Documenti/Desktop/Tirocinio/TirocinioBadViceGames/Tirocinio_Giuseppe/Content/Blueprints/Decal/BP_DecalBlood_002.uexp" 1697
"C:/Users/cerve/OneDrive/Documenti/Desktop/Tirocinio/TirocinioBadViceGames/Tirocinio_Giuseppe/Content/Vefects/Free_Fire/Shared/Textures/T_VFX_White.uasset" 1698
"C:/Users/cerve/OneDrive/Documenti/Desktop/Tirocinio/TirocinioBadViceGames/Tirocinio_Giuseppe/Content/Vefects/Free_Fire/Shared/Textures/T_VFX_White.uexp" 1699
"C:/Users/cerve/OneDrive/Documenti/Desktop/Tirocinio/TirocinioBadViceGames/Tirocinio_Giuseppe/Content/Vefects/Free_Fire/Shared/Textures/T_VFX_Noise_07.ubulk" 1700
"C:/Users/cerve/OneDrive/Documenti/Desktop/Tirocinio/TirocinioBadViceGames/Tirocinio_Giuseppe/Content/Vefects/Free_Fire/Shared/Textures/T_VFX_Noise_07.uasset" 1701
"C:/Users/cerve/OneDrive/Documenti/Desktop/Tirocinio/TirocinioBadViceGames/Tirocinio_Giuseppe/Content/Vefects/Free_Fire/Shared/Textures/T_VFX_Noise_07.uexp" 1702
"C:/Users/cerve/OneDrive/Documenti/Desktop/Tirocinio/TirocinioBadViceGames/Tirocinio_Giuseppe/Content/Vefects/Free_Fire/Shared/Textures/T_VFX_Noise_04.ubulk" 1703
"C:/Users/cerve/OneDrive/Documenti/Desktop/Tirocinio/TirocinioBadViceGames/Tirocinio_Giuseppe/Content/Vefects/Free_Fire/Shared/Textures/T_VFX_Noise_04.uasset" 1704
"C:/Users/cerve/OneDrive/Documenti/Desktop/Tirocinio/TirocinioBadViceGames/Tirocinio_Giuseppe/Content/Vefects/Free_Fire/Shared/Textures/T_VFX_Noise_04.uexp" 1705
"C:/Users/cerve/OneDrive/Documenti/Desktop/Tirocinio/TirocinioBadViceGames/Tirocinio_Giuseppe/Content/Vefects/Free_Fire/Shared/Textures/T_VFX_Gradient_Up_Down_01.ubulk" 1706
"C:/Users/cerve/OneDrive/Documenti/Desktop/Tirocinio/TirocinioBadViceGames/Tirocinio_Giuseppe/Content/Vefects/Free_Fire/Shared/Textures/T_VFX_Gradient_Up_Down_01.uasset" 1707
"C:/Users/cerve/OneDrive/Documenti/Desktop/Tirocinio/TirocinioBadViceGames/Tirocinio_Giuseppe/Content/Vefects/Free_Fire/Shared/Textures/T_VFX_Gradient_Up_Down_01.uexp" 1708
"C:/Users/cerve/OneDrive/Documenti/Desktop/Tirocinio/TirocinioBadViceGames/Tirocinio_Giuseppe/Content/Vefects/Free_Fire/Shared/Textures/T_VFX_Fire_Ground_Mask_01.ubulk" 1709
"C:/Users/cerve/OneDrive/Documenti/Desktop/Tirocinio/TirocinioBadViceGames/Tirocinio_Giuseppe/Content/Vefects/Free_Fire/Shared/Textures/T_VFX_Fire_Ground_Mask_01.uasset" 1710
"C:/Users/cerve/OneDrive/Documenti/Desktop/Tirocinio/TirocinioBadViceGames/Tirocinio_Giuseppe/Content/Vefects/Free_Fire/Shared/Textures/T_VFX_Fire_Ground_Mask_01.uexp" 1711
"C:/Users/cerve/OneDrive/Documenti/Desktop/Tirocinio/TirocinioBadViceGames/Tirocinio_Giuseppe/Content/Vefects/Free_Fire/Shared/Textures/T_VFX_Ashes_01.ubulk" 1712
"C:/Users/cerve/OneDrive/Documenti/Desktop/Tirocinio/TirocinioBadViceGames/Tirocinio_Giuseppe/Content/Vefects/Free_Fire/Shared/Textures/T_VFX_Ashes_01.uasset" 1713
"C:/Users/cerve/OneDrive/Documenti/Desktop/Tirocinio/TirocinioBadViceGames/Tirocinio_Giuseppe/Content/Vefects/Free_Fire/Shared/Textures/T_VFX_Ashes_01.uexp" 1714
"C:/Users/cerve/OneDrive/Documenti/Desktop/Tirocinio/TirocinioBadViceGames/Tirocinio_Giuseppe/Content/Vefects/Free_Fire/Shared/Materials/M_VFX_Erosion.uasset" 1715
"C:/Users/cerve/OneDrive/Documenti/Desktop/Tirocinio/TirocinioBadViceGames/Tirocinio_Giuseppe/Content/Vefects/Free_Fire/Shared/Materials/M_VFX_Erosion.uexp" 1716
"C:/Users/cerve/OneDrive/Documenti/Desktop/Tirocinio/TirocinioBadViceGames/Tirocinio_Giuseppe/Content/Vefects/Free_Fire/Shared/Materials/MI_VFX_Ashes_01.uasset" 1717
"C:/Users/cerve/OneDrive/Documenti/Desktop/Tirocinio/TirocinioBadViceGames/Tirocinio_Giuseppe/Content/Vefects/Free_Fire/Shared/Materials/MI_VFX_Ashes_01.uexp" 1718
"C:/Users/cerve/OneDrive/Documenti/Desktop/Tirocinio/TirocinioBadViceGames/Tirocinio_Giuseppe/Content/Vefects/Free_Fire/Shared/Textures/T_VFX_Noise_01.ubulk" 1719
"C:/Users/cerve/OneDrive/Documenti/Desktop/Tirocinio/TirocinioBadViceGames/Tirocinio_Giuseppe/Content/Vefects/Free_Fire/Shared/Textures/T_VFX_Noise_01.uasset" 1720
"C:/Users/cerve/OneDrive/Documenti/Desktop/Tirocinio/TirocinioBadViceGames/Tirocinio_Giuseppe/Content/Vefects/Free_Fire/Shared/Textures/T_VFX_Noise_01.uexp" 1721
"C:/Users/cerve/OneDrive/Documenti/Desktop/Tirocinio/TirocinioBadViceGames/Tirocinio_Giuseppe/Content/Vefects/Free_Fire/Shared/Textures/T_VFX_Fire_Mask_01.ubulk" 1722
"C:/Users/cerve/OneDrive/Documenti/Desktop/Tirocinio/TirocinioBadViceGames/Tirocinio_Giuseppe/Content/Vefects/Free_Fire/Shared/Textures/T_VFX_Fire_Mask_01.uasset" 1723
"C:/Users/cerve/OneDrive/Documenti/Desktop/Tirocinio/TirocinioBadViceGames/Tirocinio_Giuseppe/Content/Vefects/Free_Fire/Shared/Textures/T_VFX_Fire_Mask_01.uexp" 1724
"C:/Users/cerve/OneDrive/Documenti/Desktop/Tirocinio/TirocinioBadViceGames/Tirocinio_Giuseppe/Content/Vefects/Free_Fire/Shared/Materials/MI_VFX_Fire_01.uasset" 1725
"C:/Users/cerve/OneDrive/Documenti/Desktop/Tirocinio/TirocinioBadViceGames/Tirocinio_Giuseppe/Content/Vefects/Free_Fire/Shared/Materials/MI_VFX_Fire_01.uexp" 1726
"C:/Users/cerve/OneDrive/Documenti/Desktop/Tirocinio/TirocinioBadViceGames/Tirocinio_Giuseppe/Content/Vefects/Free_Fire/Shared/Textures/T_VFX_Dust_01.ubulk" 1727
"C:/Users/cerve/OneDrive/Documenti/Desktop/Tirocinio/TirocinioBadViceGames/Tirocinio_Giuseppe/Content/Vefects/Free_Fire/Shared/Textures/T_VFX_Dust_01.uasset" 1728
"C:/Users/cerve/OneDrive/Documenti/Desktop/Tirocinio/TirocinioBadViceGames/Tirocinio_Giuseppe/Content/Vefects/Free_Fire/Shared/Textures/T_VFX_Dust_01.uexp" 1729
"C:/Users/cerve/OneDrive/Documenti/Desktop/Tirocinio/TirocinioBadViceGames/Tirocinio_Giuseppe/Content/Vefects/Free_Fire/Shared/Materials/MI_VFX_Fire_02.uasset" 1730
"C:/Users/cerve/OneDrive/Documenti/Desktop/Tirocinio/TirocinioBadViceGames/Tirocinio_Giuseppe/Content/Vefects/Free_Fire/Shared/Materials/MI_VFX_Fire_02.uexp" 1731
"C:/Users/cerve/OneDrive/Documenti/Desktop/Tirocinio/TirocinioBadViceGames/Tirocinio_Giuseppe/Content/Vefects/Free_Fire/Shared/Textures/T_VFX_Glow_01.ubulk" 1732
"C:/Users/cerve/OneDrive/Documenti/Desktop/Tirocinio/TirocinioBadViceGames/Tirocinio_Giuseppe/Content/Vefects/Free_Fire/Shared/Textures/T_VFX_Glow_01.uasset" 1733
"C:/Users/cerve/OneDrive/Documenti/Desktop/Tirocinio/TirocinioBadViceGames/Tirocinio_Giuseppe/Content/Vefects/Free_Fire/Shared/Textures/T_VFX_Glow_01.uexp" 1734
"C:/Users/cerve/OneDrive/Documenti/Desktop/Tirocinio/TirocinioBadViceGames/Tirocinio_Giuseppe/Content/Vefects/Free_Fire/Shared/Materials/MI_VFX_Glow_01.uasset" 1735
"C:/Users/cerve/OneDrive/Documenti/Desktop/Tirocinio/TirocinioBadViceGames/Tirocinio_Giuseppe/Content/Vefects/Free_Fire/Shared/Materials/MI_VFX_Glow_01.uexp" 1736
"C:/Users/cerve/OneDrive/Documenti/Desktop/Tirocinio/TirocinioBadViceGames/Tirocinio_Giuseppe/Content/Vefects/Free_Fire/Shared/Textures/T_VFX_Ash_01.ubulk" 1737
"C:/Users/cerve/OneDrive/Documenti/Desktop/Tirocinio/TirocinioBadViceGames/Tirocinio_Giuseppe/Content/Vefects/Free_Fire/Shared/Textures/T_VFX_Ash_01.uasset" 1738
"C:/Users/cerve/OneDrive/Documenti/Desktop/Tirocinio/TirocinioBadViceGames/Tirocinio_Giuseppe/Content/Vefects/Free_Fire/Shared/Textures/T_VFX_Ash_01.uexp" 1739
"C:/Users/cerve/OneDrive/Documenti/Desktop/Tirocinio/TirocinioBadViceGames/Tirocinio_Giuseppe/Content/Vefects/Free_Fire/Shared/Materials/M_VFX_HeatDistortion.uasset" 1740
"C:/Users/cerve/OneDrive/Documenti/Desktop/Tirocinio/TirocinioBadViceGames/Tirocinio_Giuseppe/Content/Vefects/Free_Fire/Shared/Materials/M_VFX_HeatDistortion.uexp" 1741
"C:/Users/cerve/OneDrive/Documenti/Desktop/Tirocinio/TirocinioBadViceGames/Tirocinio_Giuseppe/Content/Vefects/Free_Fire/Shared/Materials/MI_VFX_HeatDistortion_Strong.uasset" 1742
"C:/Users/cerve/OneDrive/Documenti/Desktop/Tirocinio/TirocinioBadViceGames/Tirocinio_Giuseppe/Content/Vefects/Free_Fire/Shared/Materials/MI_VFX_HeatDistortion_Strong.uexp" 1743
"C:/Users/cerve/OneDrive/Documenti/Desktop/Tirocinio/TirocinioBadViceGames/Tirocinio_Giuseppe/Content/Vefects/Free_Fire/Shared/Materials/MI_VFX_Smoke_01.uasset" 1744
"C:/Users/cerve/OneDrive/Documenti/Desktop/Tirocinio/TirocinioBadViceGames/Tirocinio_Giuseppe/Content/Vefects/Free_Fire/Shared/Materials/MI_VFX_Smoke_01.uexp" 1745
"C:/Users/cerve/OneDrive/Documenti/Desktop/Tirocinio/TirocinioBadViceGames/Tirocinio_Giuseppe/Content/Vefects/Free_Fire/Shared/Particles/NS_Fire_Small_Smoke.uasset" 1746
"C:/Users/cerve/OneDrive/Documenti/Desktop/Tirocinio/TirocinioBadViceGames/Tirocinio_Giuseppe/Content/Vefects/Free_Fire/Shared/Particles/NS_Fire_Small_Smoke.uexp" 1747
"C:/Users/cerve/OneDrive/Documenti/Desktop/Tirocinio/TirocinioBadViceGames/Tirocinio_Giuseppe/Content/Vefects/Free_Fire/Shared/Audio/SFX_FireBig_L.ubulk" 1748
"C:/Users/cerve/OneDrive/Documenti/Desktop/Tirocinio/TirocinioBadViceGames/Tirocinio_Giuseppe/Content/Vefects/Free_Fire/Shared/Audio/SFX_FireBig_L.uasset" 1749
"C:/Users/cerve/OneDrive/Documenti/Desktop/Tirocinio/TirocinioBadViceGames/Tirocinio_Giuseppe/Content/Vefects/Free_Fire/Shared/Audio/SFX_FireBig_L.uexp" 1750
"C:/Users/cerve/OneDrive/Documenti/Desktop/Tirocinio/TirocinioBadViceGames/Tirocinio_Giuseppe/Content/Vefects/Free_Fire/Shared/Audio/SA_FireBig.uasset" 1751
"C:/Users/cerve/OneDrive/Documenti/Desktop/Tirocinio/TirocinioBadViceGames/Tirocinio_Giuseppe/Content/Vefects/Free_Fire/Shared/Audio/SA_FireBig.uexp" 1752
"C:/Users/cerve/OneDrive/Documenti/Desktop/Tirocinio/TirocinioBadViceGames/Tirocinio_Giuseppe/Content/Vefects/Free_Fire/Shared/Particles/BP_Fire.uasset" 1753
"C:/Users/cerve/OneDrive/Documenti/Desktop/Tirocinio/TirocinioBadViceGames/Tirocinio_Giuseppe/Content/Vefects/Free_Fire/Shared/Particles/BP_Fire.uexp" 1754
"../../../Engine/Plugins/Bridge/Content/MSPresets/M_MS_Glass_Material/Textures/FlatNormal.uasset" 1755
"../../../Engine/Plugins/Bridge/Content/MSPresets/M_MS_Glass_Material/Textures/FlatNormal.uexp" 1756
"C:/Users/cerve/OneDrive/Documenti/Desktop/Tirocinio/TirocinioBadViceGames/Tirocinio_Giuseppe/Content/Images/Decals/WallCrack/T_WallCrack_03_BC.uasset" 1757
"C:/Users/cerve/OneDrive/Documenti/Desktop/Tirocinio/TirocinioBadViceGames/Tirocinio_Giuseppe/Content/Images/Decals/WallCrack/T_WallCrack_03_BC.uexp" 1758
"C:/Users/cerve/OneDrive/Documenti/Desktop/Tirocinio/TirocinioBadViceGames/Tirocinio_Giuseppe/Content/Images/Decals/WallCrack/T_WallCrack_03_E.uasset" 1759
"C:/Users/cerve/OneDrive/Documenti/Desktop/Tirocinio/TirocinioBadViceGames/Tirocinio_Giuseppe/Content/Images/Decals/WallCrack/T_WallCrack_03_E.uexp" 1760
"C:/Users/cerve/OneDrive/Documenti/Desktop/Tirocinio/TirocinioBadViceGames/Tirocinio_Giuseppe/Content/Materials/Decals/WallCracks/M_WallCrack_Type_003.uasset" 1761
"C:/Users/cerve/OneDrive/Documenti/Desktop/Tirocinio/TirocinioBadViceGames/Tirocinio_Giuseppe/Content/Materials/Decals/WallCracks/M_WallCrack_Type_003.uexp" 1762
"C:/Users/cerve/OneDrive/Documenti/Desktop/Tirocinio/TirocinioBadViceGames/Tirocinio_Giuseppe/Content/Images/Decals/WallCrack/T_WallCrack_02_BC.uasset" 1763
"C:/Users/cerve/OneDrive/Documenti/Desktop/Tirocinio/TirocinioBadViceGames/Tirocinio_Giuseppe/Content/Images/Decals/WallCrack/T_WallCrack_02_BC.uexp" 1764
"C:/Users/cerve/OneDrive/Documenti/Desktop/Tirocinio/TirocinioBadViceGames/Tirocinio_Giuseppe/Content/Images/Decals/WallCrack/T_WallCrack_02_E.uasset" 1765
"C:/Users/cerve/OneDrive/Documenti/Desktop/Tirocinio/TirocinioBadViceGames/Tirocinio_Giuseppe/Content/Images/Decals/WallCrack/T_WallCrack_02_E.uexp" 1766
"C:/Users/cerve/OneDrive/Documenti/Desktop/Tirocinio/TirocinioBadViceGames/Tirocinio_Giuseppe/Content/Materials/Decals/WallCracks/M_WallCrack_Type_002.uasset" 1767
"C:/Users/cerve/OneDrive/Documenti/Desktop/Tirocinio/TirocinioBadViceGames/Tirocinio_Giuseppe/Content/Materials/Decals/WallCracks/M_WallCrack_Type_002.uexp" 1768
"C:/Users/cerve/OneDrive/Documenti/Desktop/Tirocinio/TirocinioBadViceGames/Tirocinio_Giuseppe/Content/Images/Decals/WallCrack/T_WallCrack_01_BC.uasset" 1769
"C:/Users/cerve/OneDrive/Documenti/Desktop/Tirocinio/TirocinioBadViceGames/Tirocinio_Giuseppe/Content/Images/Decals/WallCrack/T_WallCrack_01_BC.uexp" 1770
"C:/Users/cerve/OneDrive/Documenti/Desktop/Tirocinio/TirocinioBadViceGames/Tirocinio_Giuseppe/Content/Images/Decals/WallCrack/T_WallCrack_01_E.uasset" 1771
"C:/Users/cerve/OneDrive/Documenti/Desktop/Tirocinio/TirocinioBadViceGames/Tirocinio_Giuseppe/Content/Images/Decals/WallCrack/T_WallCrack_01_E.uexp" 1772
"C:/Users/cerve/OneDrive/Documenti/Desktop/Tirocinio/TirocinioBadViceGames/Tirocinio_Giuseppe/Content/Materials/Decals/WallCracks/M_WallCrack_Type_001.uasset" 1773
"C:/Users/cerve/OneDrive/Documenti/Desktop/Tirocinio/TirocinioBadViceGames/Tirocinio_Giuseppe/Content/Materials/Decals/WallCracks/M_WallCrack_Type_001.uexp" 1774
"C:/Users/cerve/OneDrive/Documenti/Desktop/Tirocinio/TirocinioBadViceGames/Tirocinio_Giuseppe/Content/Materials/Decals/Stains/M_Humid_Stain.uasset" 1775
"C:/Users/cerve/OneDrive/Documenti/Desktop/Tirocinio/TirocinioBadViceGames/Tirocinio_Giuseppe/Content/Materials/Decals/Stains/M_Humid_Stain.uexp" 1776
"C:/Users/cerve/OneDrive/Documenti/Desktop/Tirocinio/TirocinioBadViceGames/Tirocinio_Giuseppe/Content/Materials/Decals/Stains/M_Darker_Humid_Stain.uasset" 1777
"C:/Users/cerve/OneDrive/Documenti/Desktop/Tirocinio/TirocinioBadViceGames/Tirocinio_Giuseppe/Content/Materials/Decals/Stains/M_Darker_Humid_Stain.uexp" 1778
"C:/Users/cerve/OneDrive/Documenti/Desktop/Tirocinio/TirocinioBadViceGames/Tirocinio_Giuseppe/Content/Environment/Hallway/Ceiling/T_Ceiling_BaseColor.ubulk" 1779
"C:/Users/cerve/OneDrive/Documenti/Desktop/Tirocinio/TirocinioBadViceGames/Tirocinio_Giuseppe/Content/Environment/Hallway/Ceiling/T_Ceiling_BaseColor.uasset" 1780
"C:/Users/cerve/OneDrive/Documenti/Desktop/Tirocinio/TirocinioBadViceGames/Tirocinio_Giuseppe/Content/Environment/Hallway/Ceiling/T_Ceiling_BaseColor.uexp" 1781
"C:/Users/cerve/OneDrive/Documenti/Desktop/Tirocinio/TirocinioBadViceGames/Tirocinio_Giuseppe/Content/Environment/Hallway/Ceiling/M_Ceiling.uasset" 1782
"C:/Users/cerve/OneDrive/Documenti/Desktop/Tirocinio/TirocinioBadViceGames/Tirocinio_Giuseppe/Content/Environment/Hallway/Ceiling/M_Ceiling.uexp" 1783
"C:/Users/cerve/OneDrive/Documenti/Desktop/Tirocinio/TirocinioBadViceGames/Tirocinio_Giuseppe/Content/Environment/Hallway/Ceiling/Ceiling.ubulk" 1784
"C:/Users/cerve/OneDrive/Documenti/Desktop/Tirocinio/TirocinioBadViceGames/Tirocinio_Giuseppe/Content/Environment/Hallway/Ceiling/Ceiling.uasset" 1785
"C:/Users/cerve/OneDrive/Documenti/Desktop/Tirocinio/TirocinioBadViceGames/Tirocinio_Giuseppe/Content/Environment/Hallway/Ceiling/Ceiling.uexp" 1786
"C:/Users/cerve/OneDrive/Documenti/Desktop/Tirocinio/TirocinioBadViceGames/Tirocinio_Giuseppe/Content/Environment/Hallway/Wall/Hell/wallpaper_seamless_texture_6468.uasset" 1787
"C:/Users/cerve/OneDrive/Documenti/Desktop/Tirocinio/TirocinioBadViceGames/Tirocinio_Giuseppe/Content/Environment/Hallway/Wall/Hell/wallpaper_seamless_texture_6468.uexp" 1788
"C:/Users/cerve/OneDrive/Documenti/Desktop/Tirocinio/TirocinioBadViceGames/Tirocinio_Giuseppe/Content/Environment/Hallway/Wall/Hell/Wallpaper_Normal.uasset" 1789
"C:/Users/cerve/OneDrive/Documenti/Desktop/Tirocinio/TirocinioBadViceGames/Tirocinio_Giuseppe/Content/Environment/Hallway/Wall/Hell/Wallpaper_Normal.uexp" 1790
"C:/Users/cerve/OneDrive/Documenti/Desktop/Tirocinio/TirocinioBadViceGames/Tirocinio_Giuseppe/Content/Environment/Hallway/Wall/Hell/Wallpaper_AO.uasset" 1791
"C:/Users/cerve/OneDrive/Documenti/Desktop/Tirocinio/TirocinioBadViceGames/Tirocinio_Giuseppe/Content/Environment/Hallway/Wall/Hell/Wallpaper_AO.uexp" 1792
"C:/Users/cerve/OneDrive/Documenti/Desktop/Tirocinio/TirocinioBadViceGames/Tirocinio_Giuseppe/Content/Environment/Hallway/Wall/Hell/M_Wall.uasset" 1793
"C:/Users/cerve/OneDrive/Documenti/Desktop/Tirocinio/TirocinioBadViceGames/Tirocinio_Giuseppe/Content/Environment/Hallway/Wall/Hell/M_Wall.uexp" 1794
"C:/Users/cerve/OneDrive/Documenti/Desktop/Tirocinio/TirocinioBadViceGames/Tirocinio_Giuseppe/Content/Environment/Hallway/Wall/Muri.ubulk" 1795
"C:/Users/cerve/OneDrive/Documenti/Desktop/Tirocinio/TirocinioBadViceGames/Tirocinio_Giuseppe/Content/Environment/Hallway/Wall/Muri.uasset" 1796
"C:/Users/cerve/OneDrive/Documenti/Desktop/Tirocinio/TirocinioBadViceGames/Tirocinio_Giuseppe/Content/Environment/Hallway/Wall/Muri.uexp" 1797
"../../../Engine/Content/BasicShapes/Sphere.ubulk" 1798
"../../../Engine/Content/BasicShapes/Sphere.uasset" 1799
"../../../Engine/Content/BasicShapes/Sphere.uexp" 1800
"C:/Users/cerve/OneDrive/Documenti/Desktop/Tirocinio/TirocinioBadViceGames/Tirocinio_Giuseppe/Content/Materials/M_ObjectLighting.uasset" 1801
"C:/Users/cerve/OneDrive/Documenti/Desktop/Tirocinio/TirocinioBadViceGames/Tirocinio_Giuseppe/Content/Materials/M_ObjectLighting.uexp" 1802
"C:/Users/cerve/OneDrive/Documenti/Desktop/Tirocinio/TirocinioBadViceGames/Tirocinio_Giuseppe/Content/Blueprints/Objects/Trash/BP_Trash.uasset" 1803
"C:/Users/cerve/OneDrive/Documenti/Desktop/Tirocinio/TirocinioBadViceGames/Tirocinio_Giuseppe/Content/Blueprints/Objects/Trash/BP_Trash.uexp" 1804
"C:/Users/cerve/OneDrive/Documenti/Desktop/Tirocinio/TirocinioBadViceGames/Tirocinio_Giuseppe/Content/Environment/Objects/RestRoom_Table/Restroom_Table_Roughness_001.ubulk" 1805
"C:/Users/cerve/OneDrive/Documenti/Desktop/Tirocinio/TirocinioBadViceGames/Tirocinio_Giuseppe/Content/Environment/Objects/RestRoom_Table/Restroom_Table_Roughness_001.uasset" 1806
"C:/Users/cerve/OneDrive/Documenti/Desktop/Tirocinio/TirocinioBadViceGames/Tirocinio_Giuseppe/Content/Environment/Objects/RestRoom_Table/Restroom_Table_Roughness_001.uexp" 1807
"C:/Users/cerve/OneDrive/Documenti/Desktop/Tirocinio/TirocinioBadViceGames/Tirocinio_Giuseppe/Content/Environment/Objects/RestRoom_Table/Restroom_Table_Normal_001.ubulk" 1808
"C:/Users/cerve/OneDrive/Documenti/Desktop/Tirocinio/TirocinioBadViceGames/Tirocinio_Giuseppe/Content/Environment/Objects/RestRoom_Table/Restroom_Table_Normal_001.uasset" 1809
"C:/Users/cerve/OneDrive/Documenti/Desktop/Tirocinio/TirocinioBadViceGames/Tirocinio_Giuseppe/Content/Environment/Objects/RestRoom_Table/Restroom_Table_Normal_001.uexp" 1810
"C:/Users/cerve/OneDrive/Documenti/Desktop/Tirocinio/TirocinioBadViceGames/Tirocinio_Giuseppe/Content/Environment/Objects/RestRoom_Table/Restroom_Table_BC_001.ubulk" 1811
"C:/Users/cerve/OneDrive/Documenti/Desktop/Tirocinio/TirocinioBadViceGames/Tirocinio_Giuseppe/Content/Environment/Objects/RestRoom_Table/Restroom_Table_BC_001.uasset" 1812
"C:/Users/cerve/OneDrive/Documenti/Desktop/Tirocinio/TirocinioBadViceGames/Tirocinio_Giuseppe/Content/Environment/Objects/RestRoom_Table/Restroom_Table_BC_001.uexp" 1813
"C:/Users/cerve/OneDrive/Documenti/Desktop/Tirocinio/TirocinioBadViceGames/Tirocinio_Giuseppe/Content/Environment/Objects/RestRoom_Table/Restroom_Table_AO_001.ubulk" 1814
"C:/Users/cerve/OneDrive/Documenti/Desktop/Tirocinio/TirocinioBadViceGames/Tirocinio_Giuseppe/Content/Environment/Objects/RestRoom_Table/Restroom_Table_AO_001.uasset" 1815
"C:/Users/cerve/OneDrive/Documenti/Desktop/Tirocinio/TirocinioBadViceGames/Tirocinio_Giuseppe/Content/Environment/Objects/RestRoom_Table/Restroom_Table_AO_001.uexp" 1816
"C:/Users/cerve/OneDrive/Documenti/Desktop/Tirocinio/TirocinioBadViceGames/Tirocinio_Giuseppe/Content/Environment/Objects/RestRoom_Table/M_Restroom_Table_001.uasset" 1817
"C:/Users/cerve/OneDrive/Documenti/Desktop/Tirocinio/TirocinioBadViceGames/Tirocinio_Giuseppe/Content/Environment/Objects/RestRoom_Table/M_Restroom_Table_001.uexp" 1818
"C:/Users/cerve/OneDrive/Documenti/Desktop/Tirocinio/TirocinioBadViceGames/Tirocinio_Giuseppe/Content/Environment/Objects/RestRoom_Table/Restroom_Table_001.ubulk" 1819
"C:/Users/cerve/OneDrive/Documenti/Desktop/Tirocinio/TirocinioBadViceGames/Tirocinio_Giuseppe/Content/Environment/Objects/RestRoom_Table/Restroom_Table_001.uasset" 1820
"C:/Users/cerve/OneDrive/Documenti/Desktop/Tirocinio/TirocinioBadViceGames/Tirocinio_Giuseppe/Content/Environment/Objects/RestRoom_Table/Restroom_Table_001.uexp" 1821
"C:/Users/cerve/OneDrive/Documenti/Desktop/Tirocinio/TirocinioBadViceGames/Tirocinio_Giuseppe/Content/Environment/Objects/Water_Bottle/Water_Bottle.ubulk" 1822
"C:/Users/cerve/OneDrive/Documenti/Desktop/Tirocinio/TirocinioBadViceGames/Tirocinio_Giuseppe/Content/Environment/Objects/Water_Bottle/Water_Bottle.uasset" 1823
"C:/Users/cerve/OneDrive/Documenti/Desktop/Tirocinio/TirocinioBadViceGames/Tirocinio_Giuseppe/Content/Environment/Objects/Water_Bottle/Water_Bottle.uexp" 1824
"C:/Users/cerve/OneDrive/Documenti/Desktop/Tirocinio/TirocinioBadViceGames/Tirocinio_Giuseppe/Content/Environment/Objects/Water_Bottle/T_WaterBottle_Roughness_Type_001.ubulk" 1825
"C:/Users/cerve/OneDrive/Documenti/Desktop/Tirocinio/TirocinioBadViceGames/Tirocinio_Giuseppe/Content/Environment/Objects/Water_Bottle/T_WaterBottle_Roughness_Type_001.uasset" 1826
"C:/Users/cerve/OneDrive/Documenti/Desktop/Tirocinio/TirocinioBadViceGames/Tirocinio_Giuseppe/Content/Environment/Objects/Water_Bottle/T_WaterBottle_Roughness_Type_001.uexp" 1827
"C:/Users/cerve/OneDrive/Documenti/Desktop/Tirocinio/TirocinioBadViceGames/Tirocinio_Giuseppe/Content/Environment/Objects/Water_Bottle/T_WaterBottle_Normal_Type_001.ubulk" 1828
"C:/Users/cerve/OneDrive/Documenti/Desktop/Tirocinio/TirocinioBadViceGames/Tirocinio_Giuseppe/Content/Environment/Objects/Water_Bottle/T_WaterBottle_Normal_Type_001.uasset" 1829
"C:/Users/cerve/OneDrive/Documenti/Desktop/Tirocinio/TirocinioBadViceGames/Tirocinio_Giuseppe/Content/Environment/Objects/Water_Bottle/T_WaterBottle_Normal_Type_001.uexp" 1830
"C:/Users/cerve/OneDrive/Documenti/Desktop/Tirocinio/TirocinioBadViceGames/Tirocinio_Giuseppe/Content/Environment/Objects/Water_Bottle/T_WaterBottle_BaseColor_Type_001.ubulk" 1831
"C:/Users/cerve/OneDrive/Documenti/Desktop/Tirocinio/TirocinioBadViceGames/Tirocinio_Giuseppe/Content/Environment/Objects/Water_Bottle/T_WaterBottle_BaseColor_Type_001.uasset" 1832
"C:/Users/cerve/OneDrive/Documenti/Desktop/Tirocinio/TirocinioBadViceGames/Tirocinio_Giuseppe/Content/Environment/Objects/Water_Bottle/T_WaterBottle_BaseColor_Type_001.uexp" 1833
"C:/Users/cerve/OneDrive/Documenti/Desktop/Tirocinio/TirocinioBadViceGames/Tirocinio_Giuseppe/Content/Environment/Objects/Water_Bottle/T_WaterBottle_AO_Type_001.ubulk" 1834
"C:/Users/cerve/OneDrive/Documenti/Desktop/Tirocinio/TirocinioBadViceGames/Tirocinio_Giuseppe/Content/Environment/Objects/Water_Bottle/T_WaterBottle_AO_Type_001.uasset" 1835
"C:/Users/cerve/OneDrive/Documenti/Desktop/Tirocinio/TirocinioBadViceGames/Tirocinio_Giuseppe/Content/Environment/Objects/Water_Bottle/T_WaterBottle_AO_Type_001.uexp" 1836
"C:/Users/cerve/OneDrive/Documenti/Desktop/Tirocinio/TirocinioBadViceGames/Tirocinio_Giuseppe/Content/Environment/Objects/Water_Bottle/M_Water_Bottle.uasset" 1837
"C:/Users/cerve/OneDrive/Documenti/Desktop/Tirocinio/TirocinioBadViceGames/Tirocinio_Giuseppe/Content/Environment/Objects/Water_Bottle/M_Water_Bottle.uexp" 1838
"C:/Users/cerve/OneDrive/Documenti/Desktop/Tirocinio/TirocinioBadViceGames/Tirocinio_Giuseppe/Content/Blueprints/Objects/Trash/All_Trash/BP_Water_Bottles/BP_Water_bottle.uasset" 1839
"C:/Users/cerve/OneDrive/Documenti/Desktop/Tirocinio/TirocinioBadViceGames/Tirocinio_Giuseppe/Content/Blueprints/Objects/Trash/All_Trash/BP_Water_Bottles/BP_Water_bottle.uexp" 1840
"C:/Users/cerve/OneDrive/Documenti/Desktop/Tirocinio/TirocinioBadViceGames/Tirocinio_Giuseppe/Content/Environment/Objects/Water_Bottle/Water_Bottle_Destructed.ubulk" 1841
"C:/Users/cerve/OneDrive/Documenti/Desktop/Tirocinio/TirocinioBadViceGames/Tirocinio_Giuseppe/Content/Environment/Objects/Water_Bottle/Water_Bottle_Destructed.uasset" 1842
"C:/Users/cerve/OneDrive/Documenti/Desktop/Tirocinio/TirocinioBadViceGames/Tirocinio_Giuseppe/Content/Environment/Objects/Water_Bottle/Water_Bottle_Destructed.uexp" 1843
"C:/Users/cerve/OneDrive/Documenti/Desktop/Tirocinio/TirocinioBadViceGames/Tirocinio_Giuseppe/Content/Blueprints/Objects/Trash/All_Trash/BP_Water_Bottles/BP_Water_bottle1.uasset" 1844
"C:/Users/cerve/OneDrive/Documenti/Desktop/Tirocinio/TirocinioBadViceGames/Tirocinio_Giuseppe/Content/Blueprints/Objects/Trash/All_Trash/BP_Water_Bottles/BP_Water_bottle1.uexp" 1845
"../../../Engine/Content/BasicShapes/Cone.ubulk" 1846
"../../../Engine/Content/BasicShapes/Cone.uasset" 1847
"../../../Engine/Content/BasicShapes/Cone.uexp" 1848
"C:/Users/cerve/OneDrive/Documenti/Desktop/Tirocinio/TirocinioBadViceGames/Tirocinio_Giuseppe/Content/Blueprints/Objects/Quest/BP_QuestObject.uasset" 1849
"C:/Users/cerve/OneDrive/Documenti/Desktop/Tirocinio/TirocinioBadViceGames/Tirocinio_Giuseppe/Content/Blueprints/Objects/Quest/BP_QuestObject.uexp" 1850
"C:/Users/cerve/OneDrive/Documenti/Desktop/Tirocinio/TirocinioBadViceGames/Tirocinio_Giuseppe/Content/Blueprints/Objects/Quest/BP_Killer_QuestObject.uasset" 1851
"C:/Users/cerve/OneDrive/Documenti/Desktop/Tirocinio/TirocinioBadViceGames/Tirocinio_Giuseppe/Content/Blueprints/Objects/Quest/BP_Killer_QuestObject.uexp" 1852
"C:/Users/cerve/OneDrive/Documenti/Desktop/Tirocinio/TirocinioBadViceGames/Tirocinio_Giuseppe/Content/Environment/Objects/Door/LeftDoor_Frame.ubulk" 1853
"C:/Users/cerve/OneDrive/Documenti/Desktop/Tirocinio/TirocinioBadViceGames/Tirocinio_Giuseppe/Content/Environment/Objects/Door/LeftDoor_Frame.uasset" 1854
"C:/Users/cerve/OneDrive/Documenti/Desktop/Tirocinio/TirocinioBadViceGames/Tirocinio_Giuseppe/Content/Environment/Objects/Door/LeftDoor_Frame.uexp" 1855
"C:/Users/cerve/OneDrive/Documenti/Desktop/Tirocinio/TirocinioBadViceGames/Tirocinio_Giuseppe/Content/Environment/Hallway/Coloumns/sezione_porta_Roughness.ubulk" 1856
"C:/Users/cerve/OneDrive/Documenti/Desktop/Tirocinio/TirocinioBadViceGames/Tirocinio_Giuseppe/Content/Environment/Hallway/Coloumns/sezione_porta_Roughness.uasset" 1857
"C:/Users/cerve/OneDrive/Documenti/Desktop/Tirocinio/TirocinioBadViceGames/Tirocinio_Giuseppe/Content/Environment/Hallway/Coloumns/sezione_porta_Roughness.uexp" 1858
"C:/Users/cerve/OneDrive/Documenti/Desktop/Tirocinio/TirocinioBadViceGames/Tirocinio_Giuseppe/Content/Environment/Hallway/Coloumns/sezione_porta_Normal_OpenGL.ubulk" 1859
"C:/Users/cerve/OneDrive/Documenti/Desktop/Tirocinio/TirocinioBadViceGames/Tirocinio_Giuseppe/Content/Environment/Hallway/Coloumns/sezione_porta_Normal_OpenGL.uasset" 1860
"C:/Users/cerve/OneDrive/Documenti/Desktop/Tirocinio/TirocinioBadViceGames/Tirocinio_Giuseppe/Content/Environment/Hallway/Coloumns/sezione_porta_Normal_OpenGL.uexp" 1861
"C:/Users/cerve/OneDrive/Documenti/Desktop/Tirocinio/TirocinioBadViceGames/Tirocinio_Giuseppe/Content/Environment/Hallway/Coloumns/sezione_porta_Mixed_AO.ubulk" 1862
"C:/Users/cerve/OneDrive/Documenti/Desktop/Tirocinio/TirocinioBadViceGames/Tirocinio_Giuseppe/Content/Environment/Hallway/Coloumns/sezione_porta_Mixed_AO.uasset" 1863
"C:/Users/cerve/OneDrive/Documenti/Desktop/Tirocinio/TirocinioBadViceGames/Tirocinio_Giuseppe/Content/Environment/Hallway/Coloumns/sezione_porta_Mixed_AO.uexp" 1864
"C:/Users/cerve/OneDrive/Documenti/Desktop/Tirocinio/TirocinioBadViceGames/Tirocinio_Giuseppe/Content/Environment/Hallway/Coloumns/sezione_porta_Metallic.ubulk" 1865
"C:/Users/cerve/OneDrive/Documenti/Desktop/Tirocinio/TirocinioBadViceGames/Tirocinio_Giuseppe/Content/Environment/Hallway/Coloumns/sezione_porta_Metallic.uasset" 1866
"C:/Users/cerve/OneDrive/Documenti/Desktop/Tirocinio/TirocinioBadViceGames/Tirocinio_Giuseppe/Content/Environment/Hallway/Coloumns/sezione_porta_Metallic.uexp" 1867
"C:/Users/cerve/OneDrive/Documenti/Desktop/Tirocinio/TirocinioBadViceGames/Tirocinio_Giuseppe/Content/Environment/Hallway/Coloumns/sezione_porta_Base_color.ubulk" 1868
"C:/Users/cerve/OneDrive/Documenti/Desktop/Tirocinio/TirocinioBadViceGames/Tirocinio_Giuseppe/Content/Environment/Hallway/Coloumns/sezione_porta_Base_color.uasset" 1869
"C:/Users/cerve/OneDrive/Documenti/Desktop/Tirocinio/TirocinioBadViceGames/Tirocinio_Giuseppe/Content/Environment/Hallway/Coloumns/sezione_porta_Base_color.uexp" 1870
"C:/Users/cerve/OneDrive/Documenti/Desktop/Tirocinio/TirocinioBadViceGames/Tirocinio_Giuseppe/Content/Environment/Hallway/Coloumns/M_Coloumns.uasset" 1871
"C:/Users/cerve/OneDrive/Documenti/Desktop/Tirocinio/TirocinioBadViceGames/Tirocinio_Giuseppe/Content/Environment/Hallway/Coloumns/M_Coloumns.uexp" 1872
"C:/Users/cerve/OneDrive/Documenti/Desktop/Tirocinio/TirocinioBadViceGames/Tirocinio_Giuseppe/Content/Environment/Hallway/Coloumns/Sezione_Porta.ubulk" 1873
"C:/Users/cerve/OneDrive/Documenti/Desktop/Tirocinio/TirocinioBadViceGames/Tirocinio_Giuseppe/Content/Environment/Hallway/Coloumns/Sezione_Porta.uasset" 1874
"C:/Users/cerve/OneDrive/Documenti/Desktop/Tirocinio/TirocinioBadViceGames/Tirocinio_Giuseppe/Content/Environment/Hallway/Coloumns/Sezione_Porta.uexp" 1875
"C:/Users/cerve/OneDrive/Documenti/Desktop/Tirocinio/TirocinioBadViceGames/Tirocinio_Giuseppe/Content/Environment/Elevator/Frame/Hallaway_ElevatorFrameDoor_001_Roughness.ubulk" 1876
"C:/Users/cerve/OneDrive/Documenti/Desktop/Tirocinio/TirocinioBadViceGames/Tirocinio_Giuseppe/Content/Environment/Elevator/Frame/Hallaway_ElevatorFrameDoor_001_Roughness.uasset" 1877
"C:/Users/cerve/OneDrive/Documenti/Desktop/Tirocinio/TirocinioBadViceGames/Tirocinio_Giuseppe/Content/Environment/Elevator/Frame/Hallaway_ElevatorFrameDoor_001_Roughness.uexp" 1878
"C:/Users/cerve/OneDrive/Documenti/Desktop/Tirocinio/TirocinioBadViceGames/Tirocinio_Giuseppe/Content/Environment/Elevator/Frame/Hallaway_ElevatorFrameDoor_001_Normal_OpenGL.ubulk" 1879
"C:/Users/cerve/OneDrive/Documenti/Desktop/Tirocinio/TirocinioBadViceGames/Tirocinio_Giuseppe/Content/Environment/Elevator/Frame/Hallaway_ElevatorFrameDoor_001_Normal_OpenGL.uasset" 1880
"C:/Users/cerve/OneDrive/Documenti/Desktop/Tirocinio/TirocinioBadViceGames/Tirocinio_Giuseppe/Content/Environment/Elevator/Frame/Hallaway_ElevatorFrameDoor_001_Normal_OpenGL.uexp" 1881
"C:/Users/cerve/OneDrive/Documenti/Desktop/Tirocinio/TirocinioBadViceGames/Tirocinio_Giuseppe/Content/Environment/Elevator/Frame/Hallaway_ElevatorFrameDoor_001_Mixed_AO.ubulk" 1882
"C:/Users/cerve/OneDrive/Documenti/Desktop/Tirocinio/TirocinioBadViceGames/Tirocinio_Giuseppe/Content/Environment/Elevator/Frame/Hallaway_ElevatorFrameDoor_001_Mixed_AO.uasset" 1883
"C:/Users/cerve/OneDrive/Documenti/Desktop/Tirocinio/TirocinioBadViceGames/Tirocinio_Giuseppe/Content/Environment/Elevator/Frame/Hallaway_ElevatorFrameDoor_001_Mixed_AO.uexp" 1884
"C:/Users/cerve/OneDrive/Documenti/Desktop/Tirocinio/TirocinioBadViceGames/Tirocinio_Giuseppe/Content/Environment/Elevator/Frame/Hallaway_ElevatorFrameDoor_001_Metallic.ubulk" 1885
"C:/Users/cerve/OneDrive/Documenti/Desktop/Tirocinio/TirocinioBadViceGames/Tirocinio_Giuseppe/Content/Environment/Elevator/Frame/Hallaway_ElevatorFrameDoor_001_Metallic.uasset" 1886
"C:/Users/cerve/OneDrive/Documenti/Desktop/Tirocinio/TirocinioBadViceGames/Tirocinio_Giuseppe/Content/Environment/Elevator/Frame/Hallaway_ElevatorFrameDoor_001_Metallic.uexp" 1887
"C:/Users/cerve/OneDrive/Documenti/Desktop/Tirocinio/TirocinioBadViceGames/Tirocinio_Giuseppe/Content/Environment/Elevator/Frame/Hallaway_ElevatorFrameDoor_001_Base_color.ubulk" 1888
"C:/Users/cerve/OneDrive/Documenti/Desktop/Tirocinio/TirocinioBadViceGames/Tirocinio_Giuseppe/Content/Environment/Elevator/Frame/Hallaway_ElevatorFrameDoor_001_Base_color.uasset" 1889
"C:/Users/cerve/OneDrive/Documenti/Desktop/Tirocinio/TirocinioBadViceGames/Tirocinio_Giuseppe/Content/Environment/Elevator/Frame/Hallaway_ElevatorFrameDoor_001_Base_color.uexp" 1890
"C:/Users/cerve/OneDrive/Documenti/Desktop/Tirocinio/TirocinioBadViceGames/Tirocinio_Giuseppe/Content/Environment/Elevator/Frame/M_Elevator_Door_Frame.uasset" 1891
"C:/Users/cerve/OneDrive/Documenti/Desktop/Tirocinio/TirocinioBadViceGames/Tirocinio_Giuseppe/Content/Environment/Elevator/Frame/M_Elevator_Door_Frame.uexp" 1892
"C:/Users/cerve/OneDrive/Documenti/Desktop/Tirocinio/TirocinioBadViceGames/Tirocinio_Giuseppe/Content/Environment/Elevator/Frame/Hallaway_ElevatorFrameDoor_type_001.ubulk" 1893
"C:/Users/cerve/OneDrive/Documenti/Desktop/Tirocinio/TirocinioBadViceGames/Tirocinio_Giuseppe/Content/Environment/Elevator/Frame/Hallaway_ElevatorFrameDoor_type_001.uasset" 1894
"C:/Users/cerve/OneDrive/Documenti/Desktop/Tirocinio/TirocinioBadViceGames/Tirocinio_Giuseppe/Content/Environment/Elevator/Frame/Hallaway_ElevatorFrameDoor_type_001.uexp" 1895
"C:/Users/cerve/OneDrive/Documenti/Desktop/Tirocinio/TirocinioBadViceGames/Tirocinio_Giuseppe/Content/Blueprints/UI/WBP_FadeBlack.uasset" 1896
"C:/Users/cerve/OneDrive/Documenti/Desktop/Tirocinio/TirocinioBadViceGames/Tirocinio_Giuseppe/Content/Blueprints/UI/WBP_FadeBlack.uexp" 1897
"C:/Users/cerve/OneDrive/Documenti/Desktop/Tirocinio/TirocinioBadViceGames/Tirocinio_Giuseppe/Content/Materials/SpiderWeb/Textures/T_Spider_Web_01.ubulk" 1898
"C:/Users/cerve/OneDrive/Documenti/Desktop/Tirocinio/TirocinioBadViceGames/Tirocinio_Giuseppe/Content/Materials/SpiderWeb/Textures/T_Spider_Web_01.uasset" 1899
"C:/Users/cerve/OneDrive/Documenti/Desktop/Tirocinio/TirocinioBadViceGames/Tirocinio_Giuseppe/Content/Materials/SpiderWeb/Textures/T_Spider_Web_01.uexp" 1900
"C:/Users/cerve/OneDrive/Documenti/Desktop/Tirocinio/TirocinioBadViceGames/Tirocinio_Giuseppe/Content/Materials/SpiderWeb/SpiderWeb.uasset" 1901
"C:/Users/cerve/OneDrive/Documenti/Desktop/Tirocinio/TirocinioBadViceGames/Tirocinio_Giuseppe/Content/Materials/SpiderWeb/SpiderWeb.uexp" 1902
"C:/Users/cerve/OneDrive/Documenti/Desktop/Tirocinio/TirocinioBadViceGames/Tirocinio_Giuseppe/Content/Blueprints/Objects/CleanableObjects/BP_SpiderWeb.uasset" 1903
"C:/Users/cerve/OneDrive/Documenti/Desktop/Tirocinio/TirocinioBadViceGames/Tirocinio_Giuseppe/Content/Blueprints/Objects/CleanableObjects/BP_SpiderWeb.uexp" 1904
"C:/Users/cerve/OneDrive/Documenti/Desktop/Tirocinio/TirocinioBadViceGames/Tirocinio_Giuseppe/Content/Environment/Objects/Door/LeftHallway_Door.ubulk" 1905
"C:/Users/cerve/OneDrive/Documenti/Desktop/Tirocinio/TirocinioBadViceGames/Tirocinio_Giuseppe/Content/Environment/Objects/Door/LeftHallway_Door.uasset" 1906
"C:/Users/cerve/OneDrive/Documenti/Desktop/Tirocinio/TirocinioBadViceGames/Tirocinio_Giuseppe/Content/Environment/Objects/Door/LeftHallway_Door.uexp" 1907
"C:/Users/cerve/OneDrive/Documenti/Desktop/Tirocinio/TirocinioBadViceGames/Tirocinio_Giuseppe/Content/Blueprints/Objects/Quest/BP_GuestRoomDoor.uasset" 1908
"C:/Users/cerve/OneDrive/Documenti/Desktop/Tirocinio/TirocinioBadViceGames/Tirocinio_Giuseppe/Content/Blueprints/Objects/Quest/BP_GuestRoomDoor.uexp" 1909
"C:/Users/cerve/OneDrive/Documenti/Desktop/Tirocinio/TirocinioBadViceGames/Tirocinio_Giuseppe/Content/Blueprints/Objects/Quest/BP_QuestObjectSpawnPoint.uasset" 1910
"C:/Users/cerve/OneDrive/Documenti/Desktop/Tirocinio/TirocinioBadViceGames/Tirocinio_Giuseppe/Content/Blueprints/Objects/Quest/BP_QuestObjectSpawnPoint.uexp" 1911
"C:/Users/cerve/OneDrive/Documenti/Desktop/Tirocinio/TirocinioBadViceGames/Tirocinio_Giuseppe/Content/Blueprints/Dialogues/SerialKiller/SerialKiller_Finished.uasset" 1912
"C:/Users/cerve/OneDrive/Documenti/Desktop/Tirocinio/TirocinioBadViceGames/Tirocinio_Giuseppe/Content/Blueprints/Dialogues/SerialKiller/SerialKiller_Finished.uexp" 1913
"C:/Users/cerve/OneDrive/Documenti/Desktop/Tirocinio/TirocinioBadViceGames/Tirocinio_Giuseppe/Content/Blueprints/Dialogues/SerialKiller/SerialKiller_NotStarted.uasset" 1914
"C:/Users/cerve/OneDrive/Documenti/Desktop/Tirocinio/TirocinioBadViceGames/Tirocinio_Giuseppe/Content/Blueprints/Dialogues/SerialKiller/SerialKiller_NotStarted.uexp" 1915
"C:/Users/cerve/OneDrive/Documenti/Desktop/Tirocinio/TirocinioBadViceGames/Tirocinio_Giuseppe/Content/Blueprints/Dialogues/SerialKiller/SerialKiller_OnGoing.uasset" 1916
"C:/Users/cerve/OneDrive/Documenti/Desktop/Tirocinio/TirocinioBadViceGames/Tirocinio_Giuseppe/Content/Blueprints/Dialogues/SerialKiller/SerialKiller_OnGoing.uexp" 1917
"C:/Users/cerve/OneDrive/Documenti/Desktop/Tirocinio/TirocinioBadViceGames/Tirocinio_Giuseppe/Content/Blueprints/Dialogues/SerialKiller/SerialKiller_Started.uasset" 1918
"C:/Users/cerve/OneDrive/Documenti/Desktop/Tirocinio/TirocinioBadViceGames/Tirocinio_Giuseppe/Content/Blueprints/Dialogues/SerialKiller/SerialKiller_Started.uexp" 1919
"C:/Users/cerve/OneDrive/Documenti/Desktop/Tirocinio/TirocinioBadViceGames/Tirocinio_Giuseppe/Content/Blueprints/Objects/CleanableObjects/BP_EctoplasmStain.uasset" 1920
"C:/Users/cerve/OneDrive/Documenti/Desktop/Tirocinio/TirocinioBadViceGames/Tirocinio_Giuseppe/Content/Blueprints/Objects/CleanableObjects/BP_EctoplasmStain.uexp" 1921
"C:/Users/cerve/OneDrive/Documenti/Desktop/Tirocinio/TirocinioBadViceGames/Tirocinio_Giuseppe/Content/Blueprints/Objects/CleanableObjects/BP_PukeStain.uasset" 1922
"C:/Users/cerve/OneDrive/Documenti/Desktop/Tirocinio/TirocinioBadViceGames/Tirocinio_Giuseppe/Content/Blueprints/Objects/CleanableObjects/BP_PukeStain.uexp" 1923
"C:/Users/cerve/OneDrive/Documenti/Desktop/Tirocinio/TirocinioBadViceGames/Tirocinio_Giuseppe/Content/Environment/Elevator/Buttons/Elevators_Bottons_Roughness.ubulk" 1924
"C:/Users/cerve/OneDrive/Documenti/Desktop/Tirocinio/TirocinioBadViceGames/Tirocinio_Giuseppe/Content/Environment/Elevator/Buttons/Elevators_Bottons_Roughness.uasset" 1925
"C:/Users/cerve/OneDrive/Documenti/Desktop/Tirocinio/TirocinioBadViceGames/Tirocinio_Giuseppe/Content/Environment/Elevator/Buttons/Elevators_Bottons_Roughness.uexp" 1926
"C:/Users/cerve/OneDrive/Documenti/Desktop/Tirocinio/TirocinioBadViceGames/Tirocinio_Giuseppe/Content/Environment/Elevator/Buttons/Elevators_Bottons_Normal_OpenGL.ubulk" 1927
"C:/Users/cerve/OneDrive/Documenti/Desktop/Tirocinio/TirocinioBadViceGames/Tirocinio_Giuseppe/Content/Environment/Elevator/Buttons/Elevators_Bottons_Normal_OpenGL.uasset" 1928
"C:/Users/cerve/OneDrive/Documenti/Desktop/Tirocinio/TirocinioBadViceGames/Tirocinio_Giuseppe/Content/Environment/Elevator/Buttons/Elevators_Bottons_Normal_OpenGL.uexp" 1929
"C:/Users/cerve/OneDrive/Documenti/Desktop/Tirocinio/TirocinioBadViceGames/Tirocinio_Giuseppe/Content/Environment/Elevator/Buttons/Elevators_Bottons_Mixed_AO.ubulk" 1930
"C:/Users/cerve/OneDrive/Documenti/Desktop/Tirocinio/TirocinioBadViceGames/Tirocinio_Giuseppe/Content/Environment/Elevator/Buttons/Elevators_Bottons_Mixed_AO.uasset" 1931
"C:/Users/cerve/OneDrive/Documenti/Desktop/Tirocinio/TirocinioBadViceGames/Tirocinio_Giuseppe/Content/Environment/Elevator/Buttons/Elevators_Bottons_Mixed_AO.uexp" 1932
"C:/Users/cerve/OneDrive/Documenti/Desktop/Tirocinio/TirocinioBadViceGames/Tirocinio_Giuseppe/Content/Environment/Elevator/Buttons/Elevators_Bottons_Metallic.ubulk" 1933
"C:/Users/cerve/OneDrive/Documenti/Desktop/Tirocinio/TirocinioBadViceGames/Tirocinio_Giuseppe/Content/Environment/Elevator/Buttons/Elevators_Bottons_Metallic.uasset" 1934
"C:/Users/cerve/OneDrive/Documenti/Desktop/Tirocinio/TirocinioBadViceGames/Tirocinio_Giuseppe/Content/Environment/Elevator/Buttons/Elevators_Bottons_Metallic.uexp" 1935
"C:/Users/cerve/OneDrive/Documenti/Desktop/Tirocinio/TirocinioBadViceGames/Tirocinio_Giuseppe/Content/Environment/Elevator/Buttons/Elevators_Bottons_Base_color.ubulk" 1936
"C:/Users/cerve/OneDrive/Documenti/Desktop/Tirocinio/TirocinioBadViceGames/Tirocinio_Giuseppe/Content/Environment/Elevator/Buttons/Elevators_Bottons_Base_color.uasset" 1937
"C:/Users/cerve/OneDrive/Documenti/Desktop/Tirocinio/TirocinioBadViceGames/Tirocinio_Giuseppe/Content/Environment/Elevator/Buttons/Elevators_Bottons_Base_color.uexp" 1938
"C:/Users/cerve/OneDrive/Documenti/Desktop/Tirocinio/TirocinioBadViceGames/Tirocinio_Giuseppe/Content/Environment/Elevator/Buttons/M_Elevator_Buttons.uasset" 1939
"C:/Users/cerve/OneDrive/Documenti/Desktop/Tirocinio/TirocinioBadViceGames/Tirocinio_Giuseppe/Content/Environment/Elevator/Buttons/M_Elevator_Buttons.uexp" 1940
"C:/Users/cerve/OneDrive/Documenti/Desktop/Tirocinio/TirocinioBadViceGames/Tirocinio_Giuseppe/Content/Environment/Elevator/Buttons/Hallaway_Elevator_Buttons_001.ubulk" 1941
"C:/Users/cerve/OneDrive/Documenti/Desktop/Tirocinio/TirocinioBadViceGames/Tirocinio_Giuseppe/Content/Environment/Elevator/Buttons/Hallaway_Elevator_Buttons_001.uasset" 1942
"C:/Users/cerve/OneDrive/Documenti/Desktop/Tirocinio/TirocinioBadViceGames/Tirocinio_Giuseppe/Content/Environment/Elevator/Buttons/Hallaway_Elevator_Buttons_001.uexp" 1943
"C:/Users/cerve/OneDrive/Documenti/Desktop/Tirocinio/TirocinioBadViceGames/Tirocinio_Giuseppe/Content/Blueprints/Objects/Environment/BP_Elevator_Buttons.uasset" 1944
"C:/Users/cerve/OneDrive/Documenti/Desktop/Tirocinio/TirocinioBadViceGames/Tirocinio_Giuseppe/Content/Blueprints/Objects/Environment/BP_Elevator_Buttons.uexp" 1945
"C:/Users/cerve/OneDrive/Documenti/Desktop/Tirocinio/TirocinioBadViceGames/Tirocinio_Giuseppe/Content/Environment/Objects/Bullets/T_Bullets_Normal_Type_001.ubulk" 1946
"C:/Users/cerve/OneDrive/Documenti/Desktop/Tirocinio/TirocinioBadViceGames/Tirocinio_Giuseppe/Content/Environment/Objects/Bullets/T_Bullets_Normal_Type_001.uasset" 1947
"C:/Users/cerve/OneDrive/Documenti/Desktop/Tirocinio/TirocinioBadViceGames/Tirocinio_Giuseppe/Content/Environment/Objects/Bullets/T_Bullets_Normal_Type_001.uexp" 1948
"C:/Users/cerve/OneDrive/Documenti/Desktop/Tirocinio/TirocinioBadViceGames/Tirocinio_Giuseppe/Content/Environment/Objects/Bullets/T_Bullets_Metallic_Type_001.ubulk" 1949
"C:/Users/cerve/OneDrive/Documenti/Desktop/Tirocinio/TirocinioBadViceGames/Tirocinio_Giuseppe/Content/Environment/Objects/Bullets/T_Bullets_Metallic_Type_001.uasset" 1950
"C:/Users/cerve/OneDrive/Documenti/Desktop/Tirocinio/TirocinioBadViceGames/Tirocinio_Giuseppe/Content/Environment/Objects/Bullets/T_Bullets_Metallic_Type_001.uexp" 1951
"C:/Users/cerve/OneDrive/Documenti/Desktop/Tirocinio/TirocinioBadViceGames/Tirocinio_Giuseppe/Content/Environment/Objects/Bullets/T_Bullets_BaseColor_Type_001.ubulk" 1952
"C:/Users/cerve/OneDrive/Documenti/Desktop/Tirocinio/TirocinioBadViceGames/Tirocinio_Giuseppe/Content/Environment/Objects/Bullets/T_Bullets_BaseColor_Type_001.uasset" 1953
"C:/Users/cerve/OneDrive/Documenti/Desktop/Tirocinio/TirocinioBadViceGames/Tirocinio_Giuseppe/Content/Environment/Objects/Bullets/T_Bullets_BaseColor_Type_001.uexp" 1954
"C:/Users/cerve/OneDrive/Documenti/Desktop/Tirocinio/TirocinioBadViceGames/Tirocinio_Giuseppe/Content/Environment/Objects/Bullets/T_Bullets_AO_Type_001.ubulk" 1955
"C:/Users/cerve/OneDrive/Documenti/Desktop/Tirocinio/TirocinioBadViceGames/Tirocinio_Giuseppe/Content/Environment/Objects/Bullets/T_Bullets_AO_Type_001.uasset" 1956
"C:/Users/cerve/OneDrive/Documenti/Desktop/Tirocinio/TirocinioBadViceGames/Tirocinio_Giuseppe/Content/Environment/Objects/Bullets/T_Bullets_AO_Type_001.uexp" 1957
"C:/Users/cerve/OneDrive/Documenti/Desktop/Tirocinio/TirocinioBadViceGames/Tirocinio_Giuseppe/Content/Environment/Objects/Bullets/Bullets_Roughness.ubulk" 1958
"C:/Users/cerve/OneDrive/Documenti/Desktop/Tirocinio/TirocinioBadViceGames/Tirocinio_Giuseppe/Content/Environment/Objects/Bullets/Bullets_Roughness.uasset" 1959
"C:/Users/cerve/OneDrive/Documenti/Desktop/Tirocinio/TirocinioBadViceGames/Tirocinio_Giuseppe/Content/Environment/Objects/Bullets/Bullets_Roughness.uexp" 1960
"C:/Users/cerve/OneDrive/Documenti/Desktop/Tirocinio/TirocinioBadViceGames/Tirocinio_Giuseppe/Content/Environment/Objects/Bullets/M_Bullets.uasset" 1961
"C:/Users/cerve/OneDrive/Documenti/Desktop/Tirocinio/TirocinioBadViceGames/Tirocinio_Giuseppe/Content/Environment/Objects/Bullets/M_Bullets.uexp" 1962
"C:/Users/cerve/OneDrive/Documenti/Desktop/Tirocinio/TirocinioBadViceGames/Tirocinio_Giuseppe/Content/Environment/Objects/Bullets/MafiaRoom_Bullet_Type_001.ubulk" 1963
"C:/Users/cerve/OneDrive/Documenti/Desktop/Tirocinio/TirocinioBadViceGames/Tirocinio_Giuseppe/Content/Environment/Objects/Bullets/MafiaRoom_Bullet_Type_001.uasset" 1964
"C:/Users/cerve/OneDrive/Documenti/Desktop/Tirocinio/TirocinioBadViceGames/Tirocinio_Giuseppe/Content/Environment/Objects/Bullets/MafiaRoom_Bullet_Type_001.uexp" 1965
"C:/Users/cerve/OneDrive/Documenti/Desktop/Tirocinio/TirocinioBadViceGames/Tirocinio_Giuseppe/Content/Blueprints/Objects/Trash/All_Trash/BP_Bullets/BP_Bullets.uasset" 1966
"C:/Users/cerve/OneDrive/Documenti/Desktop/Tirocinio/TirocinioBadViceGames/Tirocinio_Giuseppe/Content/Blueprints/Objects/Trash/All_Trash/BP_Bullets/BP_Bullets.uexp" 1967
"C:/Users/cerve/OneDrive/Documenti/Desktop/Tirocinio/TirocinioBadViceGames/Tirocinio_Giuseppe/Content/Environment/Objects/Chips_Bag/Chips_Bag_001/Chips_Bag_Roughness_001.ubulk" 1968
"C:/Users/cerve/OneDrive/Documenti/Desktop/Tirocinio/TirocinioBadViceGames/Tirocinio_Giuseppe/Content/Environment/Objects/Chips_Bag/Chips_Bag_001/Chips_Bag_Roughness_001.uasset" 1969
"C:/Users/cerve/OneDrive/Documenti/Desktop/Tirocinio/TirocinioBadViceGames/Tirocinio_Giuseppe/Content/Environment/Objects/Chips_Bag/Chips_Bag_001/Chips_Bag_Roughness_001.uexp" 1970
"C:/Users/cerve/OneDrive/Documenti/Desktop/Tirocinio/TirocinioBadViceGames/Tirocinio_Giuseppe/Content/Environment/Objects/Chips_Bag/Chips_Bag_001/Chips_Bag_Normal_001.ubulk" 1971
"C:/Users/cerve/OneDrive/Documenti/Desktop/Tirocinio/TirocinioBadViceGames/Tirocinio_Giuseppe/Content/Environment/Objects/Chips_Bag/Chips_Bag_001/Chips_Bag_Normal_001.uasset" 1972
"C:/Users/cerve/OneDrive/Documenti/Desktop/Tirocinio/TirocinioBadViceGames/Tirocinio_Giuseppe/Content/Environment/Objects/Chips_Bag/Chips_Bag_001/Chips_Bag_Normal_001.uexp" 1973
"C:/Users/cerve/OneDrive/Documenti/Desktop/Tirocinio/TirocinioBadViceGames/Tirocinio_Giuseppe/Content/Environment/Objects/Chips_Bag/Chips_Bag_001/Chips_Bag_Metallic_001.ubulk" 1974
"C:/Users/cerve/OneDrive/Documenti/Desktop/Tirocinio/TirocinioBadViceGames/Tirocinio_Giuseppe/Content/Environment/Objects/Chips_Bag/Chips_Bag_001/Chips_Bag_Metallic_001.uasset" 1975
"C:/Users/cerve/OneDrive/Documenti/Desktop/Tirocinio/TirocinioBadViceGames/Tirocinio_Giuseppe/Content/Environment/Objects/Chips_Bag/Chips_Bag_001/Chips_Bag_Metallic_001.uexp" 1976
"C:/Users/cerve/OneDrive/Documenti/Desktop/Tirocinio/TirocinioBadViceGames/Tirocinio_Giuseppe/Content/Environment/Objects/Chips_Bag/Chips_Bag_001/Chips_Bag_BaseColor_001.ubulk" 1977
"C:/Users/cerve/OneDrive/Documenti/Desktop/Tirocinio/TirocinioBadViceGames/Tirocinio_Giuseppe/Content/Environment/Objects/Chips_Bag/Chips_Bag_001/Chips_Bag_BaseColor_001.uasset" 1978
"C:/Users/cerve/OneDrive/Documenti/Desktop/Tirocinio/TirocinioBadViceGames/Tirocinio_Giuseppe/Content/Environment/Objects/Chips_Bag/Chips_Bag_001/Chips_Bag_BaseColor_001.uexp" 1979
"C:/Users/cerve/OneDrive/Documenti/Desktop/Tirocinio/TirocinioBadViceGames/Tirocinio_Giuseppe/Content/Environment/Objects/Chips_Bag/Chips_Bag_001/Chips_Bag_AO_001.ubulk" 1980
"C:/Users/cerve/OneDrive/Documenti/Desktop/Tirocinio/TirocinioBadViceGames/Tirocinio_Giuseppe/Content/Environment/Objects/Chips_Bag/Chips_Bag_001/Chips_Bag_AO_001.uasset" 1981
"C:/Users/cerve/OneDrive/Documenti/Desktop/Tirocinio/TirocinioBadViceGames/Tirocinio_Giuseppe/Content/Environment/Objects/Chips_Bag/Chips_Bag_001/Chips_Bag_AO_001.uexp" 1982
"C:/Users/cerve/OneDrive/Documenti/Desktop/Tirocinio/TirocinioBadViceGames/Tirocinio_Giuseppe/Content/Environment/Objects/Chips_Bag/Chips_Bag_001/M_Chips_001.uasset" 1983
"C:/Users/cerve/OneDrive/Documenti/Desktop/Tirocinio/TirocinioBadViceGames/Tirocinio_Giuseppe/Content/Environment/Objects/Chips_Bag/Chips_Bag_001/M_Chips_001.uexp" 1984
"C:/Users/cerve/OneDrive/Documenti/Desktop/Tirocinio/TirocinioBadViceGames/Tirocinio_Giuseppe/Content/Environment/Objects/Chips_Bag/Chips_Bag_001/Chips_Bag_001.ubulk" 1985
"C:/Users/cerve/OneDrive/Documenti/Desktop/Tirocinio/TirocinioBadViceGames/Tirocinio_Giuseppe/Content/Environment/Objects/Chips_Bag/Chips_Bag_001/Chips_Bag_001.uasset" 1986
"C:/Users/cerve/OneDrive/Documenti/Desktop/Tirocinio/TirocinioBadViceGames/Tirocinio_Giuseppe/Content/Environment/Objects/Chips_Bag/Chips_Bag_001/Chips_Bag_001.uexp" 1987
"C:/Users/cerve/OneDrive/Documenti/Desktop/Tirocinio/TirocinioBadViceGames/Tirocinio_Giuseppe/Content/Blueprints/Objects/Trash/All_Trash/BP_Chips_Bag/BP_Trash_Chips_Bag_001.uasset" 1988
"C:/Users/cerve/OneDrive/Documenti/Desktop/Tirocinio/TirocinioBadViceGames/Tirocinio_Giuseppe/Content/Blueprints/Objects/Trash/All_Trash/BP_Chips_Bag/BP_Trash_Chips_Bag_001.uexp" 1989
"../../../Engine/Plugins/ChaosVD/Content/Meshes/Box.ubulk" 1990
"../../../Engine/Plugins/ChaosVD/Content/Meshes/Box.uasset" 1991
"../../../Engine/Plugins/ChaosVD/Content/Meshes/Box.uexp" 1992
"C:/Users/cerve/OneDrive/Documenti/Desktop/Tirocinio/TirocinioBadViceGames/Tirocinio_Giuseppe/Content/Environment/Objects/Cigarettes/SM_Global_Cigarettes_Type_001.ubulk" 1993
"C:/Users/cerve/OneDrive/Documenti/Desktop/Tirocinio/TirocinioBadViceGames/Tirocinio_Giuseppe/Content/Environment/Objects/Cigarettes/SM_Global_Cigarettes_Type_001.uasset" 1994
"C:/Users/cerve/OneDrive/Documenti/Desktop/Tirocinio/TirocinioBadViceGames/Tirocinio_Giuseppe/Content/Environment/Objects/Cigarettes/SM_Global_Cigarettes_Type_001.uexp" 1995
"C:/Users/cerve/OneDrive/Documenti/Desktop/Tirocinio/TirocinioBadViceGames/Tirocinio_Giuseppe/Content/Environment/Objects/Cigarettes/T_Cigarettes_Roughness_Type_001.ubulk" 1996
"C:/Users/cerve/OneDrive/Documenti/Desktop/Tirocinio/TirocinioBadViceGames/Tirocinio_Giuseppe/Content/Environment/Objects/Cigarettes/T_Cigarettes_Roughness_Type_001.uasset" 1997
"C:/Users/cerve/OneDrive/Documenti/Desktop/Tirocinio/TirocinioBadViceGames/Tirocinio_Giuseppe/Content/Environment/Objects/Cigarettes/T_Cigarettes_Roughness_Type_001.uexp" 1998
"C:/Users/cerve/OneDrive/Documenti/Desktop/Tirocinio/TirocinioBadViceGames/Tirocinio_Giuseppe/Content/Environment/Objects/Cigarettes/T_Cigarettes_Normal_Type_001.ubulk" 1999
"C:/Users/cerve/OneDrive/Documenti/Desktop/Tirocinio/TirocinioBadViceGames/Tirocinio_Giuseppe/Content/Environment/Objects/Cigarettes/T_Cigarettes_Normal_Type_001.uasset" 2000
"C:/Users/cerve/OneDrive/Documenti/Desktop/Tirocinio/TirocinioBadViceGames/Tirocinio_Giuseppe/Content/Environment/Objects/Cigarettes/T_Cigarettes_Normal_Type_001.uexp" 2001
"C:/Users/cerve/OneDrive/Documenti/Desktop/Tirocinio/TirocinioBadViceGames/Tirocinio_Giuseppe/Content/Environment/Objects/Cigarettes/T_Cigarettes_BaseColor_Type_001.ubulk" 2002
"C:/Users/cerve/OneDrive/Documenti/Desktop/Tirocinio/TirocinioBadViceGames/Tirocinio_Giuseppe/Content/Environment/Objects/Cigarettes/T_Cigarettes_BaseColor_Type_001.uasset" 2003
"C:/Users/cerve/OneDrive/Documenti/Desktop/Tirocinio/TirocinioBadViceGames/Tirocinio_Giuseppe/Content/Environment/Objects/Cigarettes/T_Cigarettes_BaseColor_Type_001.uexp" 2004
"C:/Users/cerve/OneDrive/Documenti/Desktop/Tirocinio/TirocinioBadViceGames/Tirocinio_Giuseppe/Content/Environment/Objects/Cigarettes/T_Cigarettes_AO_Type_001.ubulk" 2005
"C:/Users/cerve/OneDrive/Documenti/Desktop/Tirocinio/TirocinioBadViceGames/Tirocinio_Giuseppe/Content/Environment/Objects/Cigarettes/T_Cigarettes_AO_Type_001.uasset" 2006
"C:/Users/cerve/OneDrive/Documenti/Desktop/Tirocinio/TirocinioBadViceGames/Tirocinio_Giuseppe/Content/Environment/Objects/Cigarettes/T_Cigarettes_AO_Type_001.uexp" 2007
"C:/Users/cerve/OneDrive/Documenti/Desktop/Tirocinio/TirocinioBadViceGames/Tirocinio_Giuseppe/Content/Environment/Objects/Cigarettes/M_Cigarettes.uasset" 2008
"C:/Users/cerve/OneDrive/Documenti/Desktop/Tirocinio/TirocinioBadViceGames/Tirocinio_Giuseppe/Content/Environment/Objects/Cigarettes/M_Cigarettes.uexp" 2009
"C:/Users/cerve/OneDrive/Documenti/Desktop/Tirocinio/TirocinioBadViceGames/Tirocinio_Giuseppe/Content/Blueprints/Objects/Trash/All_Trash/BP_Cigarettes/BP_CigaretteClump.uasset" 2010
"C:/Users/cerve/OneDrive/Documenti/Desktop/Tirocinio/TirocinioBadViceGames/Tirocinio_Giuseppe/Content/Blueprints/Objects/Trash/All_Trash/BP_Cigarettes/BP_CigaretteClump.uexp" 2011
"C:/Users/cerve/OneDrive/Documenti/Desktop/Tirocinio/TirocinioBadViceGames/Tirocinio_Giuseppe/Content/Environment/Objects/DrinkCans/Texture_1/T_DrinksCan_AO.ubulk" 2012
"C:/Users/cerve/OneDrive/Documenti/Desktop/Tirocinio/TirocinioBadViceGames/Tirocinio_Giuseppe/Content/Environment/Objects/DrinkCans/Texture_1/T_DrinksCan_AO.uasset" 2013
"C:/Users/cerve/OneDrive/Documenti/Desktop/Tirocinio/TirocinioBadViceGames/Tirocinio_Giuseppe/Content/Environment/Objects/DrinkCans/Texture_1/T_DrinksCan_AO.uexp" 2014
"C:/Users/cerve/OneDrive/Documenti/Desktop/Tirocinio/TirocinioBadViceGames/Tirocinio_Giuseppe/Content/Environment/Objects/DrinkCans/Texture_1/T_DrinksCan_Roughness_type_001.ubulk" 2015
"C:/Users/cerve/OneDrive/Documenti/Desktop/Tirocinio/TirocinioBadViceGames/Tirocinio_Giuseppe/Content/Environment/Objects/DrinkCans/Texture_1/T_DrinksCan_Roughness_type_001.uasset" 2016
"C:/Users/cerve/OneDrive/Documenti/Desktop/Tirocinio/TirocinioBadViceGames/Tirocinio_Giuseppe/Content/Environment/Objects/DrinkCans/Texture_1/T_DrinksCan_Roughness_type_001.uexp" 2017
"C:/Users/cerve/OneDrive/Documenti/Desktop/Tirocinio/TirocinioBadViceGames/Tirocinio_Giuseppe/Content/Environment/Objects/DrinkCans/Texture_1/T_DrinksCan_Normal_Type_001.ubulk" 2018
"C:/Users/cerve/OneDrive/Documenti/Desktop/Tirocinio/TirocinioBadViceGames/Tirocinio_Giuseppe/Content/Environment/Objects/DrinkCans/Texture_1/T_DrinksCan_Normal_Type_001.uasset" 2019
"C:/Users/cerve/OneDrive/Documenti/Desktop/Tirocinio/TirocinioBadViceGames/Tirocinio_Giuseppe/Content/Environment/Objects/DrinkCans/Texture_1/T_DrinksCan_Normal_Type_001.uexp" 2020
"C:/Users/cerve/OneDrive/Documenti/Desktop/Tirocinio/TirocinioBadViceGames/Tirocinio_Giuseppe/Content/Environment/Objects/DrinkCans/Texture_1/T_DrinksCan_Metallic_Type_001.ubulk" 2021
"C:/Users/cerve/OneDrive/Documenti/Desktop/Tirocinio/TirocinioBadViceGames/Tirocinio_Giuseppe/Content/Environment/Objects/DrinkCans/Texture_1/T_DrinksCan_Metallic_Type_001.uasset" 2022
"C:/Users/cerve/OneDrive/Documenti/Desktop/Tirocinio/TirocinioBadViceGames/Tirocinio_Giuseppe/Content/Environment/Objects/DrinkCans/Texture_1/T_DrinksCan_Metallic_Type_001.uexp" 2023
"C:/Users/cerve/OneDrive/Documenti/Desktop/Tirocinio/TirocinioBadViceGames/Tirocinio_Giuseppe/Content/Environment/Objects/DrinkCans/Texture_1/T_DrinksCan_BaseColor_Type_001.ubulk" 2024
"C:/Users/cerve/OneDrive/Documenti/Desktop/Tirocinio/TirocinioBadViceGames/Tirocinio_Giuseppe/Content/Environment/Objects/DrinkCans/Texture_1/T_DrinksCan_BaseColor_Type_001.uasset" 2025
"C:/Users/cerve/OneDrive/Documenti/Desktop/Tirocinio/TirocinioBadViceGames/Tirocinio_Giuseppe/Content/Environment/Objects/DrinkCans/Texture_1/T_DrinksCan_BaseColor_Type_001.uexp" 2026
"C:/Users/cerve/OneDrive/Documenti/Desktop/Tirocinio/TirocinioBadViceGames/Tirocinio_Giuseppe/Content/Environment/Objects/DrinkCans/M_Drink_Cans_001.uasset" 2027
"C:/Users/cerve/OneDrive/Documenti/Desktop/Tirocinio/TirocinioBadViceGames/Tirocinio_Giuseppe/Content/Environment/Objects/DrinkCans/M_Drink_Cans_001.uexp" 2028
"C:/Users/cerve/OneDrive/Documenti/Desktop/Tirocinio/TirocinioBadViceGames/Tirocinio_Giuseppe/Content/Environment/Objects/DrinkCans/Drink_Can_Close.ubulk" 2029
"C:/Users/cerve/OneDrive/Documenti/Desktop/Tirocinio/TirocinioBadViceGames/Tirocinio_Giuseppe/Content/Environment/Objects/DrinkCans/Drink_Can_Close.uasset" 2030
"C:/Users/cerve/OneDrive/Documenti/Desktop/Tirocinio/TirocinioBadViceGames/Tirocinio_Giuseppe/Content/Environment/Objects/DrinkCans/Drink_Can_Close.uexp" 2031
"C:/Users/cerve/OneDrive/Documenti/Desktop/Tirocinio/TirocinioBadViceGames/Tirocinio_Giuseppe/Content/Blueprints/Objects/Trash/All_Trash/BP_Drink_Can/BP_Trash_Drink_Can_Close_001.uasset" 2032
"C:/Users/cerve/OneDrive/Documenti/Desktop/Tirocinio/TirocinioBadViceGames/Tirocinio_Giuseppe/Content/Blueprints/Objects/Trash/All_Trash/BP_Drink_Can/BP_Trash_Drink_Can_Close_001.uexp" 2033
"C:/Users/cerve/OneDrive/Documenti/Desktop/Tirocinio/TirocinioBadViceGames/Tirocinio_Giuseppe/Content/Environment/Elevator/Cabine/Hallaway_Elevator_cabin_001_Roughness.ubulk" 2034
"C:/Users/cerve/OneDrive/Documenti/Desktop/Tirocinio/TirocinioBadViceGames/Tirocinio_Giuseppe/Content/Environment/Elevator/Cabine/Hallaway_Elevator_cabin_001_Roughness.uasset" 2035
"C:/Users/cerve/OneDrive/Documenti/Desktop/Tirocinio/TirocinioBadViceGames/Tirocinio_Giuseppe/Content/Environment/Elevator/Cabine/Hallaway_Elevator_cabin_001_Roughness.uexp" 2036
"C:/Users/cerve/OneDrive/Documenti/Desktop/Tirocinio/TirocinioBadViceGames/Tirocinio_Giuseppe/Content/Environment/Elevator/Cabine/Hallaway_Elevator_cabin_001_Normal_OpenGL.ubulk" 2037
"C:/Users/cerve/OneDrive/Documenti/Desktop/Tirocinio/TirocinioBadViceGames/Tirocinio_Giuseppe/Content/Environment/Elevator/Cabine/Hallaway_Elevator_cabin_001_Normal_OpenGL.uasset" 2038
"C:/Users/cerve/OneDrive/Documenti/Desktop/Tirocinio/TirocinioBadViceGames/Tirocinio_Giuseppe/Content/Environment/Elevator/Cabine/Hallaway_Elevator_cabin_001_Normal_OpenGL.uexp" 2039
"C:/Users/cerve/OneDrive/Documenti/Desktop/Tirocinio/TirocinioBadViceGames/Tirocinio_Giuseppe/Content/Environment/Elevator/Cabine/Hallaway_Elevator_cabin_001_Metallic.ubulk" 2040
"C:/Users/cerve/OneDrive/Documenti/Desktop/Tirocinio/TirocinioBadViceGames/Tirocinio_Giuseppe/Content/Environment/Elevator/Cabine/Hallaway_Elevator_cabin_001_Metallic.uasset" 2041
"C:/Users/cerve/OneDrive/Documenti/Desktop/Tirocinio/TirocinioBadViceGames/Tirocinio_Giuseppe/Content/Environment/Elevator/Cabine/Hallaway_Elevator_cabin_001_Metallic.uexp" 2042
"C:/Users/cerve/OneDrive/Documenti/Desktop/Tirocinio/TirocinioBadViceGames/Tirocinio_Giuseppe/Content/Environment/Elevator/Cabine/Hallaway_Elevator_cabin_001_Base_color.ubulk" 2043
"C:/Users/cerve/OneDrive/Documenti/Desktop/Tirocinio/TirocinioBadViceGames/Tirocinio_Giuseppe/Content/Environment/Elevator/Cabine/Hallaway_Elevator_cabin_001_Base_color.uasset" 2044
"C:/Users/cerve/OneDrive/Documenti/Desktop/Tirocinio/TirocinioBadViceGames/Tirocinio_Giuseppe/Content/Environment/Elevator/Cabine/Hallaway_Elevator_cabin_001_Base_color.uexp" 2045
"C:/Users/cerve/OneDrive/Documenti/Desktop/Tirocinio/TirocinioBadViceGames/Tirocinio_Giuseppe/Content/Environment/Elevator/Cabine/Hallaway_Elevator_cabin_001_AO.ubulk" 2046
"C:/Users/cerve/OneDrive/Documenti/Desktop/Tirocinio/TirocinioBadViceGames/Tirocinio_Giuseppe/Content/Environment/Elevator/Cabine/Hallaway_Elevator_cabin_001_AO.uasset" 2047
"C:/Users/cerve/OneDrive/Documenti/Desktop/Tirocinio/TirocinioBadViceGames/Tirocinio_Giuseppe/Content/Environment/Elevator/Cabine/Hallaway_Elevator_cabin_001_AO.uexp" 2048
"C:/Users/cerve/OneDrive/Documenti/Desktop/Tirocinio/TirocinioBadViceGames/Tirocinio_Giuseppe/Content/Environment/Elevator/Cabine/M_Elevator.uasset" 2049
"C:/Users/cerve/OneDrive/Documenti/Desktop/Tirocinio/TirocinioBadViceGames/Tirocinio_Giuseppe/Content/Environment/Elevator/Cabine/M_Elevator.uexp" 2050
"C:/Users/cerve/OneDrive/Documenti/Desktop/Tirocinio/TirocinioBadViceGames/Tirocinio_Giuseppe/Content/Environment/Elevator/Cabine/Elevator.ubulk" 2051
"C:/Users/cerve/OneDrive/Documenti/Desktop/Tirocinio/TirocinioBadViceGames/Tirocinio_Giuseppe/Content/Environment/Elevator/Cabine/Elevator.uasset" 2052
"C:/Users/cerve/OneDrive/Documenti/Desktop/Tirocinio/TirocinioBadViceGames/Tirocinio_Giuseppe/Content/Environment/Elevator/Cabine/Elevator.uexp" 2053
"C:/Users/cerve/OneDrive/Documenti/Desktop/Tirocinio/TirocinioBadViceGames/Tirocinio_Giuseppe/Content/Blueprints/Objects/Quest/BP_LeftNeutralRoomDoor.uasset" 2054
"C:/Users/cerve/OneDrive/Documenti/Desktop/Tirocinio/TirocinioBadViceGames/Tirocinio_Giuseppe/Content/Blueprints/Objects/Quest/BP_LeftNeutralRoomDoor.uexp" 2055
"C:/Users/cerve/OneDrive/Documenti/Desktop/Tirocinio/TirocinioBadViceGames/Tirocinio_Giuseppe/Content/Environment/Hallway/BaseBoard/Hell/Wood063_2K_Color_Modificata.ubulk" 2056
"C:/Users/cerve/OneDrive/Documenti/Desktop/Tirocinio/TirocinioBadViceGames/Tirocinio_Giuseppe/Content/Environment/Hallway/BaseBoard/Hell/Wood063_2K_Color_Modificata.uasset" 2057
"C:/Users/cerve/OneDrive/Documenti/Desktop/Tirocinio/TirocinioBadViceGames/Tirocinio_Giuseppe/Content/Environment/Hallway/BaseBoard/Hell/Wood063_2K_Color_Modificata.uexp" 2058
"C:/Users/cerve/OneDrive/Documenti/Desktop/Tirocinio/TirocinioBadViceGames/Tirocinio_Giuseppe/Content/Environment/Hallway/BaseBoard/Hell/Wood063_2K_Normal.ubulk" 2059
"C:/Users/cerve/OneDrive/Documenti/Desktop/Tirocinio/TirocinioBadViceGames/Tirocinio_Giuseppe/Content/Environment/Hallway/BaseBoard/Hell/Wood063_2K_Normal.uasset" 2060
"C:/Users/cerve/OneDrive/Documenti/Desktop/Tirocinio/TirocinioBadViceGames/Tirocinio_Giuseppe/Content/Environment/Hallway/BaseBoard/Hell/Wood063_2K_Normal.uexp" 2061
"C:/Users/cerve/OneDrive/Documenti/Desktop/Tirocinio/TirocinioBadViceGames/Tirocinio_Giuseppe/Content/Environment/Hallway/BaseBoard/Hell/Wood063_2K_Roughness.ubulk" 2062
"C:/Users/cerve/OneDrive/Documenti/Desktop/Tirocinio/TirocinioBadViceGames/Tirocinio_Giuseppe/Content/Environment/Hallway/BaseBoard/Hell/Wood063_2K_Roughness.uasset" 2063
"C:/Users/cerve/OneDrive/Documenti/Desktop/Tirocinio/TirocinioBadViceGames/Tirocinio_Giuseppe/Content/Environment/Hallway/BaseBoard/Hell/Wood063_2K_Roughness.uexp" 2064
"C:/Users/cerve/OneDrive/Documenti/Desktop/Tirocinio/TirocinioBadViceGames/Tirocinio_Giuseppe/Content/Environment/Hallway/BaseBoard/M_BaseBoard.uasset" 2065
"C:/Users/cerve/OneDrive/Documenti/Desktop/Tirocinio/TirocinioBadViceGames/Tirocinio_Giuseppe/Content/Environment/Hallway/BaseBoard/M_BaseBoard.uexp" 2066
"C:/Users/cerve/OneDrive/Documenti/Desktop/Tirocinio/TirocinioBadViceGames/Tirocinio_Giuseppe/Content/Environment/Hallway/BaseBoard/Battiscopa.ubulk" 2067
"C:/Users/cerve/OneDrive/Documenti/Desktop/Tirocinio/TirocinioBadViceGames/Tirocinio_Giuseppe/Content/Environment/Hallway/BaseBoard/Battiscopa.uasset" 2068
"C:/Users/cerve/OneDrive/Documenti/Desktop/Tirocinio/TirocinioBadViceGames/Tirocinio_Giuseppe/Content/Environment/Hallway/BaseBoard/Battiscopa.uexp" 2069
"C:/Users/cerve/OneDrive/Documenti/Desktop/Tirocinio/TirocinioBadViceGames/Tirocinio_Giuseppe/Content/Environment/Objects/Door/Plates/Plate_001.ubulk" 2070
"C:/Users/cerve/OneDrive/Documenti/Desktop/Tirocinio/TirocinioBadViceGames/Tirocinio_Giuseppe/Content/Environment/Objects/Door/Plates/Plate_001.uasset" 2071
"C:/Users/cerve/OneDrive/Documenti/Desktop/Tirocinio/TirocinioBadViceGames/Tirocinio_Giuseppe/Content/Environment/Objects/Door/Plates/Plate_001.uexp" 2072
"C:/Users/cerve/OneDrive/Documenti/Desktop/Tirocinio/TirocinioBadViceGames/Tirocinio_Giuseppe/Content/Environment/Objects/Door/Plates/Plate_002.ubulk" 2073
"C:/Users/cerve/OneDrive/Documenti/Desktop/Tirocinio/TirocinioBadViceGames/Tirocinio_Giuseppe/Content/Environment/Objects/Door/Plates/Plate_002.uasset" 2074
"C:/Users/cerve/OneDrive/Documenti/Desktop/Tirocinio/TirocinioBadViceGames/Tirocinio_Giuseppe/Content/Environment/Objects/Door/Plates/Plate_002.uexp" 2075
"C:/Users/cerve/OneDrive/Documenti/Desktop/Tirocinio/TirocinioBadViceGames/Tirocinio_Giuseppe/Content/Environment/Objects/Door/Plates/Plate_003.ubulk" 2076
"C:/Users/cerve/OneDrive/Documenti/Desktop/Tirocinio/TirocinioBadViceGames/Tirocinio_Giuseppe/Content/Environment/Objects/Door/Plates/Plate_003.uasset" 2077
"C:/Users/cerve/OneDrive/Documenti/Desktop/Tirocinio/TirocinioBadViceGames/Tirocinio_Giuseppe/Content/Environment/Objects/Door/Plates/Plate_003.uexp" 2078
"C:/Users/cerve/OneDrive/Documenti/Desktop/Tirocinio/TirocinioBadViceGames/Tirocinio_Giuseppe/Content/Environment/Objects/Door/Plates/Plate_004.ubulk" 2079
"C:/Users/cerve/OneDrive/Documenti/Desktop/Tirocinio/TirocinioBadViceGames/Tirocinio_Giuseppe/Content/Environment/Objects/Door/Plates/Plate_004.uasset" 2080
"C:/Users/cerve/OneDrive/Documenti/Desktop/Tirocinio/TirocinioBadViceGames/Tirocinio_Giuseppe/Content/Environment/Objects/Door/Plates/Plate_004.uexp" 2081
"C:/Users/cerve/OneDrive/Documenti/Desktop/Tirocinio/TirocinioBadViceGames/Tirocinio_Giuseppe/Content/Environment/Objects/Door/Plates/Plate_005.ubulk" 2082
"C:/Users/cerve/OneDrive/Documenti/Desktop/Tirocinio/TirocinioBadViceGames/Tirocinio_Giuseppe/Content/Environment/Objects/Door/Plates/Plate_005.uasset" 2083
"C:/Users/cerve/OneDrive/Documenti/Desktop/Tirocinio/TirocinioBadViceGames/Tirocinio_Giuseppe/Content/Environment/Objects/Door/Plates/Plate_005.uexp" 2084
"C:/Users/cerve/OneDrive/Documenti/Desktop/Tirocinio/TirocinioBadViceGames/Tirocinio_Giuseppe/Content/Environment/Objects/Door/Plates/Plate_006.ubulk" 2085
"C:/Users/cerve/OneDrive/Documenti/Desktop/Tirocinio/TirocinioBadViceGames/Tirocinio_Giuseppe/Content/Environment/Objects/Door/Plates/Plate_006.uasset" 2086
"C:/Users/cerve/OneDrive/Documenti/Desktop/Tirocinio/TirocinioBadViceGames/Tirocinio_Giuseppe/Content/Environment/Objects/Door/Plates/Plate_006.uexp" 2087
"C:/Users/cerve/OneDrive/Documenti/Desktop/Tirocinio/TirocinioBadViceGames/Tirocinio_Giuseppe/Content/Environment/Objects/Door/Plates/Plate_007.ubulk" 2088
"C:/Users/cerve/OneDrive/Documenti/Desktop/Tirocinio/TirocinioBadViceGames/Tirocinio_Giuseppe/Content/Environment/Objects/Door/Plates/Plate_007.uasset" 2089
"C:/Users/cerve/OneDrive/Documenti/Desktop/Tirocinio/TirocinioBadViceGames/Tirocinio_Giuseppe/Content/Environment/Objects/Door/Plates/Plate_007.uexp" 2090
"C:/Users/cerve/OneDrive/Documenti/Desktop/Tirocinio/TirocinioBadViceGames/Tirocinio_Giuseppe/Content/Environment/Objects/Door/Plates/Plate_008.ubulk" 2091
"C:/Users/cerve/OneDrive/Documenti/Desktop/Tirocinio/TirocinioBadViceGames/Tirocinio_Giuseppe/Content/Environment/Objects/Door/Plates/Plate_008.uasset" 2092
"C:/Users/cerve/OneDrive/Documenti/Desktop/Tirocinio/TirocinioBadViceGames/Tirocinio_Giuseppe/Content/Environment/Objects/Door/Plates/Plate_008.uexp" 2093
"C:/Users/cerve/OneDrive/Documenti/Desktop/Tirocinio/TirocinioBadViceGames/Tirocinio_Giuseppe/Content/Environment/Objects/Door/Plates/Plate_009.ubulk" 2094
"C:/Users/cerve/OneDrive/Documenti/Desktop/Tirocinio/TirocinioBadViceGames/Tirocinio_Giuseppe/Content/Environment/Objects/Door/Plates/Plate_009.uasset" 2095
"C:/Users/cerve/OneDrive/Documenti/Desktop/Tirocinio/TirocinioBadViceGames/Tirocinio_Giuseppe/Content/Environment/Objects/Door/Plates/Plate_009.uexp" 2096
"C:/Users/cerve/OneDrive/Documenti/Desktop/Tirocinio/TirocinioBadViceGames/Tirocinio_Giuseppe/Content/Environment/Objects/Door/Plates/Plate_010.ubulk" 2097
"C:/Users/cerve/OneDrive/Documenti/Desktop/Tirocinio/TirocinioBadViceGames/Tirocinio_Giuseppe/Content/Environment/Objects/Door/Plates/Plate_010.uasset" 2098
"C:/Users/cerve/OneDrive/Documenti/Desktop/Tirocinio/TirocinioBadViceGames/Tirocinio_Giuseppe/Content/Environment/Objects/Door/Plates/Plate_010.uexp" 2099
"C:/Users/cerve/OneDrive/Documenti/Desktop/Tirocinio/TirocinioBadViceGames/Tirocinio_Giuseppe/Content/Environment/Objects/Door/Plates/Plate_012.ubulk" 2100
"C:/Users/cerve/OneDrive/Documenti/Desktop/Tirocinio/TirocinioBadViceGames/Tirocinio_Giuseppe/Content/Environment/Objects/Door/Plates/Plate_012.uasset" 2101
"C:/Users/cerve/OneDrive/Documenti/Desktop/Tirocinio/TirocinioBadViceGames/Tirocinio_Giuseppe/Content/Environment/Objects/Door/Plates/Plate_012.uexp" 2102
"C:/Users/cerve/OneDrive/Documenti/Desktop/Tirocinio/TirocinioBadViceGames/Tirocinio_Giuseppe/Content/Environment/Objects/Door/RightDoor_Frame.ubulk" 2103
"C:/Users/cerve/OneDrive/Documenti/Desktop/Tirocinio/TirocinioBadViceGames/Tirocinio_Giuseppe/Content/Environment/Objects/Door/RightDoor_Frame.uasset" 2104
"C:/Users/cerve/OneDrive/Documenti/Desktop/Tirocinio/TirocinioBadViceGames/Tirocinio_Giuseppe/Content/Environment/Objects/Door/RightDoor_Frame.uexp" 2105
"../../../Engine/Content/EngineDebugMaterials/BlackUnlitMaterial.uasset" 2106
"../../../Engine/Content/EngineDebugMaterials/BlackUnlitMaterial.uexp" 2107
"C:/Users/cerve/OneDrive/Documenti/Desktop/Tirocinio/TirocinioBadViceGames/Tirocinio_Giuseppe/Content/Environment/Objects/Electric_Cable/Electric_Cable_1.ubulk" 2108
"C:/Users/cerve/OneDrive/Documenti/Desktop/Tirocinio/TirocinioBadViceGames/Tirocinio_Giuseppe/Content/Environment/Objects/Electric_Cable/Electric_Cable_1.uasset" 2109
"C:/Users/cerve/OneDrive/Documenti/Desktop/Tirocinio/TirocinioBadViceGames/Tirocinio_Giuseppe/Content/Environment/Objects/Electric_Cable/Electric_Cable_1.uexp" 2110
"C:/Users/cerve/OneDrive/Documenti/Desktop/Tirocinio/TirocinioBadViceGames/Tirocinio_Giuseppe/Content/Environment/Objects/PictureFrames/Type_001/T_PictureFrame_Roughness_Type_001.ubulk" 2111
"C:/Users/cerve/OneDrive/Documenti/Desktop/Tirocinio/TirocinioBadViceGames/Tirocinio_Giuseppe/Content/Environment/Objects/PictureFrames/Type_001/T_PictureFrame_Roughness_Type_001.uasset" 2112
"C:/Users/cerve/OneDrive/Documenti/Desktop/Tirocinio/TirocinioBadViceGames/Tirocinio_Giuseppe/Content/Environment/Objects/PictureFrames/Type_001/T_PictureFrame_Roughness_Type_001.uexp" 2113
"C:/Users/cerve/OneDrive/Documenti/Desktop/Tirocinio/TirocinioBadViceGames/Tirocinio_Giuseppe/Content/Environment/Objects/PictureFrames/Type_001/T_PictureFrame_Normal_Type_001.ubulk" 2114
"C:/Users/cerve/OneDrive/Documenti/Desktop/Tirocinio/TirocinioBadViceGames/Tirocinio_Giuseppe/Content/Environment/Objects/PictureFrames/Type_001/T_PictureFrame_Normal_Type_001.uasset" 2115
"C:/Users/cerve/OneDrive/Documenti/Desktop/Tirocinio/TirocinioBadViceGames/Tirocinio_Giuseppe/Content/Environment/Objects/PictureFrames/Type_001/T_PictureFrame_Normal_Type_001.uexp" 2116
"C:/Users/cerve/OneDrive/Documenti/Desktop/Tirocinio/TirocinioBadViceGames/Tirocinio_Giuseppe/Content/Environment/Objects/PictureFrames/Type_001/T_PictureFrame_BaseColor_Type_001.ubulk" 2117
"C:/Users/cerve/OneDrive/Documenti/Desktop/Tirocinio/TirocinioBadViceGames/Tirocinio_Giuseppe/Content/Environment/Objects/PictureFrames/Type_001/T_PictureFrame_BaseColor_Type_001.uasset" 2118
"C:/Users/cerve/OneDrive/Documenti/Desktop/Tirocinio/TirocinioBadViceGames/Tirocinio_Giuseppe/Content/Environment/Objects/PictureFrames/Type_001/T_PictureFrame_BaseColor_Type_001.uexp" 2119
"C:/Users/cerve/OneDrive/Documenti/Desktop/Tirocinio/TirocinioBadViceGames/Tirocinio_Giuseppe/Content/Environment/Objects/PictureFrames/Type_001/T_PictureFrame_AO_Type_001.ubulk" 2120
"C:/Users/cerve/OneDrive/Documenti/Desktop/Tirocinio/TirocinioBadViceGames/Tirocinio_Giuseppe/Content/Environment/Objects/PictureFrames/Type_001/T_PictureFrame_AO_Type_001.uasset" 2121
"C:/Users/cerve/OneDrive/Documenti/Desktop/Tirocinio/TirocinioBadViceGames/Tirocinio_Giuseppe/Content/Environment/Objects/PictureFrames/Type_001/T_PictureFrame_AO_Type_001.uexp" 2122
"C:/Users/cerve/OneDrive/Documenti/Desktop/Tirocinio/TirocinioBadViceGames/Tirocinio_Giuseppe/Content/Environment/Objects/PictureFrames/Type_001/M_Painting.uasset" 2123
"C:/Users/cerve/OneDrive/Documenti/Desktop/Tirocinio/TirocinioBadViceGames/Tirocinio_Giuseppe/Content/Environment/Objects/PictureFrames/Type_001/M_Painting.uexp" 2124
"C:/Users/cerve/OneDrive/Documenti/Desktop/Tirocinio/TirocinioBadViceGames/Tirocinio_Giuseppe/Content/Environment/Objects/PictureFrames/Type_001/Hallaway_PictureFrame_Type_001.ubulk" 2125
"C:/Users/cerve/OneDrive/Documenti/Desktop/Tirocinio/TirocinioBadViceGames/Tirocinio_Giuseppe/Content/Environment/Objects/PictureFrames/Type_001/Hallaway_PictureFrame_Type_001.uasset" 2126
"C:/Users/cerve/OneDrive/Documenti/Desktop/Tirocinio/TirocinioBadViceGames/Tirocinio_Giuseppe/Content/Environment/Objects/PictureFrames/Type_001/Hallaway_PictureFrame_Type_001.uexp" 2127
"C:/Users/cerve/OneDrive/Documenti/Desktop/Tirocinio/TirocinioBadViceGames/Tirocinio_Giuseppe/Content/Environment/Objects/PictureFrames/Type_002/T_PictureFrame_Roughness_Type_002.ubulk" 2128
"C:/Users/cerve/OneDrive/Documenti/Desktop/Tirocinio/TirocinioBadViceGames/Tirocinio_Giuseppe/Content/Environment/Objects/PictureFrames/Type_002/T_PictureFrame_Roughness_Type_002.uasset" 2129
"C:/Users/cerve/OneDrive/Documenti/Desktop/Tirocinio/TirocinioBadViceGames/Tirocinio_Giuseppe/Content/Environment/Objects/PictureFrames/Type_002/T_PictureFrame_Roughness_Type_002.uexp" 2130
"C:/Users/cerve/OneDrive/Documenti/Desktop/Tirocinio/TirocinioBadViceGames/Tirocinio_Giuseppe/Content/Environment/Objects/PictureFrames/Type_002/T_PictureFrame_Normal_Type_002.ubulk" 2131
"C:/Users/cerve/OneDrive/Documenti/Desktop/Tirocinio/TirocinioBadViceGames/Tirocinio_Giuseppe/Content/Environment/Objects/PictureFrames/Type_002/T_PictureFrame_Normal_Type_002.uasset" 2132
"C:/Users/cerve/OneDrive/Documenti/Desktop/Tirocinio/TirocinioBadViceGames/Tirocinio_Giuseppe/Content/Environment/Objects/PictureFrames/Type_002/T_PictureFrame_Normal_Type_002.uexp" 2133
"C:/Users/cerve/OneDrive/Documenti/Desktop/Tirocinio/TirocinioBadViceGames/Tirocinio_Giuseppe/Content/Environment/Objects/PictureFrames/Type_002/T_PictureFrame_BaseColor_Type_002.ubulk" 2134
"C:/Users/cerve/OneDrive/Documenti/Desktop/Tirocinio/TirocinioBadViceGames/Tirocinio_Giuseppe/Content/Environment/Objects/PictureFrames/Type_002/T_PictureFrame_BaseColor_Type_002.uasset" 2135
"C:/Users/cerve/OneDrive/Documenti/Desktop/Tirocinio/TirocinioBadViceGames/Tirocinio_Giuseppe/Content/Environment/Objects/PictureFrames/Type_002/T_PictureFrame_BaseColor_Type_002.uexp" 2136
"C:/Users/cerve/OneDrive/Documenti/Desktop/Tirocinio/TirocinioBadViceGames/Tirocinio_Giuseppe/Content/Environment/Objects/PictureFrames/Type_002/T_PictureFrame_AO_Type_002.ubulk" 2137
"C:/Users/cerve/OneDrive/Documenti/Desktop/Tirocinio/TirocinioBadViceGames/Tirocinio_Giuseppe/Content/Environment/Objects/PictureFrames/Type_002/T_PictureFrame_AO_Type_002.uasset" 2138
"C:/Users/cerve/OneDrive/Documenti/Desktop/Tirocinio/TirocinioBadViceGames/Tirocinio_Giuseppe/Content/Environment/Objects/PictureFrames/Type_002/T_PictureFrame_AO_Type_002.uexp" 2139
"C:/Users/cerve/OneDrive/Documenti/Desktop/Tirocinio/TirocinioBadViceGames/Tirocinio_Giuseppe/Content/Environment/Objects/PictureFrames/Type_002/M_Picture_Pype_002.uasset" 2140
"C:/Users/cerve/OneDrive/Documenti/Desktop/Tirocinio/TirocinioBadViceGames/Tirocinio_Giuseppe/Content/Environment/Objects/PictureFrames/Type_002/M_Picture_Pype_002.uexp" 2141
"C:/Users/cerve/OneDrive/Documenti/Desktop/Tirocinio/TirocinioBadViceGames/Tirocinio_Giuseppe/Content/Environment/Objects/PictureFrames/Type_002/Hallaway_PictureFrame_Type_002.ubulk" 2142
"C:/Users/cerve/OneDrive/Documenti/Desktop/Tirocinio/TirocinioBadViceGames/Tirocinio_Giuseppe/Content/Environment/Objects/PictureFrames/Type_002/Hallaway_PictureFrame_Type_002.uasset" 2143
"C:/Users/cerve/OneDrive/Documenti/Desktop/Tirocinio/TirocinioBadViceGames/Tirocinio_Giuseppe/Content/Environment/Objects/PictureFrames/Type_002/Hallaway_PictureFrame_Type_002.uexp" 2144
"C:/Users/cerve/OneDrive/Documenti/Desktop/Tirocinio/TirocinioBadViceGames/Tirocinio_Giuseppe/Content/Environment/Objects/PictureFrames/Type_003/T_PictureFrame_Roughness_Type_003.ubulk" 2145
"C:/Users/cerve/OneDrive/Documenti/Desktop/Tirocinio/TirocinioBadViceGames/Tirocinio_Giuseppe/Content/Environment/Objects/PictureFrames/Type_003/T_PictureFrame_Roughness_Type_003.uasset" 2146
"C:/Users/cerve/OneDrive/Documenti/Desktop/Tirocinio/TirocinioBadViceGames/Tirocinio_Giuseppe/Content/Environment/Objects/PictureFrames/Type_003/T_PictureFrame_Roughness_Type_003.uexp" 2147
"C:/Users/cerve/OneDrive/Documenti/Desktop/Tirocinio/TirocinioBadViceGames/Tirocinio_Giuseppe/Content/Environment/Objects/PictureFrames/Type_003/T_PictureFrame_Normal_Type_003.ubulk" 2148
"C:/Users/cerve/OneDrive/Documenti/Desktop/Tirocinio/TirocinioBadViceGames/Tirocinio_Giuseppe/Content/Environment/Objects/PictureFrames/Type_003/T_PictureFrame_Normal_Type_003.uasset" 2149
"C:/Users/cerve/OneDrive/Documenti/Desktop/Tirocinio/TirocinioBadViceGames/Tirocinio_Giuseppe/Content/Environment/Objects/PictureFrames/Type_003/T_PictureFrame_Normal_Type_003.uexp" 2150
"C:/Users/cerve/OneDrive/Documenti/Desktop/Tirocinio/TirocinioBadViceGames/Tirocinio_Giuseppe/Content/Environment/Objects/PictureFrames/Type_003/T_PictureFrame_Metallic_Type_003.ubulk" 2151
"C:/Users/cerve/OneDrive/Documenti/Desktop/Tirocinio/TirocinioBadViceGames/Tirocinio_Giuseppe/Content/Environment/Objects/PictureFrames/Type_003/T_PictureFrame_Metallic_Type_003.uasset" 2152
"C:/Users/cerve/OneDrive/Documenti/Desktop/Tirocinio/TirocinioBadViceGames/Tirocinio_Giuseppe/Content/Environment/Objects/PictureFrames/Type_003/T_PictureFrame_Metallic_Type_003.uexp" 2153
"C:/Users/cerve/OneDrive/Documenti/Desktop/Tirocinio/TirocinioBadViceGames/Tirocinio_Giuseppe/Content/Environment/Objects/PictureFrames/Type_003/T_PictureFrame_BaseColor_Type_003.ubulk" 2154
"C:/Users/cerve/OneDrive/Documenti/Desktop/Tirocinio/TirocinioBadViceGames/Tirocinio_Giuseppe/Content/Environment/Objects/PictureFrames/Type_003/T_PictureFrame_BaseColor_Type_003.uasset" 2155
"C:/Users/cerve/OneDrive/Documenti/Desktop/Tirocinio/TirocinioBadViceGames/Tirocinio_Giuseppe/Content/Environment/Objects/PictureFrames/Type_003/T_PictureFrame_BaseColor_Type_003.uexp" 2156
"C:/Users/cerve/OneDrive/Documenti/Desktop/Tirocinio/TirocinioBadViceGames/Tirocinio_Giuseppe/Content/Environment/Objects/PictureFrames/Type_003/T_PictureFrame_AO_Type_003.ubulk" 2157
"C:/Users/cerve/OneDrive/Documenti/Desktop/Tirocinio/TirocinioBadViceGames/Tirocinio_Giuseppe/Content/Environment/Objects/PictureFrames/Type_003/T_PictureFrame_AO_Type_003.uasset" 2158
"C:/Users/cerve/OneDrive/Documenti/Desktop/Tirocinio/TirocinioBadViceGames/Tirocinio_Giuseppe/Content/Environment/Objects/PictureFrames/Type_003/T_PictureFrame_AO_Type_003.uexp" 2159
"C:/Users/cerve/OneDrive/Documenti/Desktop/Tirocinio/TirocinioBadViceGames/Tirocinio_Giuseppe/Content/Environment/Objects/PictureFrames/Type_003/M_Picture_Pype_003.uasset" 2160
"C:/Users/cerve/OneDrive/Documenti/Desktop/Tirocinio/TirocinioBadViceGames/Tirocinio_Giuseppe/Content/Environment/Objects/PictureFrames/Type_003/M_Picture_Pype_003.uexp" 2161
"C:/Users/cerve/OneDrive/Documenti/Desktop/Tirocinio/TirocinioBadViceGames/Tirocinio_Giuseppe/Content/Environment/Objects/PictureFrames/Type_003/Hallaway_PictureFrame_Type_003.ubulk" 2162
"C:/Users/cerve/OneDrive/Documenti/Desktop/Tirocinio/TirocinioBadViceGames/Tirocinio_Giuseppe/Content/Environment/Objects/PictureFrames/Type_003/Hallaway_PictureFrame_Type_003.uasset" 2163
"C:/Users/cerve/OneDrive/Documenti/Desktop/Tirocinio/TirocinioBadViceGames/Tirocinio_Giuseppe/Content/Environment/Objects/PictureFrames/Type_003/Hallaway_PictureFrame_Type_003.uexp" 2164
"C:/Users/cerve/OneDrive/Documenti/Desktop/Tirocinio/TirocinioBadViceGames/Tirocinio_Giuseppe/Content/Environment/Objects/Room_WC/Room_WC_001_Roughness.ubulk" 2165
"C:/Users/cerve/OneDrive/Documenti/Desktop/Tirocinio/TirocinioBadViceGames/Tirocinio_Giuseppe/Content/Environment/Objects/Room_WC/Room_WC_001_Roughness.uasset" 2166
"C:/Users/cerve/OneDrive/Documenti/Desktop/Tirocinio/TirocinioBadViceGames/Tirocinio_Giuseppe/Content/Environment/Objects/Room_WC/Room_WC_001_Roughness.uexp" 2167
"C:/Users/cerve/OneDrive/Documenti/Desktop/Tirocinio/TirocinioBadViceGames/Tirocinio_Giuseppe/Content/Environment/Objects/Room_WC/Room_WC_001_Normal_OpenGL.ubulk" 2168
"C:/Users/cerve/OneDrive/Documenti/Desktop/Tirocinio/TirocinioBadViceGames/Tirocinio_Giuseppe/Content/Environment/Objects/Room_WC/Room_WC_001_Normal_OpenGL.uasset" 2169
"C:/Users/cerve/OneDrive/Documenti/Desktop/Tirocinio/TirocinioBadViceGames/Tirocinio_Giuseppe/Content/Environment/Objects/Room_WC/Room_WC_001_Normal_OpenGL.uexp" 2170
"C:/Users/cerve/OneDrive/Documenti/Desktop/Tirocinio/TirocinioBadViceGames/Tirocinio_Giuseppe/Content/Environment/Objects/Room_WC/Room_WC_001_Metallic.ubulk" 2171
"C:/Users/cerve/OneDrive/Documenti/Desktop/Tirocinio/TirocinioBadViceGames/Tirocinio_Giuseppe/Content/Environment/Objects/Room_WC/Room_WC_001_Metallic.uasset" 2172
"C:/Users/cerve/OneDrive/Documenti/Desktop/Tirocinio/TirocinioBadViceGames/Tirocinio_Giuseppe/Content/Environment/Objects/Room_WC/Room_WC_001_Metallic.uexp" 2173
"C:/Users/cerve/OneDrive/Documenti/Desktop/Tirocinio/TirocinioBadViceGames/Tirocinio_Giuseppe/Content/Environment/Objects/Room_WC/Room_WC_001_Base_color.ubulk" 2174
"C:/Users/cerve/OneDrive/Documenti/Desktop/Tirocinio/TirocinioBadViceGames/Tirocinio_Giuseppe/Content/Environment/Objects/Room_WC/Room_WC_001_Base_color.uasset" 2175
"C:/Users/cerve/OneDrive/Documenti/Desktop/Tirocinio/TirocinioBadViceGames/Tirocinio_Giuseppe/Content/Environment/Objects/Room_WC/Room_WC_001_Base_color.uexp" 2176
"C:/Users/cerve/OneDrive/Documenti/Desktop/Tirocinio/TirocinioBadViceGames/Tirocinio_Giuseppe/Content/Environment/Objects/Room_WC/Room_WC_001_AO.ubulk" 2177
"C:/Users/cerve/OneDrive/Documenti/Desktop/Tirocinio/TirocinioBadViceGames/Tirocinio_Giuseppe/Content/Environment/Objects/Room_WC/Room_WC_001_AO.uasset" 2178
"C:/Users/cerve/OneDrive/Documenti/Desktop/Tirocinio/TirocinioBadViceGames/Tirocinio_Giuseppe/Content/Environment/Objects/Room_WC/Room_WC_001_AO.uexp" 2179
"C:/Users/cerve/OneDrive/Documenti/Desktop/Tirocinio/TirocinioBadViceGames/Tirocinio_Giuseppe/Content/Environment/Objects/Room_WC/M_Room_WC.uasset" 2180
"C:/Users/cerve/OneDrive/Documenti/Desktop/Tirocinio/TirocinioBadViceGames/Tirocinio_Giuseppe/Content/Environment/Objects/Room_WC/M_Room_WC.uexp" 2181
"C:/Users/cerve/OneDrive/Documenti/Desktop/Tirocinio/TirocinioBadViceGames/Tirocinio_Giuseppe/Content/Environment/Objects/Room_WC/Room_WC_Type_001.ubulk" 2182
"C:/Users/cerve/OneDrive/Documenti/Desktop/Tirocinio/TirocinioBadViceGames/Tirocinio_Giuseppe/Content/Environment/Objects/Room_WC/Room_WC_Type_001.uasset" 2183
"C:/Users/cerve/OneDrive/Documenti/Desktop/Tirocinio/TirocinioBadViceGames/Tirocinio_Giuseppe/Content/Environment/Objects/Room_WC/Room_WC_Type_001.uexp" 2184
"C:/Users/cerve/OneDrive/Documenti/Desktop/Tirocinio/TirocinioBadViceGames/Tirocinio_Giuseppe/Content/Environment/Objects/Room_Sink_001/M_RoomSink_001.uasset" 2185
"C:/Users/cerve/OneDrive/Documenti/Desktop/Tirocinio/TirocinioBadViceGames/Tirocinio_Giuseppe/Content/Environment/Objects/Room_Sink_001/M_RoomSink_001.uexp" 2186
"C:/Users/cerve/OneDrive/Documenti/Desktop/Tirocinio/TirocinioBadViceGames/Tirocinio_Giuseppe/Content/Environment/Objects/Room_Sink_001/Room_Sink_001.ubulk" 2187
"C:/Users/cerve/OneDrive/Documenti/Desktop/Tirocinio/TirocinioBadViceGames/Tirocinio_Giuseppe/Content/Environment/Objects/Room_Sink_001/Room_Sink_001.uasset" 2188
"C:/Users/cerve/OneDrive/Documenti/Desktop/Tirocinio/TirocinioBadViceGames/Tirocinio_Giuseppe/Content/Environment/Objects/Room_Sink_001/Room_Sink_001.uexp" 2189
"C:/Users/cerve/OneDrive/Documenti/Desktop/Tirocinio/TirocinioBadViceGames/Tirocinio_Giuseppe/Content/Environment/Objects/Room_Radiator/Room_Radiator_001_Roughness.ubulk" 2190
"C:/Users/cerve/OneDrive/Documenti/Desktop/Tirocinio/TirocinioBadViceGames/Tirocinio_Giuseppe/Content/Environment/Objects/Room_Radiator/Room_Radiator_001_Roughness.uasset" 2191
"C:/Users/cerve/OneDrive/Documenti/Desktop/Tirocinio/TirocinioBadViceGames/Tirocinio_Giuseppe/Content/Environment/Objects/Room_Radiator/Room_Radiator_001_Roughness.uexp" 2192
"C:/Users/cerve/OneDrive/Documenti/Desktop/Tirocinio/TirocinioBadViceGames/Tirocinio_Giuseppe/Content/Environment/Objects/Room_Radiator/Room_Radiator_001_Normal_OpenGL.ubulk" 2193
"C:/Users/cerve/OneDrive/Documenti/Desktop/Tirocinio/TirocinioBadViceGames/Tirocinio_Giuseppe/Content/Environment/Objects/Room_Radiator/Room_Radiator_001_Normal_OpenGL.uasset" 2194
"C:/Users/cerve/OneDrive/Documenti/Desktop/Tirocinio/TirocinioBadViceGames/Tirocinio_Giuseppe/Content/Environment/Objects/Room_Radiator/Room_Radiator_001_Normal_OpenGL.uexp" 2195
"C:/Users/cerve/OneDrive/Documenti/Desktop/Tirocinio/TirocinioBadViceGames/Tirocinio_Giuseppe/Content/Environment/Objects/Room_Radiator/Room_Radiator_001_Metallic.ubulk" 2196
"C:/Users/cerve/OneDrive/Documenti/Desktop/Tirocinio/TirocinioBadViceGames/Tirocinio_Giuseppe/Content/Environment/Objects/Room_Radiator/Room_Radiator_001_Metallic.uasset" 2197
"C:/Users/cerve/OneDrive/Documenti/Desktop/Tirocinio/TirocinioBadViceGames/Tirocinio_Giuseppe/Content/Environment/Objects/Room_Radiator/Room_Radiator_001_Metallic.uexp" 2198
"C:/Users/cerve/OneDrive/Documenti/Desktop/Tirocinio/TirocinioBadViceGames/Tirocinio_Giuseppe/Content/Environment/Objects/Room_Radiator/Room_Radiator_001_Base_color.ubulk" 2199
"C:/Users/cerve/OneDrive/Documenti/Desktop/Tirocinio/TirocinioBadViceGames/Tirocinio_Giuseppe/Content/Environment/Objects/Room_Radiator/Room_Radiator_001_Base_color.uasset" 2200
"C:/Users/cerve/OneDrive/Documenti/Desktop/Tirocinio/TirocinioBadViceGames/Tirocinio_Giuseppe/Content/Environment/Objects/Room_Radiator/Room_Radiator_001_Base_color.uexp" 2201
"C:/Users/cerve/OneDrive/Documenti/Desktop/Tirocinio/TirocinioBadViceGames/Tirocinio_Giuseppe/Content/Environment/Objects/Room_Radiator/Room_Radiator_001_AO.ubulk" 2202
"C:/Users/cerve/OneDrive/Documenti/Desktop/Tirocinio/TirocinioBadViceGames/Tirocinio_Giuseppe/Content/Environment/Objects/Room_Radiator/Room_Radiator_001_AO.uasset" 2203
"C:/Users/cerve/OneDrive/Documenti/Desktop/Tirocinio/TirocinioBadViceGames/Tirocinio_Giuseppe/Content/Environment/Objects/Room_Radiator/Room_Radiator_001_AO.uexp" 2204
"C:/Users/cerve/OneDrive/Documenti/Desktop/Tirocinio/TirocinioBadViceGames/Tirocinio_Giuseppe/Content/Environment/Objects/Room_Radiator/M_Room_Radiator.uasset" 2205
"C:/Users/cerve/OneDrive/Documenti/Desktop/Tirocinio/TirocinioBadViceGames/Tirocinio_Giuseppe/Content/Environment/Objects/Room_Radiator/M_Room_Radiator.uexp" 2206
"C:/Users/cerve/OneDrive/Documenti/Desktop/Tirocinio/TirocinioBadViceGames/Tirocinio_Giuseppe/Content/Environment/Objects/Room_Radiator/Room_Radiator_type_001.ubulk" 2207
"C:/Users/cerve/OneDrive/Documenti/Desktop/Tirocinio/TirocinioBadViceGames/Tirocinio_Giuseppe/Content/Environment/Objects/Room_Radiator/Room_Radiator_type_001.uasset" 2208
"C:/Users/cerve/OneDrive/Documenti/Desktop/Tirocinio/TirocinioBadViceGames/Tirocinio_Giuseppe/Content/Environment/Objects/Room_Radiator/Room_Radiator_type_001.uexp" 2209
"C:/Users/cerve/OneDrive/Documenti/Desktop/Tirocinio/TirocinioBadViceGames/Tirocinio_Giuseppe/Content/Environment/Objects/Room_Phone/Room_Phone_BaseColor_001.ubulk" 2210
"C:/Users/cerve/OneDrive/Documenti/Desktop/Tirocinio/TirocinioBadViceGames/Tirocinio_Giuseppe/Content/Environment/Objects/Room_Phone/Room_Phone_BaseColor_001.uasset" 2211
"C:/Users/cerve/OneDrive/Documenti/Desktop/Tirocinio/TirocinioBadViceGames/Tirocinio_Giuseppe/Content/Environment/Objects/Room_Phone/Room_Phone_BaseColor_001.uexp" 2212
"C:/Users/cerve/OneDrive/Documenti/Desktop/Tirocinio/TirocinioBadViceGames/Tirocinio_Giuseppe/Content/Environment/Objects/Room_Phone/Room_Phone_001_Roughness.ubulk" 2213
"C:/Users/cerve/OneDrive/Documenti/Desktop/Tirocinio/TirocinioBadViceGames/Tirocinio_Giuseppe/Content/Environment/Objects/Room_Phone/Room_Phone_001_Roughness.uasset" 2214
"C:/Users/cerve/OneDrive/Documenti/Desktop/Tirocinio/TirocinioBadViceGames/Tirocinio_Giuseppe/Content/Environment/Objects/Room_Phone/Room_Phone_001_Roughness.uexp" 2215
"C:/Users/cerve/OneDrive/Documenti/Desktop/Tirocinio/TirocinioBadViceGames/Tirocinio_Giuseppe/Content/Environment/Objects/Room_Phone/Room_Phone_001_Normal_OpenGL.ubulk" 2216
"C:/Users/cerve/OneDrive/Documenti/Desktop/Tirocinio/TirocinioBadViceGames/Tirocinio_Giuseppe/Content/Environment/Objects/Room_Phone/Room_Phone_001_Normal_OpenGL.uasset" 2217
"C:/Users/cerve/OneDrive/Documenti/Desktop/Tirocinio/TirocinioBadViceGames/Tirocinio_Giuseppe/Content/Environment/Objects/Room_Phone/Room_Phone_001_Normal_OpenGL.uexp" 2218
"C:/Users/cerve/OneDrive/Documenti/Desktop/Tirocinio/TirocinioBadViceGames/Tirocinio_Giuseppe/Content/Environment/Objects/Room_Phone/Room_Phone_001_Metallic.ubulk" 2219
"C:/Users/cerve/OneDrive/Documenti/Desktop/Tirocinio/TirocinioBadViceGames/Tirocinio_Giuseppe/Content/Environment/Objects/Room_Phone/Room_Phone_001_Metallic.uasset" 2220
"C:/Users/cerve/OneDrive/Documenti/Desktop/Tirocinio/TirocinioBadViceGames/Tirocinio_Giuseppe/Content/Environment/Objects/Room_Phone/Room_Phone_001_Metallic.uexp" 2221
"C:/Users/cerve/OneDrive/Documenti/Desktop/Tirocinio/TirocinioBadViceGames/Tirocinio_Giuseppe/Content/Environment/Objects/Room_Phone/Room_Phone_001_AO.ubulk" 2222
"C:/Users/cerve/OneDrive/Documenti/Desktop/Tirocinio/TirocinioBadViceGames/Tirocinio_Giuseppe/Content/Environment/Objects/Room_Phone/Room_Phone_001_AO.uasset" 2223
"C:/Users/cerve/OneDrive/Documenti/Desktop/Tirocinio/TirocinioBadViceGames/Tirocinio_Giuseppe/Content/Environment/Objects/Room_Phone/Room_Phone_001_AO.uexp" 2224
"C:/Users/cerve/OneDrive/Documenti/Desktop/Tirocinio/TirocinioBadViceGames/Tirocinio_Giuseppe/Content/Environment/Objects/Room_Phone/M_Room_Phone.uasset" 2225
"C:/Users/cerve/OneDrive/Documenti/Desktop/Tirocinio/TirocinioBadViceGames/Tirocinio_Giuseppe/Content/Environment/Objects/Room_Phone/M_Room_Phone.uexp" 2226
"C:/Users/cerve/OneDrive/Documenti/Desktop/Tirocinio/TirocinioBadViceGames/Tirocinio_Giuseppe/Content/Environment/Objects/Room_Phone/Room_Phone_Type_001.ubulk" 2227
"C:/Users/cerve/OneDrive/Documenti/Desktop/Tirocinio/TirocinioBadViceGames/Tirocinio_Giuseppe/Content/Environment/Objects/Room_Phone/Room_Phone_Type_001.uasset" 2228
"C:/Users/cerve/OneDrive/Documenti/Desktop/Tirocinio/TirocinioBadViceGames/Tirocinio_Giuseppe/Content/Environment/Objects/Room_Phone/Room_Phone_Type_001.uexp" 2229
"C:/Users/cerve/OneDrive/Documenti/Desktop/Tirocinio/TirocinioBadViceGames/Tirocinio_Giuseppe/Content/Environment/Objects/Room_Chair/Room_Chair_001_Roughness.ubulk" 2230
"C:/Users/cerve/OneDrive/Documenti/Desktop/Tirocinio/TirocinioBadViceGames/Tirocinio_Giuseppe/Content/Environment/Objects/Room_Chair/Room_Chair_001_Roughness.uasset" 2231
"C:/Users/cerve/OneDrive/Documenti/Desktop/Tirocinio/TirocinioBadViceGames/Tirocinio_Giuseppe/Content/Environment/Objects/Room_Chair/Room_Chair_001_Roughness.uexp" 2232
"C:/Users/cerve/OneDrive/Documenti/Desktop/Tirocinio/TirocinioBadViceGames/Tirocinio_Giuseppe/Content/Environment/Objects/Room_Chair/Room_Chair_001_Normal_OpenGL.ubulk" 2233
"C:/Users/cerve/OneDrive/Documenti/Desktop/Tirocinio/TirocinioBadViceGames/Tirocinio_Giuseppe/Content/Environment/Objects/Room_Chair/Room_Chair_001_Normal_OpenGL.uasset" 2234
"C:/Users/cerve/OneDrive/Documenti/Desktop/Tirocinio/TirocinioBadViceGames/Tirocinio_Giuseppe/Content/Environment/Objects/Room_Chair/Room_Chair_001_Normal_OpenGL.uexp" 2235
"C:/Users/cerve/OneDrive/Documenti/Desktop/Tirocinio/TirocinioBadViceGames/Tirocinio_Giuseppe/Content/Environment/Objects/Room_Chair/Room_Chair_001_Metallic.ubulk" 2236
"C:/Users/cerve/OneDrive/Documenti/Desktop/Tirocinio/TirocinioBadViceGames/Tirocinio_Giuseppe/Content/Environment/Objects/Room_Chair/Room_Chair_001_Metallic.uasset" 2237
"C:/Users/cerve/OneDrive/Documenti/Desktop/Tirocinio/TirocinioBadViceGames/Tirocinio_Giuseppe/Content/Environment/Objects/Room_Chair/Room_Chair_001_Metallic.uexp" 2238
"C:/Users/cerve/OneDrive/Documenti/Desktop/Tirocinio/TirocinioBadViceGames/Tirocinio_Giuseppe/Content/Environment/Objects/Room_Chair/Room_Chair_001_Base_color.ubulk" 2239
"C:/Users/cerve/OneDrive/Documenti/Desktop/Tirocinio/TirocinioBadViceGames/Tirocinio_Giuseppe/Content/Environment/Objects/Room_Chair/Room_Chair_001_Base_color.uasset" 2240
"C:/Users/cerve/OneDrive/Documenti/Desktop/Tirocinio/TirocinioBadViceGames/Tirocinio_Giuseppe/Content/Environment/Objects/Room_Chair/Room_Chair_001_Base_color.uexp" 2241
"C:/Users/cerve/OneDrive/Documenti/Desktop/Tirocinio/TirocinioBadViceGames/Tirocinio_Giuseppe/Content/Environment/Objects/Room_Chair/Room_Chair_001_AO.ubulk" 2242
"C:/Users/cerve/OneDrive/Documenti/Desktop/Tirocinio/TirocinioBadViceGames/Tirocinio_Giuseppe/Content/Environment/Objects/Room_Chair/Room_Chair_001_AO.uasset" 2243
"C:/Users/cerve/OneDrive/Documenti/Desktop/Tirocinio/TirocinioBadViceGames/Tirocinio_Giuseppe/Content/Environment/Objects/Room_Chair/Room_Chair_001_AO.uexp" 2244
"C:/Users/cerve/OneDrive/Documenti/Desktop/Tirocinio/TirocinioBadViceGames/Tirocinio_Giuseppe/Content/Environment/Objects/Room_Chair/M_Room_Chair.uasset" 2245
"C:/Users/cerve/OneDrive/Documenti/Desktop/Tirocinio/TirocinioBadViceGames/Tirocinio_Giuseppe/Content/Environment/Objects/Room_Chair/M_Room_Chair.uexp" 2246
"C:/Users/cerve/OneDrive/Documenti/Desktop/Tirocinio/TirocinioBadViceGames/Tirocinio_Giuseppe/Content/Environment/Objects/Room_Chair/Room_Chair_Type_001.ubulk" 2247
"C:/Users/cerve/OneDrive/Documenti/Desktop/Tirocinio/TirocinioBadViceGames/Tirocinio_Giuseppe/Content/Environment/Objects/Room_Chair/Room_Chair_Type_001.uasset" 2248
"C:/Users/cerve/OneDrive/Documenti/Desktop/Tirocinio/TirocinioBadViceGames/Tirocinio_Giuseppe/Content/Environment/Objects/Room_Chair/Room_Chair_Type_001.uexp" 2249
"C:/Users/cerve/OneDrive/Documenti/Desktop/Tirocinio/TirocinioBadViceGames/Tirocinio_Giuseppe/Content/Environment/Objects/Room_Bidet/Room_Bidet_001_Roughness.ubulk" 2250
"C:/Users/cerve/OneDrive/Documenti/Desktop/Tirocinio/TirocinioBadViceGames/Tirocinio_Giuseppe/Content/Environment/Objects/Room_Bidet/Room_Bidet_001_Roughness.uasset" 2251
"C:/Users/cerve/OneDrive/Documenti/Desktop/Tirocinio/TirocinioBadViceGames/Tirocinio_Giuseppe/Content/Environment/Objects/Room_Bidet/Room_Bidet_001_Roughness.uexp" 2252
"C:/Users/cerve/OneDrive/Documenti/Desktop/Tirocinio/TirocinioBadViceGames/Tirocinio_Giuseppe/Content/Environment/Objects/Room_Bidet/Room_Bidet_001_Normal_OpenGL.ubulk" 2253
"C:/Users/cerve/OneDrive/Documenti/Desktop/Tirocinio/TirocinioBadViceGames/Tirocinio_Giuseppe/Content/Environment/Objects/Room_Bidet/Room_Bidet_001_Normal_OpenGL.uasset" 2254
"C:/Users/cerve/OneDrive/Documenti/Desktop/Tirocinio/TirocinioBadViceGames/Tirocinio_Giuseppe/Content/Environment/Objects/Room_Bidet/Room_Bidet_001_Normal_OpenGL.uexp" 2255
"C:/Users/cerve/OneDrive/Documenti/Desktop/Tirocinio/TirocinioBadViceGames/Tirocinio_Giuseppe/Content/Environment/Objects/Room_Bidet/Room_Bidet_001_Metallic.ubulk" 2256
"C:/Users/cerve/OneDrive/Documenti/Desktop/Tirocinio/TirocinioBadViceGames/Tirocinio_Giuseppe/Content/Environment/Objects/Room_Bidet/Room_Bidet_001_Metallic.uasset" 2257
"C:/Users/cerve/OneDrive/Documenti/Desktop/Tirocinio/TirocinioBadViceGames/Tirocinio_Giuseppe/Content/Environment/Objects/Room_Bidet/Room_Bidet_001_Metallic.uexp" 2258
"C:/Users/cerve/OneDrive/Documenti/Desktop/Tirocinio/TirocinioBadViceGames/Tirocinio_Giuseppe/Content/Environment/Objects/Room_Bidet/Room_Bidet_001_Base_color.ubulk" 2259
"C:/Users/cerve/OneDrive/Documenti/Desktop/Tirocinio/TirocinioBadViceGames/Tirocinio_Giuseppe/Content/Environment/Objects/Room_Bidet/Room_Bidet_001_Base_color.uasset" 2260
"C:/Users/cerve/OneDrive/Documenti/Desktop/Tirocinio/TirocinioBadViceGames/Tirocinio_Giuseppe/Content/Environment/Objects/Room_Bidet/Room_Bidet_001_Base_color.uexp" 2261
"C:/Users/cerve/OneDrive/Documenti/Desktop/Tirocinio/TirocinioBadViceGames/Tirocinio_Giuseppe/Content/Environment/Objects/Room_Bidet/Room_Bidet_001_AO.ubulk" 2262
"C:/Users/cerve/OneDrive/Documenti/Desktop/Tirocinio/TirocinioBadViceGames/Tirocinio_Giuseppe/Content/Environment/Objects/Room_Bidet/Room_Bidet_001_AO.uasset" 2263
"C:/Users/cerve/OneDrive/Documenti/Desktop/Tirocinio/TirocinioBadViceGames/Tirocinio_Giuseppe/Content/Environment/Objects/Room_Bidet/Room_Bidet_001_AO.uexp" 2264
"C:/Users/cerve/OneDrive/Documenti/Desktop/Tirocinio/TirocinioBadViceGames/Tirocinio_Giuseppe/Content/Environment/Objects/Room_Bidet/M_Room_bidet.uasset" 2265
"C:/Users/cerve/OneDrive/Documenti/Desktop/Tirocinio/TirocinioBadViceGames/Tirocinio_Giuseppe/Content/Environment/Objects/Room_Bidet/M_Room_bidet.uexp" 2266
"C:/Users/cerve/OneDrive/Documenti/Desktop/Tirocinio/TirocinioBadViceGames/Tirocinio_Giuseppe/Content/Environment/Objects/Room_Bidet/Room_Bidet_Type_001.ubulk" 2267
"C:/Users/cerve/OneDrive/Documenti/Desktop/Tirocinio/TirocinioBadViceGames/Tirocinio_Giuseppe/Content/Environment/Objects/Room_Bidet/Room_Bidet_Type_001.uasset" 2268
"C:/Users/cerve/OneDrive/Documenti/Desktop/Tirocinio/TirocinioBadViceGames/Tirocinio_Giuseppe/Content/Environment/Objects/Room_Bidet/Room_Bidet_Type_001.uexp" 2269
"C:/Users/cerve/OneDrive/Documenti/Desktop/Tirocinio/TirocinioBadViceGames/Tirocinio_Giuseppe/Content/Environment/Objects/Room_Bathtub/Room_BathTub_001__Roughness.ubulk" 2270
"C:/Users/cerve/OneDrive/Documenti/Desktop/Tirocinio/TirocinioBadViceGames/Tirocinio_Giuseppe/Content/Environment/Objects/Room_Bathtub/Room_BathTub_001__Roughness.uasset" 2271
"C:/Users/cerve/OneDrive/Documenti/Desktop/Tirocinio/TirocinioBadViceGames/Tirocinio_Giuseppe/Content/Environment/Objects/Room_Bathtub/Room_BathTub_001__Roughness.uexp" 2272
"C:/Users/cerve/OneDrive/Documenti/Desktop/Tirocinio/TirocinioBadViceGames/Tirocinio_Giuseppe/Content/Environment/Objects/Room_Bathtub/Room_BathTub_001__AO.ubulk" 2273
"C:/Users/cerve/OneDrive/Documenti/Desktop/Tirocinio/TirocinioBadViceGames/Tirocinio_Giuseppe/Content/Environment/Objects/Room_Bathtub/Room_BathTub_001__AO.uasset" 2274
"C:/Users/cerve/OneDrive/Documenti/Desktop/Tirocinio/TirocinioBadViceGames/Tirocinio_Giuseppe/Content/Environment/Objects/Room_Bathtub/Room_BathTub_001__AO.uexp" 2275
"C:/Users/cerve/OneDrive/Documenti/Desktop/Tirocinio/TirocinioBadViceGames/Tirocinio_Giuseppe/Content/Environment/Objects/Room_Bathtub/Room_BathTub_001_Normal_OpenGL.ubulk" 2276
"C:/Users/cerve/OneDrive/Documenti/Desktop/Tirocinio/TirocinioBadViceGames/Tirocinio_Giuseppe/Content/Environment/Objects/Room_Bathtub/Room_BathTub_001_Normal_OpenGL.uasset" 2277
"C:/Users/cerve/OneDrive/Documenti/Desktop/Tirocinio/TirocinioBadViceGames/Tirocinio_Giuseppe/Content/Environment/Objects/Room_Bathtub/Room_BathTub_001_Normal_OpenGL.uexp" 2278
"C:/Users/cerve/OneDrive/Documenti/Desktop/Tirocinio/TirocinioBadViceGames/Tirocinio_Giuseppe/Content/Environment/Objects/Room_Bathtub/Room_BathTub_001_Metallic.ubulk" 2279
"C:/Users/cerve/OneDrive/Documenti/Desktop/Tirocinio/TirocinioBadViceGames/Tirocinio_Giuseppe/Content/Environment/Objects/Room_Bathtub/Room_BathTub_001_Metallic.uasset" 2280
"C:/Users/cerve/OneDrive/Documenti/Desktop/Tirocinio/TirocinioBadViceGames/Tirocinio_Giuseppe/Content/Environment/Objects/Room_Bathtub/Room_BathTub_001_Metallic.uexp" 2281
"C:/Users/cerve/OneDrive/Documenti/Desktop/Tirocinio/TirocinioBadViceGames/Tirocinio_Giuseppe/Content/Environment/Objects/Room_Bathtub/Room_BathTub_001_Base_color.ubulk" 2282
"C:/Users/cerve/OneDrive/Documenti/Desktop/Tirocinio/TirocinioBadViceGames/Tirocinio_Giuseppe/Content/Environment/Objects/Room_Bathtub/Room_BathTub_001_Base_color.uasset" 2283
"C:/Users/cerve/OneDrive/Documenti/Desktop/Tirocinio/TirocinioBadViceGames/Tirocinio_Giuseppe/Content/Environment/Objects/Room_Bathtub/Room_BathTub_001_Base_color.uexp" 2284
"C:/Users/cerve/OneDrive/Documenti/Desktop/Tirocinio/TirocinioBadViceGames/Tirocinio_Giuseppe/Content/Environment/Objects/Room_Bathtub/M_Room_Bathtub.uasset" 2285
"C:/Users/cerve/OneDrive/Documenti/Desktop/Tirocinio/TirocinioBadViceGames/Tirocinio_Giuseppe/Content/Environment/Objects/Room_Bathtub/M_Room_Bathtub.uexp" 2286
"C:/Users/cerve/OneDrive/Documenti/Desktop/Tirocinio/TirocinioBadViceGames/Tirocinio_Giuseppe/Content/Environment/Objects/Room_Bathtub/Room_BathTub_Type_001.ubulk" 2287
"C:/Users/cerve/OneDrive/Documenti/Desktop/Tirocinio/TirocinioBadViceGames/Tirocinio_Giuseppe/Content/Environment/Objects/Room_Bathtub/Room_BathTub_Type_001.uasset" 2288
"C:/Users/cerve/OneDrive/Documenti/Desktop/Tirocinio/TirocinioBadViceGames/Tirocinio_Giuseppe/Content/Environment/Objects/Room_Bathtub/Room_BathTub_Type_001.uexp" 2289
"C:/Users/cerve/OneDrive/Documenti/Desktop/Tirocinio/TirocinioBadViceGames/Tirocinio_Giuseppe/Content/Environment/Objects/Library_Chair/Library_Chair_Roughness_001.ubulk" 2290
"C:/Users/cerve/OneDrive/Documenti/Desktop/Tirocinio/TirocinioBadViceGames/Tirocinio_Giuseppe/Content/Environment/Objects/Library_Chair/Library_Chair_Roughness_001.uasset" 2291
"C:/Users/cerve/OneDrive/Documenti/Desktop/Tirocinio/TirocinioBadViceGames/Tirocinio_Giuseppe/Content/Environment/Objects/Library_Chair/Library_Chair_Roughness_001.uexp" 2292
"C:/Users/cerve/OneDrive/Documenti/Desktop/Tirocinio/TirocinioBadViceGames/Tirocinio_Giuseppe/Content/Environment/Objects/Library_Chair/Library_Chair_Normal_001.ubulk" 2293
"C:/Users/cerve/OneDrive/Documenti/Desktop/Tirocinio/TirocinioBadViceGames/Tirocinio_Giuseppe/Content/Environment/Objects/Library_Chair/Library_Chair_Normal_001.uasset" 2294
"C:/Users/cerve/OneDrive/Documenti/Desktop/Tirocinio/TirocinioBadViceGames/Tirocinio_Giuseppe/Content/Environment/Objects/Library_Chair/Library_Chair_Normal_001.uexp" 2295
"C:/Users/cerve/OneDrive/Documenti/Desktop/Tirocinio/TirocinioBadViceGames/Tirocinio_Giuseppe/Content/Environment/Objects/Library_Chair/Library_Chair_BC_001.ubulk" 2296
"C:/Users/cerve/OneDrive/Documenti/Desktop/Tirocinio/TirocinioBadViceGames/Tirocinio_Giuseppe/Content/Environment/Objects/Library_Chair/Library_Chair_BC_001.uasset" 2297
"C:/Users/cerve/OneDrive/Documenti/Desktop/Tirocinio/TirocinioBadViceGames/Tirocinio_Giuseppe/Content/Environment/Objects/Library_Chair/Library_Chair_BC_001.uexp" 2298
"C:/Users/cerve/OneDrive/Documenti/Desktop/Tirocinio/TirocinioBadViceGames/Tirocinio_Giuseppe/Content/Environment/Objects/Library_Chair/Library_Chair_AO_001.ubulk" 2299
"C:/Users/cerve/OneDrive/Documenti/Desktop/Tirocinio/TirocinioBadViceGames/Tirocinio_Giuseppe/Content/Environment/Objects/Library_Chair/Library_Chair_AO_001.uasset" 2300
"C:/Users/cerve/OneDrive/Documenti/Desktop/Tirocinio/TirocinioBadViceGames/Tirocinio_Giuseppe/Content/Environment/Objects/Library_Chair/Library_Chair_AO_001.uexp" 2301
"C:/Users/cerve/OneDrive/Documenti/Desktop/Tirocinio/TirocinioBadViceGames/Tirocinio_Giuseppe/Content/Environment/Objects/Library_Chair/M_Library_Chair_001.uasset" 2302
"C:/Users/cerve/OneDrive/Documenti/Desktop/Tirocinio/TirocinioBadViceGames/Tirocinio_Giuseppe/Content/Environment/Objects/Library_Chair/M_Library_Chair_001.uexp" 2303
"C:/Users/cerve/OneDrive/Documenti/Desktop/Tirocinio/TirocinioBadViceGames/Tirocinio_Giuseppe/Content/Environment/Objects/Library_Chair/Library_Chair_Type_001.ubulk" 2304
"C:/Users/cerve/OneDrive/Documenti/Desktop/Tirocinio/TirocinioBadViceGames/Tirocinio_Giuseppe/Content/Environment/Objects/Library_Chair/Library_Chair_Type_001.uasset" 2305
"C:/Users/cerve/OneDrive/Documenti/Desktop/Tirocinio/TirocinioBadViceGames/Tirocinio_Giuseppe/Content/Environment/Objects/Library_Chair/Library_Chair_Type_001.uexp" 2306
"C:/Users/cerve/OneDrive/Documenti/Desktop/Tirocinio/TirocinioBadViceGames/Tirocinio_Giuseppe/Content/Environment/Objects/DrinkCans/Texture_3/T_DrinksCan_BaseColor_Type_003.ubulk" 2307
"C:/Users/cerve/OneDrive/Documenti/Desktop/Tirocinio/TirocinioBadViceGames/Tirocinio_Giuseppe/Content/Environment/Objects/DrinkCans/Texture_3/T_DrinksCan_BaseColor_Type_003.uasset" 2308
"C:/Users/cerve/OneDrive/Documenti/Desktop/Tirocinio/TirocinioBadViceGames/Tirocinio_Giuseppe/Content/Environment/Objects/DrinkCans/Texture_3/T_DrinksCan_BaseColor_Type_003.uexp" 2309
"C:/Users/cerve/OneDrive/Documenti/Desktop/Tirocinio/TirocinioBadViceGames/Tirocinio_Giuseppe/Content/Environment/Objects/DrinkCans/Texture_3/T_DrinksCan_Metallic_Type_003.ubulk" 2310
"C:/Users/cerve/OneDrive/Documenti/Desktop/Tirocinio/TirocinioBadViceGames/Tirocinio_Giuseppe/Content/Environment/Objects/DrinkCans/Texture_3/T_DrinksCan_Metallic_Type_003.uasset" 2311
"C:/Users/cerve/OneDrive/Documenti/Desktop/Tirocinio/TirocinioBadViceGames/Tirocinio_Giuseppe/Content/Environment/Objects/DrinkCans/Texture_3/T_DrinksCan_Metallic_Type_003.uexp" 2312
"C:/Users/cerve/OneDrive/Documenti/Desktop/Tirocinio/TirocinioBadViceGames/Tirocinio_Giuseppe/Content/Environment/Objects/DrinkCans/Texture_3/T_DrinksCan_Normal_Type_003.ubulk" 2313
"C:/Users/cerve/OneDrive/Documenti/Desktop/Tirocinio/TirocinioBadViceGames/Tirocinio_Giuseppe/Content/Environment/Objects/DrinkCans/Texture_3/T_DrinksCan_Normal_Type_003.uasset" 2314
"C:/Users/cerve/OneDrive/Documenti/Desktop/Tirocinio/TirocinioBadViceGames/Tirocinio_Giuseppe/Content/Environment/Objects/DrinkCans/Texture_3/T_DrinksCan_Normal_Type_003.uexp" 2315
"C:/Users/cerve/OneDrive/Documenti/Desktop/Tirocinio/TirocinioBadViceGames/Tirocinio_Giuseppe/Content/Environment/Objects/DrinkCans/Texture_3/T_DrinksCan_Roughness_Type_003.ubulk" 2316
"C:/Users/cerve/OneDrive/Documenti/Desktop/Tirocinio/TirocinioBadViceGames/Tirocinio_Giuseppe/Content/Environment/Objects/DrinkCans/Texture_3/T_DrinksCan_Roughness_Type_003.uasset" 2317
"C:/Users/cerve/OneDrive/Documenti/Desktop/Tirocinio/TirocinioBadViceGames/Tirocinio_Giuseppe/Content/Environment/Objects/DrinkCans/Texture_3/T_DrinksCan_Roughness_Type_003.uexp" 2318
"C:/Users/cerve/OneDrive/Documenti/Desktop/Tirocinio/TirocinioBadViceGames/Tirocinio_Giuseppe/Content/Environment/Objects/DrinkCans/M_Drink_Cans_003.uasset" 2319
"C:/Users/cerve/OneDrive/Documenti/Desktop/Tirocinio/TirocinioBadViceGames/Tirocinio_Giuseppe/Content/Environment/Objects/DrinkCans/M_Drink_Cans_003.uexp" 2320
"C:/Users/cerve/OneDrive/Documenti/Desktop/Tirocinio/TirocinioBadViceGames/Tirocinio_Giuseppe/Content/Environment/Objects/DrinkCans/Drink_Can_Open.ubulk" 2321
"C:/Users/cerve/OneDrive/Documenti/Desktop/Tirocinio/TirocinioBadViceGames/Tirocinio_Giuseppe/Content/Environment/Objects/DrinkCans/Drink_Can_Open.uasset" 2322
"C:/Users/cerve/OneDrive/Documenti/Desktop/Tirocinio/TirocinioBadViceGames/Tirocinio_Giuseppe/Content/Environment/Objects/DrinkCans/Drink_Can_Open.uexp" 2323
"C:/Users/cerve/OneDrive/Documenti/Desktop/Tirocinio/TirocinioBadViceGames/Tirocinio_Giuseppe/Content/Blueprints/Objects/Trash/All_Trash/BP_Drink_Can/BP_Trash_Drink_Can_Open_003.uasset" 2324
"C:/Users/cerve/OneDrive/Documenti/Desktop/Tirocinio/TirocinioBadViceGames/Tirocinio_Giuseppe/Content/Blueprints/Objects/Trash/All_Trash/BP_Drink_Can/BP_Trash_Drink_Can_Open_003.uexp" 2325
"C:/Users/cerve/OneDrive/Documenti/Desktop/Tirocinio/TirocinioBadViceGames/Tirocinio_Giuseppe/Content/Environment/Objects/DrinkCans/Texture_2/T_DrinksCan_Roughness_Type_002.ubulk" 2326
"C:/Users/cerve/OneDrive/Documenti/Desktop/Tirocinio/TirocinioBadViceGames/Tirocinio_Giuseppe/Content/Environment/Objects/DrinkCans/Texture_2/T_DrinksCan_Roughness_Type_002.uasset" 2327
"C:/Users/cerve/OneDrive/Documenti/Desktop/Tirocinio/TirocinioBadViceGames/Tirocinio_Giuseppe/Content/Environment/Objects/DrinkCans/Texture_2/T_DrinksCan_Roughness_Type_002.uexp" 2328
"C:/Users/cerve/OneDrive/Documenti/Desktop/Tirocinio/TirocinioBadViceGames/Tirocinio_Giuseppe/Content/Environment/Objects/DrinkCans/Texture_2/T_DrinksCan_Normal_Type_002.ubulk" 2329
"C:/Users/cerve/OneDrive/Documenti/Desktop/Tirocinio/TirocinioBadViceGames/Tirocinio_Giuseppe/Content/Environment/Objects/DrinkCans/Texture_2/T_DrinksCan_Normal_Type_002.uasset" 2330
"C:/Users/cerve/OneDrive/Documenti/Desktop/Tirocinio/TirocinioBadViceGames/Tirocinio_Giuseppe/Content/Environment/Objects/DrinkCans/Texture_2/T_DrinksCan_Normal_Type_002.uexp" 2331
"C:/Users/cerve/OneDrive/Documenti/Desktop/Tirocinio/TirocinioBadViceGames/Tirocinio_Giuseppe/Content/Environment/Objects/DrinkCans/Texture_2/T_DrinksCan_Metallic_Type_002.ubulk" 2332
"C:/Users/cerve/OneDrive/Documenti/Desktop/Tirocinio/TirocinioBadViceGames/Tirocinio_Giuseppe/Content/Environment/Objects/DrinkCans/Texture_2/T_DrinksCan_Metallic_Type_002.uasset" 2333
"C:/Users/cerve/OneDrive/Documenti/Desktop/Tirocinio/TirocinioBadViceGames/Tirocinio_Giuseppe/Content/Environment/Objects/DrinkCans/Texture_2/T_DrinksCan_Metallic_Type_002.uexp" 2334
"C:/Users/cerve/OneDrive/Documenti/Desktop/Tirocinio/TirocinioBadViceGames/Tirocinio_Giuseppe/Content/Environment/Objects/DrinkCans/Texture_2/T_DrinksCan_BaseColor_Type_002.ubulk" 2335
"C:/Users/cerve/OneDrive/Documenti/Desktop/Tirocinio/TirocinioBadViceGames/Tirocinio_Giuseppe/Content/Environment/Objects/DrinkCans/Texture_2/T_DrinksCan_BaseColor_Type_002.uasset" 2336
"C:/Users/cerve/OneDrive/Documenti/Desktop/Tirocinio/TirocinioBadViceGames/Tirocinio_Giuseppe/Content/Environment/Objects/DrinkCans/Texture_2/T_DrinksCan_BaseColor_Type_002.uexp" 2337
"C:/Users/cerve/OneDrive/Documenti/Desktop/Tirocinio/TirocinioBadViceGames/Tirocinio_Giuseppe/Content/Environment/Objects/DrinkCans/M_Drink_Cans_002.uasset" 2338
"C:/Users/cerve/OneDrive/Documenti/Desktop/Tirocinio/TirocinioBadViceGames/Tirocinio_Giuseppe/Content/Environment/Objects/DrinkCans/M_Drink_Cans_002.uexp" 2339
"C:/Users/cerve/OneDrive/Documenti/Desktop/Tirocinio/TirocinioBadViceGames/Tirocinio_Giuseppe/Content/Blueprints/Objects/Trash/All_Trash/BP_Drink_Can/BP_Trash_Drink_Can_Open_002.uasset" 2340
"C:/Users/cerve/OneDrive/Documenti/Desktop/Tirocinio/TirocinioBadViceGames/Tirocinio_Giuseppe/Content/Blueprints/Objects/Trash/All_Trash/BP_Drink_Can/BP_Trash_Drink_Can_Open_002.uexp" 2341
"C:/Users/cerve/OneDrive/Documenti/Desktop/Tirocinio/TirocinioBadViceGames/Tirocinio_Giuseppe/Content/Blueprints/Objects/Trash/All_Trash/BP_Drink_Can/BP_Trash_Drink_Can_Open_001.uasset" 2342
"C:/Users/cerve/OneDrive/Documenti/Desktop/Tirocinio/TirocinioBadViceGames/Tirocinio_Giuseppe/Content/Blueprints/Objects/Trash/All_Trash/BP_Drink_Can/BP_Trash_Drink_Can_Open_001.uexp" 2343
"C:/Users/cerve/OneDrive/Documenti/Desktop/Tirocinio/TirocinioBadViceGames/Tirocinio_Giuseppe/Content/Environment/Objects/DrinkCans/Drink_Can_Destructed.ubulk" 2344
"C:/Users/cerve/OneDrive/Documenti/Desktop/Tirocinio/TirocinioBadViceGames/Tirocinio_Giuseppe/Content/Environment/Objects/DrinkCans/Drink_Can_Destructed.uasset" 2345
"C:/Users/cerve/OneDrive/Documenti/Desktop/Tirocinio/TirocinioBadViceGames/Tirocinio_Giuseppe/Content/Environment/Objects/DrinkCans/Drink_Can_Destructed.uexp" 2346
"C:/Users/cerve/OneDrive/Documenti/Desktop/Tirocinio/TirocinioBadViceGames/Tirocinio_Giuseppe/Content/Blueprints/Objects/Trash/All_Trash/BP_Drink_Can/BP_Trash_Drink_Can_Destructed_003.uasset" 2347
"C:/Users/cerve/OneDrive/Documenti/Desktop/Tirocinio/TirocinioBadViceGames/Tirocinio_Giuseppe/Content/Blueprints/Objects/Trash/All_Trash/BP_Drink_Can/BP_Trash_Drink_Can_Destructed_003.uexp" 2348
"C:/Users/cerve/OneDrive/Documenti/Desktop/Tirocinio/TirocinioBadViceGames/Tirocinio_Giuseppe/Content/Blueprints/Objects/Trash/All_Trash/BP_Drink_Can/BP_Trash_Drink_Can_Destructed_002.uasset" 2349
"C:/Users/cerve/OneDrive/Documenti/Desktop/Tirocinio/TirocinioBadViceGames/Tirocinio_Giuseppe/Content/Blueprints/Objects/Trash/All_Trash/BP_Drink_Can/BP_Trash_Drink_Can_Destructed_002.uexp" 2350
"C:/Users/cerve/OneDrive/Documenti/Desktop/Tirocinio/TirocinioBadViceGames/Tirocinio_Giuseppe/Content/Blueprints/Objects/Trash/All_Trash/BP_Drink_Can/BP_Trash_Drink_Can_Destructed_001.uasset" 2351
"C:/Users/cerve/OneDrive/Documenti/Desktop/Tirocinio/TirocinioBadViceGames/Tirocinio_Giuseppe/Content/Blueprints/Objects/Trash/All_Trash/BP_Drink_Can/BP_Trash_Drink_Can_Destructed_001.uexp" 2352
"C:/Users/cerve/OneDrive/Documenti/Desktop/Tirocinio/TirocinioBadViceGames/Tirocinio_Giuseppe/Content/Blueprints/Objects/Trash/All_Trash/BP_Drink_Can/BP_Trash_Drink_Can_Close_003.uasset" 2353
"C:/Users/cerve/OneDrive/Documenti/Desktop/Tirocinio/TirocinioBadViceGames/Tirocinio_Giuseppe/Content/Blueprints/Objects/Trash/All_Trash/BP_Drink_Can/BP_Trash_Drink_Can_Close_003.uexp" 2354
"C:/Users/cerve/OneDrive/Documenti/Desktop/Tirocinio/TirocinioBadViceGames/Tirocinio_Giuseppe/Content/Blueprints/Objects/Trash/All_Trash/BP_Drink_Can/BP_Trash_Drink_Can_Close_002.uasset" 2355
"C:/Users/cerve/OneDrive/Documenti/Desktop/Tirocinio/TirocinioBadViceGames/Tirocinio_Giuseppe/Content/Blueprints/Objects/Trash/All_Trash/BP_Drink_Can/BP_Trash_Drink_Can_Close_002.uexp" 2356
"C:/Users/cerve/OneDrive/Documenti/Desktop/Tirocinio/TirocinioBadViceGames/Tirocinio_Giuseppe/Content/Textures/Flat_Normal_Texture.uasset" 2357
"C:/Users/cerve/OneDrive/Documenti/Desktop/Tirocinio/TirocinioBadViceGames/Tirocinio_Giuseppe/Content/Textures/Flat_Normal_Texture.uexp" 2358
"C:/Users/cerve/OneDrive/Documenti/Desktop/Tirocinio/TirocinioBadViceGames/Tirocinio_Giuseppe/Content/Environment/Objects/Waste_Paper/Waste_Paper_003/T_WastePaper_BaseColor_Type_003.uasset" 2359
"C:/Users/cerve/OneDrive/Documenti/Desktop/Tirocinio/TirocinioBadViceGames/Tirocinio_Giuseppe/Content/Environment/Objects/Waste_Paper/Waste_Paper_003/T_WastePaper_BaseColor_Type_003.uexp" 2360
"C:/Users/cerve/OneDrive/Documenti/Desktop/Tirocinio/TirocinioBadViceGames/Tirocinio_Giuseppe/Content/Environment/Objects/Waste_Paper/Waste_Paper_003/M_Waste_Paper_003.uasset" 2361
"C:/Users/cerve/OneDrive/Documenti/Desktop/Tirocinio/TirocinioBadViceGames/Tirocinio_Giuseppe/Content/Environment/Objects/Waste_Paper/Waste_Paper_003/M_Waste_Paper_003.uexp" 2362
"C:/Users/cerve/OneDrive/Documenti/Desktop/Tirocinio/TirocinioBadViceGames/Tirocinio_Giuseppe/Content/Environment/Objects/Waste_Paper/Waste_Paper_001/Waste_Paper_001.ubulk" 2363
"C:/Users/cerve/OneDrive/Documenti/Desktop/Tirocinio/TirocinioBadViceGames/Tirocinio_Giuseppe/Content/Environment/Objects/Waste_Paper/Waste_Paper_001/Waste_Paper_001.uasset" 2364
"C:/Users/cerve/OneDrive/Documenti/Desktop/Tirocinio/TirocinioBadViceGames/Tirocinio_Giuseppe/Content/Environment/Objects/Waste_Paper/Waste_Paper_001/Waste_Paper_001.uexp" 2365
"C:/Users/cerve/OneDrive/Documenti/Desktop/Tirocinio/TirocinioBadViceGames/Tirocinio_Giuseppe/Content/Blueprints/Objects/Trash/All_Trash/BP_Waste_Paper/BP_Waste_Paper_003.uasset" 2366
"C:/Users/cerve/OneDrive/Documenti/Desktop/Tirocinio/TirocinioBadViceGames/Tirocinio_Giuseppe/Content/Blueprints/Objects/Trash/All_Trash/BP_Waste_Paper/BP_Waste_Paper_003.uexp" 2367
"C:/Users/cerve/OneDrive/Documenti/Desktop/Tirocinio/TirocinioBadViceGames/Tirocinio_Giuseppe/Content/Environment/Objects/Waste_Paper/Waste_Paper_002/T_WastePaper_BaseColor_Type_002.uasset" 2368
"C:/Users/cerve/OneDrive/Documenti/Desktop/Tirocinio/TirocinioBadViceGames/Tirocinio_Giuseppe/Content/Environment/Objects/Waste_Paper/Waste_Paper_002/T_WastePaper_BaseColor_Type_002.uexp" 2369
"C:/Users/cerve/OneDrive/Documenti/Desktop/Tirocinio/TirocinioBadViceGames/Tirocinio_Giuseppe/Content/Environment/Objects/Waste_Paper/Waste_Paper_002/M_Waste_Paper_002.uasset" 2370
"C:/Users/cerve/OneDrive/Documenti/Desktop/Tirocinio/TirocinioBadViceGames/Tirocinio_Giuseppe/Content/Environment/Objects/Waste_Paper/Waste_Paper_002/M_Waste_Paper_002.uexp" 2371
"C:/Users/cerve/OneDrive/Documenti/Desktop/Tirocinio/TirocinioBadViceGames/Tirocinio_Giuseppe/Content/Blueprints/Objects/Trash/All_Trash/BP_Waste_Paper/BP_Waste_Paper_002.uasset" 2372
"C:/Users/cerve/OneDrive/Documenti/Desktop/Tirocinio/TirocinioBadViceGames/Tirocinio_Giuseppe/Content/Blueprints/Objects/Trash/All_Trash/BP_Waste_Paper/BP_Waste_Paper_002.uexp" 2373
"C:/Users/cerve/OneDrive/Documenti/Desktop/Tirocinio/TirocinioBadViceGames/Tirocinio_Giuseppe/Content/Environment/Objects/Waste_Paper/Waste_Paper_001/T_WastePaper_BaseColor_Type_001.uasset" 2374
"C:/Users/cerve/OneDrive/Documenti/Desktop/Tirocinio/TirocinioBadViceGames/Tirocinio_Giuseppe/Content/Environment/Objects/Waste_Paper/Waste_Paper_001/T_WastePaper_BaseColor_Type_001.uexp" 2375
"C:/Users/cerve/OneDrive/Documenti/Desktop/Tirocinio/TirocinioBadViceGames/Tirocinio_Giuseppe/Content/Environment/Objects/Waste_Paper/Waste_Paper_001/M_Waste_Paper_001.uasset" 2376
"C:/Users/cerve/OneDrive/Documenti/Desktop/Tirocinio/TirocinioBadViceGames/Tirocinio_Giuseppe/Content/Environment/Objects/Waste_Paper/Waste_Paper_001/M_Waste_Paper_001.uexp" 2377
"C:/Users/cerve/OneDrive/Documenti/Desktop/Tirocinio/TirocinioBadViceGames/Tirocinio_Giuseppe/Content/Blueprints/Objects/Trash/All_Trash/BP_Waste_Paper/BP_Waste_Paper_001.uasset" 2378
"C:/Users/cerve/OneDrive/Documenti/Desktop/Tirocinio/TirocinioBadViceGames/Tirocinio_Giuseppe/Content/Blueprints/Objects/Trash/All_Trash/BP_Waste_Paper/BP_Waste_Paper_001.uexp" 2379
"C:/Users/cerve/OneDrive/Documenti/Desktop/Tirocinio/TirocinioBadViceGames/Tirocinio_Giuseppe/Content/Environment/Objects/Cigarettes_Packs/T_CigarettesPack_Roughness_Type_001.ubulk" 2380
"C:/Users/cerve/OneDrive/Documenti/Desktop/Tirocinio/TirocinioBadViceGames/Tirocinio_Giuseppe/Content/Environment/Objects/Cigarettes_Packs/T_CigarettesPack_Roughness_Type_001.uasset" 2381
"C:/Users/cerve/OneDrive/Documenti/Desktop/Tirocinio/TirocinioBadViceGames/Tirocinio_Giuseppe/Content/Environment/Objects/Cigarettes_Packs/T_CigarettesPack_Roughness_Type_001.uexp" 2382
"C:/Users/cerve/OneDrive/Documenti/Desktop/Tirocinio/TirocinioBadViceGames/Tirocinio_Giuseppe/Content/Environment/Objects/Cigarettes_Packs/T_CigarettesPack_Normal_Type_001.ubulk" 2383
"C:/Users/cerve/OneDrive/Documenti/Desktop/Tirocinio/TirocinioBadViceGames/Tirocinio_Giuseppe/Content/Environment/Objects/Cigarettes_Packs/T_CigarettesPack_Normal_Type_001.uasset" 2384
"C:/Users/cerve/OneDrive/Documenti/Desktop/Tirocinio/TirocinioBadViceGames/Tirocinio_Giuseppe/Content/Environment/Objects/Cigarettes_Packs/T_CigarettesPack_Normal_Type_001.uexp" 2385
"C:/Users/cerve/OneDrive/Documenti/Desktop/Tirocinio/TirocinioBadViceGames/Tirocinio_Giuseppe/Content/Environment/Objects/Cigarettes_Packs/T_CigarettesPack_Metallic_Type_001.ubulk" 2386
"C:/Users/cerve/OneDrive/Documenti/Desktop/Tirocinio/TirocinioBadViceGames/Tirocinio_Giuseppe/Content/Environment/Objects/Cigarettes_Packs/T_CigarettesPack_Metallic_Type_001.uasset" 2387
"C:/Users/cerve/OneDrive/Documenti/Desktop/Tirocinio/TirocinioBadViceGames/Tirocinio_Giuseppe/Content/Environment/Objects/Cigarettes_Packs/T_CigarettesPack_Metallic_Type_001.uexp" 2388
"C:/Users/cerve/OneDrive/Documenti/Desktop/Tirocinio/TirocinioBadViceGames/Tirocinio_Giuseppe/Content/Environment/Objects/Cigarettes_Packs/T_CigarettesPack_BaseColor_Type_001.ubulk" 2389
"C:/Users/cerve/OneDrive/Documenti/Desktop/Tirocinio/TirocinioBadViceGames/Tirocinio_Giuseppe/Content/Environment/Objects/Cigarettes_Packs/T_CigarettesPack_BaseColor_Type_001.uasset" 2390
"C:/Users/cerve/OneDrive/Documenti/Desktop/Tirocinio/TirocinioBadViceGames/Tirocinio_Giuseppe/Content/Environment/Objects/Cigarettes_Packs/T_CigarettesPack_BaseColor_Type_001.uexp" 2391
"C:/Users/cerve/OneDrive/Documenti/Desktop/Tirocinio/TirocinioBadViceGames/Tirocinio_Giuseppe/Content/Environment/Objects/Cigarettes_Packs/T_CigarettesPack_AO_Type_001.ubulk" 2392
"C:/Users/cerve/OneDrive/Documenti/Desktop/Tirocinio/TirocinioBadViceGames/Tirocinio_Giuseppe/Content/Environment/Objects/Cigarettes_Packs/T_CigarettesPack_AO_Type_001.uasset" 2393
"C:/Users/cerve/OneDrive/Documenti/Desktop/Tirocinio/TirocinioBadViceGames/Tirocinio_Giuseppe/Content/Environment/Objects/Cigarettes_Packs/T_CigarettesPack_AO_Type_001.uexp" 2394
"C:/Users/cerve/OneDrive/Documenti/Desktop/Tirocinio/TirocinioBadViceGames/Tirocinio_Giuseppe/Content/Environment/Objects/Cigarettes_Packs/M_cigarette_Pack.uasset" 2395
"C:/Users/cerve/OneDrive/Documenti/Desktop/Tirocinio/TirocinioBadViceGames/Tirocinio_Giuseppe/Content/Environment/Objects/Cigarettes_Packs/M_cigarette_Pack.uexp" 2396
"C:/Users/cerve/OneDrive/Documenti/Desktop/Tirocinio/TirocinioBadViceGames/Tirocinio_Giuseppe/Content/Environment/Objects/Cigarettes_Packs/Cigarette_Pack_Open.ubulk" 2397
"C:/Users/cerve/OneDrive/Documenti/Desktop/Tirocinio/TirocinioBadViceGames/Tirocinio_Giuseppe/Content/Environment/Objects/Cigarettes_Packs/Cigarette_Pack_Open.uasset" 2398
"C:/Users/cerve/OneDrive/Documenti/Desktop/Tirocinio/TirocinioBadViceGames/Tirocinio_Giuseppe/Content/Environment/Objects/Cigarettes_Packs/Cigarette_Pack_Open.uexp" 2399
"C:/Users/cerve/OneDrive/Documenti/Desktop/Tirocinio/TirocinioBadViceGames/Tirocinio_Giuseppe/Content/Blueprints/Objects/Trash/All_Trash/BP_Cigarettes_Pack/BP_Cigarettes_Pack_Open.uasset" 2400
"C:/Users/cerve/OneDrive/Documenti/Desktop/Tirocinio/TirocinioBadViceGames/Tirocinio_Giuseppe/Content/Blueprints/Objects/Trash/All_Trash/BP_Cigarettes_Pack/BP_Cigarettes_Pack_Open.uexp" 2401
"C:/Users/cerve/OneDrive/Documenti/Desktop/Tirocinio/TirocinioBadViceGames/Tirocinio_Giuseppe/Content/Environment/Objects/Cigarettes_Packs/Cigarette_Pack_Destructed.ubulk" 2402
"C:/Users/cerve/OneDrive/Documenti/Desktop/Tirocinio/TirocinioBadViceGames/Tirocinio_Giuseppe/Content/Environment/Objects/Cigarettes_Packs/Cigarette_Pack_Destructed.uasset" 2403
"C:/Users/cerve/OneDrive/Documenti/Desktop/Tirocinio/TirocinioBadViceGames/Tirocinio_Giuseppe/Content/Environment/Objects/Cigarettes_Packs/Cigarette_Pack_Destructed.uexp" 2404
"C:/Users/cerve/OneDrive/Documenti/Desktop/Tirocinio/TirocinioBadViceGames/Tirocinio_Giuseppe/Content/Blueprints/Objects/Trash/All_Trash/BP_Cigarettes_Pack/BP_Cigarettes_Pack_Destructed.uasset" 2405
"C:/Users/cerve/OneDrive/Documenti/Desktop/Tirocinio/TirocinioBadViceGames/Tirocinio_Giuseppe/Content/Blueprints/Objects/Trash/All_Trash/BP_Cigarettes_Pack/BP_Cigarettes_Pack_Destructed.uexp" 2406
"C:/Users/cerve/OneDrive/Documenti/Desktop/Tirocinio/TirocinioBadViceGames/Tirocinio_Giuseppe/Content/Environment/Objects/Chips_Bag/Chips_Bag_003/Chips_Bag_Roughness_003.ubulk" 2407
"C:/Users/cerve/OneDrive/Documenti/Desktop/Tirocinio/TirocinioBadViceGames/Tirocinio_Giuseppe/Content/Environment/Objects/Chips_Bag/Chips_Bag_003/Chips_Bag_Roughness_003.uasset" 2408
"C:/Users/cerve/OneDrive/Documenti/Desktop/Tirocinio/TirocinioBadViceGames/Tirocinio_Giuseppe/Content/Environment/Objects/Chips_Bag/Chips_Bag_003/Chips_Bag_Roughness_003.uexp" 2409
"C:/Users/cerve/OneDrive/Documenti/Desktop/Tirocinio/TirocinioBadViceGames/Tirocinio_Giuseppe/Content/Environment/Objects/Chips_Bag/Chips_Bag_003/Chips_Bag_Normal_003.ubulk" 2410
"C:/Users/cerve/OneDrive/Documenti/Desktop/Tirocinio/TirocinioBadViceGames/Tirocinio_Giuseppe/Content/Environment/Objects/Chips_Bag/Chips_Bag_003/Chips_Bag_Normal_003.uasset" 2411
"C:/Users/cerve/OneDrive/Documenti/Desktop/Tirocinio/TirocinioBadViceGames/Tirocinio_Giuseppe/Content/Environment/Objects/Chips_Bag/Chips_Bag_003/Chips_Bag_Normal_003.uexp" 2412
"C:/Users/cerve/OneDrive/Documenti/Desktop/Tirocinio/TirocinioBadViceGames/Tirocinio_Giuseppe/Content/Environment/Objects/Chips_Bag/Chips_Bag_003/Chips_Bag_Metallic_003.ubulk" 2413
"C:/Users/cerve/OneDrive/Documenti/Desktop/Tirocinio/TirocinioBadViceGames/Tirocinio_Giuseppe/Content/Environment/Objects/Chips_Bag/Chips_Bag_003/Chips_Bag_Metallic_003.uasset" 2414
"C:/Users/cerve/OneDrive/Documenti/Desktop/Tirocinio/TirocinioBadViceGames/Tirocinio_Giuseppe/Content/Environment/Objects/Chips_Bag/Chips_Bag_003/Chips_Bag_Metallic_003.uexp" 2415
"C:/Users/cerve/OneDrive/Documenti/Desktop/Tirocinio/TirocinioBadViceGames/Tirocinio_Giuseppe/Content/Environment/Objects/Chips_Bag/Chips_Bag_003/Chips_Bag_BaseColor_003.ubulk" 2416
"C:/Users/cerve/OneDrive/Documenti/Desktop/Tirocinio/TirocinioBadViceGames/Tirocinio_Giuseppe/Content/Environment/Objects/Chips_Bag/Chips_Bag_003/Chips_Bag_BaseColor_003.uasset" 2417
"C:/Users/cerve/OneDrive/Documenti/Desktop/Tirocinio/TirocinioBadViceGames/Tirocinio_Giuseppe/Content/Environment/Objects/Chips_Bag/Chips_Bag_003/Chips_Bag_BaseColor_003.uexp" 2418
"C:/Users/cerve/OneDrive/Documenti/Desktop/Tirocinio/TirocinioBadViceGames/Tirocinio_Giuseppe/Content/Environment/Objects/Chips_Bag/Chips_Bag_003/Chips_Bag_AO_003.ubulk" 2419
"C:/Users/cerve/OneDrive/Documenti/Desktop/Tirocinio/TirocinioBadViceGames/Tirocinio_Giuseppe/Content/Environment/Objects/Chips_Bag/Chips_Bag_003/Chips_Bag_AO_003.uasset" 2420
"C:/Users/cerve/OneDrive/Documenti/Desktop/Tirocinio/TirocinioBadViceGames/Tirocinio_Giuseppe/Content/Environment/Objects/Chips_Bag/Chips_Bag_003/Chips_Bag_AO_003.uexp" 2421
"C:/Users/cerve/OneDrive/Documenti/Desktop/Tirocinio/TirocinioBadViceGames/Tirocinio_Giuseppe/Content/Environment/Objects/Chips_Bag/Chips_Bag_003/M_Chips_Bag_003.uasset" 2422
"C:/Users/cerve/OneDrive/Documenti/Desktop/Tirocinio/TirocinioBadViceGames/Tirocinio_Giuseppe/Content/Environment/Objects/Chips_Bag/Chips_Bag_003/M_Chips_Bag_003.uexp" 2423
"C:/Users/cerve/OneDrive/Documenti/Desktop/Tirocinio/TirocinioBadViceGames/Tirocinio_Giuseppe/Content/Environment/Objects/Chips_Bag/Chips_Bag_003/Chips_Bag_003.ubulk" 2424
"C:/Users/cerve/OneDrive/Documenti/Desktop/Tirocinio/TirocinioBadViceGames/Tirocinio_Giuseppe/Content/Environment/Objects/Chips_Bag/Chips_Bag_003/Chips_Bag_003.uasset" 2425
"C:/Users/cerve/OneDrive/Documenti/Desktop/Tirocinio/TirocinioBadViceGames/Tirocinio_Giuseppe/Content/Environment/Objects/Chips_Bag/Chips_Bag_003/Chips_Bag_003.uexp" 2426
"C:/Users/cerve/OneDrive/Documenti/Desktop/Tirocinio/TirocinioBadViceGames/Tirocinio_Giuseppe/Content/Blueprints/Objects/Trash/All_Trash/BP_Chips_Bag/BP_Trash_Chips_Bag_003.uasset" 2427
"C:/Users/cerve/OneDrive/Documenti/Desktop/Tirocinio/TirocinioBadViceGames/Tirocinio_Giuseppe/Content/Blueprints/Objects/Trash/All_Trash/BP_Chips_Bag/BP_Trash_Chips_Bag_003.uexp" 2428
"C:/Users/cerve/OneDrive/Documenti/Desktop/Tirocinio/TirocinioBadViceGames/Tirocinio_Giuseppe/Content/Environment/Objects/Chips_Bag/Chips_Bag_002/Chips_Bag_Roughness_002.ubulk" 2429
"C:/Users/cerve/OneDrive/Documenti/Desktop/Tirocinio/TirocinioBadViceGames/Tirocinio_Giuseppe/Content/Environment/Objects/Chips_Bag/Chips_Bag_002/Chips_Bag_Roughness_002.uasset" 2430
"C:/Users/cerve/OneDrive/Documenti/Desktop/Tirocinio/TirocinioBadViceGames/Tirocinio_Giuseppe/Content/Environment/Objects/Chips_Bag/Chips_Bag_002/Chips_Bag_Roughness_002.uexp" 2431
"C:/Users/cerve/OneDrive/Documenti/Desktop/Tirocinio/TirocinioBadViceGames/Tirocinio_Giuseppe/Content/Environment/Objects/Chips_Bag/Chips_Bag_002/Chips_Bag_Normal_002.ubulk" 2432
"C:/Users/cerve/OneDrive/Documenti/Desktop/Tirocinio/TirocinioBadViceGames/Tirocinio_Giuseppe/Content/Environment/Objects/Chips_Bag/Chips_Bag_002/Chips_Bag_Normal_002.uasset" 2433
"C:/Users/cerve/OneDrive/Documenti/Desktop/Tirocinio/TirocinioBadViceGames/Tirocinio_Giuseppe/Content/Environment/Objects/Chips_Bag/Chips_Bag_002/Chips_Bag_Normal_002.uexp" 2434
"C:/Users/cerve/OneDrive/Documenti/Desktop/Tirocinio/TirocinioBadViceGames/Tirocinio_Giuseppe/Content/Environment/Objects/Chips_Bag/Chips_Bag_002/Chips_Bag_Metallic_002.ubulk" 2435
"C:/Users/cerve/OneDrive/Documenti/Desktop/Tirocinio/TirocinioBadViceGames/Tirocinio_Giuseppe/Content/Environment/Objects/Chips_Bag/Chips_Bag_002/Chips_Bag_Metallic_002.uasset" 2436
"C:/Users/cerve/OneDrive/Documenti/Desktop/Tirocinio/TirocinioBadViceGames/Tirocinio_Giuseppe/Content/Environment/Objects/Chips_Bag/Chips_Bag_002/Chips_Bag_Metallic_002.uexp" 2437
"C:/Users/cerve/OneDrive/Documenti/Desktop/Tirocinio/TirocinioBadViceGames/Tirocinio_Giuseppe/Content/Environment/Objects/Chips_Bag/Chips_Bag_002/Chips_Bag_BaseColor_002.ubulk" 2438
"C:/Users/cerve/OneDrive/Documenti/Desktop/Tirocinio/TirocinioBadViceGames/Tirocinio_Giuseppe/Content/Environment/Objects/Chips_Bag/Chips_Bag_002/Chips_Bag_BaseColor_002.uasset" 2439
"C:/Users/cerve/OneDrive/Documenti/Desktop/Tirocinio/TirocinioBadViceGames/Tirocinio_Giuseppe/Content/Environment/Objects/Chips_Bag/Chips_Bag_002/Chips_Bag_BaseColor_002.uexp" 2440
"C:/Users/cerve/OneDrive/Documenti/Desktop/Tirocinio/TirocinioBadViceGames/Tirocinio_Giuseppe/Content/Environment/Objects/Chips_Bag/Chips_Bag_002/Chips_Bag_AO_002.ubulk" 2441
"C:/Users/cerve/OneDrive/Documenti/Desktop/Tirocinio/TirocinioBadViceGames/Tirocinio_Giuseppe/Content/Environment/Objects/Chips_Bag/Chips_Bag_002/Chips_Bag_AO_002.uasset" 2442
"C:/Users/cerve/OneDrive/Documenti/Desktop/Tirocinio/TirocinioBadViceGames/Tirocinio_Giuseppe/Content/Environment/Objects/Chips_Bag/Chips_Bag_002/Chips_Bag_AO_002.uexp" 2443
"C:/Users/cerve/OneDrive/Documenti/Desktop/Tirocinio/TirocinioBadViceGames/Tirocinio_Giuseppe/Content/Environment/Objects/Chips_Bag/Chips_Bag_002/M_Chips_Bag_002.uasset" 2444
"C:/Users/cerve/OneDrive/Documenti/Desktop/Tirocinio/TirocinioBadViceGames/Tirocinio_Giuseppe/Content/Environment/Objects/Chips_Bag/Chips_Bag_002/M_Chips_Bag_002.uexp" 2445
"C:/Users/cerve/OneDrive/Documenti/Desktop/Tirocinio/TirocinioBadViceGames/Tirocinio_Giuseppe/Content/Environment/Objects/Chips_Bag/Chips_Bag_002/Chips_Bag_002.ubulk" 2446
"C:/Users/cerve/OneDrive/Documenti/Desktop/Tirocinio/TirocinioBadViceGames/Tirocinio_Giuseppe/Content/Environment/Objects/Chips_Bag/Chips_Bag_002/Chips_Bag_002.uasset" 2447
"C:/Users/cerve/OneDrive/Documenti/Desktop/Tirocinio/TirocinioBadViceGames/Tirocinio_Giuseppe/Content/Environment/Objects/Chips_Bag/Chips_Bag_002/Chips_Bag_002.uexp" 2448
"C:/Users/cerve/OneDrive/Documenti/Desktop/Tirocinio/TirocinioBadViceGames/Tirocinio_Giuseppe/Content/Blueprints/Objects/Trash/All_Trash/BP_Chips_Bag/BP_Trash_Chips_Bag_002.uasset" 2449
"C:/Users/cerve/OneDrive/Documenti/Desktop/Tirocinio/TirocinioBadViceGames/Tirocinio_Giuseppe/Content/Blueprints/Objects/Trash/All_Trash/BP_Chips_Bag/BP_Trash_Chips_Bag_002.uexp" 2450
"C:/Users/cerve/OneDrive/Documenti/Desktop/Tirocinio/TirocinioBadViceGames/Tirocinio_Giuseppe/Content/Blueprints/Dialogues/GangMemeber/GangMemeber_NotStarted.uasset" 2451
"C:/Users/cerve/OneDrive/Documenti/Desktop/Tirocinio/TirocinioBadViceGames/Tirocinio_Giuseppe/Content/Blueprints/Dialogues/GangMemeber/GangMemeber_NotStarted.uexp" 2452
"C:/Users/cerve/OneDrive/Documenti/Desktop/Tirocinio/TirocinioBadViceGames/Tirocinio_Giuseppe/Content/Blueprints/Dialogues/GangMemeber/GangMember_Started.uasset" 2453
"C:/Users/cerve/OneDrive/Documenti/Desktop/Tirocinio/TirocinioBadViceGames/Tirocinio_Giuseppe/Content/Blueprints/Dialogues/GangMemeber/GangMember_Started.uexp" 2454
"C:/Users/cerve/OneDrive/Documenti/Desktop/Tirocinio/TirocinioBadViceGames/Tirocinio_Giuseppe/Content/Blueprints/Dialogues/GangMemeber/GangMember_OnGoing.uasset" 2455
"C:/Users/cerve/OneDrive/Documenti/Desktop/Tirocinio/TirocinioBadViceGames/Tirocinio_Giuseppe/Content/Blueprints/Dialogues/GangMemeber/GangMember_OnGoing.uexp" 2456
"C:/Users/cerve/OneDrive/Documenti/Desktop/Tirocinio/TirocinioBadViceGames/Tirocinio_Giuseppe/Content/Blueprints/Dialogues/GangMemeber/GangMember_Finished.uasset" 2457
"C:/Users/cerve/OneDrive/Documenti/Desktop/Tirocinio/TirocinioBadViceGames/Tirocinio_Giuseppe/Content/Blueprints/Dialogues/GangMemeber/GangMember_Finished.uexp" 2458
"C:/Users/cerve/OneDrive/Documenti/Desktop/Tirocinio/TirocinioBadViceGames/Tirocinio_Giuseppe/Content/Blueprints/Dialogues/DrugDealer/DrugDealer_Started.uasset" 2459
"C:/Users/cerve/OneDrive/Documenti/Desktop/Tirocinio/TirocinioBadViceGames/Tirocinio_Giuseppe/Content/Blueprints/Dialogues/DrugDealer/DrugDealer_Started.uexp" 2460
"C:/Users/cerve/OneDrive/Documenti/Desktop/Tirocinio/TirocinioBadViceGames/Tirocinio_Giuseppe/Content/Blueprints/Dialogues/DrugDealer/DrugDealer_OnGoing.uasset" 2461
"C:/Users/cerve/OneDrive/Documenti/Desktop/Tirocinio/TirocinioBadViceGames/Tirocinio_Giuseppe/Content/Blueprints/Dialogues/DrugDealer/DrugDealer_OnGoing.uexp" 2462
"C:/Users/cerve/OneDrive/Documenti/Desktop/Tirocinio/TirocinioBadViceGames/Tirocinio_Giuseppe/Content/Blueprints/Dialogues/DrugDealer/DrugDealer_NotStarted.uasset" 2463
"C:/Users/cerve/OneDrive/Documenti/Desktop/Tirocinio/TirocinioBadViceGames/Tirocinio_Giuseppe/Content/Blueprints/Dialogues/DrugDealer/DrugDealer_NotStarted.uexp" 2464
"C:/Users/cerve/OneDrive/Documenti/Desktop/Tirocinio/TirocinioBadViceGames/Tirocinio_Giuseppe/Content/Blueprints/Dialogues/DrugDealer/DrugDealer_Finished.uasset" 2465
"C:/Users/cerve/OneDrive/Documenti/Desktop/Tirocinio/TirocinioBadViceGames/Tirocinio_Giuseppe/Content/Blueprints/Dialogues/DrugDealer/DrugDealer_Finished.uexp" 2466
"C:/Users/cerve/OneDrive/Documenti/Desktop/Tirocinio/TirocinioBadViceGames/Tirocinio_Giuseppe/Content/Blueprints/Objects/CleanableObjects/BP_BloodStain_002.uasset" 2467
"C:/Users/cerve/OneDrive/Documenti/Desktop/Tirocinio/TirocinioBadViceGames/Tirocinio_Giuseppe/Content/Blueprints/Objects/CleanableObjects/BP_BloodStain_002.uexp" 2468
"C:/Users/cerve/OneDrive/Documenti/Desktop/Tirocinio/TirocinioBadViceGames/Tirocinio_Giuseppe/Content/Blueprints/Objects/CleanableObjects/BP_BloodStain_003.uasset" 2469
"C:/Users/cerve/OneDrive/Documenti/Desktop/Tirocinio/TirocinioBadViceGames/Tirocinio_Giuseppe/Content/Blueprints/Objects/CleanableObjects/BP_BloodStain_003.uexp" 2470
"C:/Users/cerve/OneDrive/Documenti/Desktop/Tirocinio/TirocinioBadViceGames/Tirocinio_Giuseppe/Content/Blueprints/Objects/CleanableObjects/BP_BloodStain_004.uasset" 2471
"C:/Users/cerve/OneDrive/Documenti/Desktop/Tirocinio/TirocinioBadViceGames/Tirocinio_Giuseppe/Content/Blueprints/Objects/CleanableObjects/BP_BloodStain_004.uexp" 2472
"C:/Users/cerve/OneDrive/Documenti/Desktop/Tirocinio/TirocinioBadViceGames/Tirocinio_Giuseppe/Content/Blueprints/Objects/CleanableObjects/BP_EctoplasmStain_002.uasset" 2473
"C:/Users/cerve/OneDrive/Documenti/Desktop/Tirocinio/TirocinioBadViceGames/Tirocinio_Giuseppe/Content/Blueprints/Objects/CleanableObjects/BP_EctoplasmStain_002.uexp" 2474
"C:/Users/cerve/OneDrive/Documenti/Desktop/Tirocinio/TirocinioBadViceGames/Tirocinio_Giuseppe/Content/Blueprints/Objects/CleanableObjects/BP_EctoplasmStain_003.uasset" 2475
"C:/Users/cerve/OneDrive/Documenti/Desktop/Tirocinio/TirocinioBadViceGames/Tirocinio_Giuseppe/Content/Blueprints/Objects/CleanableObjects/BP_EctoplasmStain_003.uexp" 2476
"C:/Users/cerve/OneDrive/Documenti/Desktop/Tirocinio/TirocinioBadViceGames/Tirocinio_Giuseppe/Content/Blueprints/Objects/CleanableObjects/BP_PukeStain_002.uasset" 2477
"C:/Users/cerve/OneDrive/Documenti/Desktop/Tirocinio/TirocinioBadViceGames/Tirocinio_Giuseppe/Content/Blueprints/Objects/CleanableObjects/BP_PukeStain_002.uexp" 2478
"C:/Users/cerve/OneDrive/Documenti/Desktop/Tirocinio/TirocinioBadViceGames/Tirocinio_Giuseppe/Content/Blueprints/Objects/CleanableObjects/BP_PukeStain_003.uasset" 2479
"C:/Users/cerve/OneDrive/Documenti/Desktop/Tirocinio/TirocinioBadViceGames/Tirocinio_Giuseppe/Content/Blueprints/Objects/CleanableObjects/BP_PukeStain_003.uexp" 2480
"C:/Users/cerve/OneDrive/Documenti/Desktop/Tirocinio/TirocinioBadViceGames/Tirocinio_Giuseppe/Content/Environment/Objects/Syringe/Siringa_Roughness.ubulk" 2481
"C:/Users/cerve/OneDrive/Documenti/Desktop/Tirocinio/TirocinioBadViceGames/Tirocinio_Giuseppe/Content/Environment/Objects/Syringe/Siringa_Roughness.uasset" 2482
"C:/Users/cerve/OneDrive/Documenti/Desktop/Tirocinio/TirocinioBadViceGames/Tirocinio_Giuseppe/Content/Environment/Objects/Syringe/Siringa_Roughness.uexp" 2483
"C:/Users/cerve/OneDrive/Documenti/Desktop/Tirocinio/TirocinioBadViceGames/Tirocinio_Giuseppe/Content/Environment/Objects/Syringe/Siringa_Normal_OpenGL.ubulk" 2484
"C:/Users/cerve/OneDrive/Documenti/Desktop/Tirocinio/TirocinioBadViceGames/Tirocinio_Giuseppe/Content/Environment/Objects/Syringe/Siringa_Normal_OpenGL.uasset" 2485
"C:/Users/cerve/OneDrive/Documenti/Desktop/Tirocinio/TirocinioBadViceGames/Tirocinio_Giuseppe/Content/Environment/Objects/Syringe/Siringa_Normal_OpenGL.uexp" 2486
"C:/Users/cerve/OneDrive/Documenti/Desktop/Tirocinio/TirocinioBadViceGames/Tirocinio_Giuseppe/Content/Environment/Objects/Syringe/Siringa_Mixed_AO.ubulk" 2487
"C:/Users/cerve/OneDrive/Documenti/Desktop/Tirocinio/TirocinioBadViceGames/Tirocinio_Giuseppe/Content/Environment/Objects/Syringe/Siringa_Mixed_AO.uasset" 2488
"C:/Users/cerve/OneDrive/Documenti/Desktop/Tirocinio/TirocinioBadViceGames/Tirocinio_Giuseppe/Content/Environment/Objects/Syringe/Siringa_Mixed_AO.uexp" 2489
"C:/Users/cerve/OneDrive/Documenti/Desktop/Tirocinio/TirocinioBadViceGames/Tirocinio_Giuseppe/Content/Environment/Objects/Syringe/Siringa_Metallic.ubulk" 2490
"C:/Users/cerve/OneDrive/Documenti/Desktop/Tirocinio/TirocinioBadViceGames/Tirocinio_Giuseppe/Content/Environment/Objects/Syringe/Siringa_Metallic.uasset" 2491
"C:/Users/cerve/OneDrive/Documenti/Desktop/Tirocinio/TirocinioBadViceGames/Tirocinio_Giuseppe/Content/Environment/Objects/Syringe/Siringa_Metallic.uexp" 2492
"C:/Users/cerve/OneDrive/Documenti/Desktop/Tirocinio/TirocinioBadViceGames/Tirocinio_Giuseppe/Content/Environment/Objects/Syringe/Siringa_Base_color.ubulk" 2493
"C:/Users/cerve/OneDrive/Documenti/Desktop/Tirocinio/TirocinioBadViceGames/Tirocinio_Giuseppe/Content/Environment/Objects/Syringe/Siringa_Base_color.uasset" 2494
"C:/Users/cerve/OneDrive/Documenti/Desktop/Tirocinio/TirocinioBadViceGames/Tirocinio_Giuseppe/Content/Environment/Objects/Syringe/Siringa_Base_color.uexp" 2495
"C:/Users/cerve/OneDrive/Documenti/Desktop/Tirocinio/TirocinioBadViceGames/Tirocinio_Giuseppe/Content/Environment/Objects/Syringe/M_Syringe.uasset" 2496
"C:/Users/cerve/OneDrive/Documenti/Desktop/Tirocinio/TirocinioBadViceGames/Tirocinio_Giuseppe/Content/Environment/Objects/Syringe/M_Syringe.uexp" 2497
"C:/Users/cerve/OneDrive/Documenti/Desktop/Tirocinio/TirocinioBadViceGames/Tirocinio_Giuseppe/Content/Environment/Objects/Syringe/Siringa.ubulk" 2498
"C:/Users/cerve/OneDrive/Documenti/Desktop/Tirocinio/TirocinioBadViceGames/Tirocinio_Giuseppe/Content/Environment/Objects/Syringe/Siringa.uasset" 2499
"C:/Users/cerve/OneDrive/Documenti/Desktop/Tirocinio/TirocinioBadViceGames/Tirocinio_Giuseppe/Content/Environment/Objects/Syringe/Siringa.uexp" 2500
"C:/Users/cerve/OneDrive/Documenti/Desktop/Tirocinio/TirocinioBadViceGames/Tirocinio_Giuseppe/Content/Blueprints/Objects/Quest/BP_DrugDealer_QuestObject.uasset" 2501
"C:/Users/cerve/OneDrive/Documenti/Desktop/Tirocinio/TirocinioBadViceGames/Tirocinio_Giuseppe/Content/Blueprints/Objects/Quest/BP_DrugDealer_QuestObject.uexp" 2502
"C:/Users/cerve/OneDrive/Documenti/Desktop/Tirocinio/TirocinioBadViceGames/Tirocinio_Giuseppe/Content/Environment/Objects/Knife/T_Knife_Roughness_Type_001.ubulk" 2503
"C:/Users/cerve/OneDrive/Documenti/Desktop/Tirocinio/TirocinioBadViceGames/Tirocinio_Giuseppe/Content/Environment/Objects/Knife/T_Knife_Roughness_Type_001.uasset" 2504
"C:/Users/cerve/OneDrive/Documenti/Desktop/Tirocinio/TirocinioBadViceGames/Tirocinio_Giuseppe/Content/Environment/Objects/Knife/T_Knife_Roughness_Type_001.uexp" 2505
"C:/Users/cerve/OneDrive/Documenti/Desktop/Tirocinio/TirocinioBadViceGames/Tirocinio_Giuseppe/Content/Environment/Objects/Knife/T_Knife_Normal_Type_001.ubulk" 2506
"C:/Users/cerve/OneDrive/Documenti/Desktop/Tirocinio/TirocinioBadViceGames/Tirocinio_Giuseppe/Content/Environment/Objects/Knife/T_Knife_Normal_Type_001.uasset" 2507
"C:/Users/cerve/OneDrive/Documenti/Desktop/Tirocinio/TirocinioBadViceGames/Tirocinio_Giuseppe/Content/Environment/Objects/Knife/T_Knife_Normal_Type_001.uexp" 2508
"C:/Users/cerve/OneDrive/Documenti/Desktop/Tirocinio/TirocinioBadViceGames/Tirocinio_Giuseppe/Content/Environment/Objects/Knife/T_Knife_Metallic_Type_001.ubulk" 2509
"C:/Users/cerve/OneDrive/Documenti/Desktop/Tirocinio/TirocinioBadViceGames/Tirocinio_Giuseppe/Content/Environment/Objects/Knife/T_Knife_Metallic_Type_001.uasset" 2510
"C:/Users/cerve/OneDrive/Documenti/Desktop/Tirocinio/TirocinioBadViceGames/Tirocinio_Giuseppe/Content/Environment/Objects/Knife/T_Knife_Metallic_Type_001.uexp" 2511
"C:/Users/cerve/OneDrive/Documenti/Desktop/Tirocinio/TirocinioBadViceGames/Tirocinio_Giuseppe/Content/Environment/Objects/Knife/T_Knife_BaseColor_Type_001.ubulk" 2512
"C:/Users/cerve/OneDrive/Documenti/Desktop/Tirocinio/TirocinioBadViceGames/Tirocinio_Giuseppe/Content/Environment/Objects/Knife/T_Knife_BaseColor_Type_001.uasset" 2513
"C:/Users/cerve/OneDrive/Documenti/Desktop/Tirocinio/TirocinioBadViceGames/Tirocinio_Giuseppe/Content/Environment/Objects/Knife/T_Knife_BaseColor_Type_001.uexp" 2514
"C:/Users/cerve/OneDrive/Documenti/Desktop/Tirocinio/TirocinioBadViceGames/Tirocinio_Giuseppe/Content/Environment/Objects/Knife/T_Knife_AO_Type_001.ubulk" 2515
"C:/Users/cerve/OneDrive/Documenti/Desktop/Tirocinio/TirocinioBadViceGames/Tirocinio_Giuseppe/Content/Environment/Objects/Knife/T_Knife_AO_Type_001.uasset" 2516
"C:/Users/cerve/OneDrive/Documenti/Desktop/Tirocinio/TirocinioBadViceGames/Tirocinio_Giuseppe/Content/Environment/Objects/Knife/T_Knife_AO_Type_001.uexp" 2517
"C:/Users/cerve/OneDrive/Documenti/Desktop/Tirocinio/TirocinioBadViceGames/Tirocinio_Giuseppe/Content/Environment/Objects/Knife/M_Knife.uasset" 2518
"C:/Users/cerve/OneDrive/Documenti/Desktop/Tirocinio/TirocinioBadViceGames/Tirocinio_Giuseppe/Content/Environment/Objects/Knife/M_Knife.uexp" 2519
"C:/Users/cerve/OneDrive/Documenti/Desktop/Tirocinio/TirocinioBadViceGames/Tirocinio_Giuseppe/Content/Environment/Objects/Knife/MafiaRoom_Knife_Type_001.ubulk" 2520
"C:/Users/cerve/OneDrive/Documenti/Desktop/Tirocinio/TirocinioBadViceGames/Tirocinio_Giuseppe/Content/Environment/Objects/Knife/MafiaRoom_Knife_Type_001.uasset" 2521
"C:/Users/cerve/OneDrive/Documenti/Desktop/Tirocinio/TirocinioBadViceGames/Tirocinio_Giuseppe/Content/Environment/Objects/Knife/MafiaRoom_Knife_Type_001.uexp" 2522
"C:/Users/cerve/OneDrive/Documenti/Desktop/Tirocinio/TirocinioBadViceGames/Tirocinio_Giuseppe/Content/Blueprints/Objects/Quest/BP_GangMember_QuestObject.uasset" 2523
"C:/Users/cerve/OneDrive/Documenti/Desktop/Tirocinio/TirocinioBadViceGames/Tirocinio_Giuseppe/Content/Blueprints/Objects/Quest/BP_GangMember_QuestObject.uexp" 2524
"C:/Users/cerve/OneDrive/Documenti/Desktop/Tirocinio/TirocinioBadViceGames/Tirocinio_Giuseppe/Content/Environment/Objects/Bong/Bong_Roughness.ubulk" 2525
"C:/Users/cerve/OneDrive/Documenti/Desktop/Tirocinio/TirocinioBadViceGames/Tirocinio_Giuseppe/Content/Environment/Objects/Bong/Bong_Roughness.uasset" 2526
"C:/Users/cerve/OneDrive/Documenti/Desktop/Tirocinio/TirocinioBadViceGames/Tirocinio_Giuseppe/Content/Environment/Objects/Bong/Bong_Roughness.uexp" 2527
"C:/Users/cerve/OneDrive/Documenti/Desktop/Tirocinio/TirocinioBadViceGames/Tirocinio_Giuseppe/Content/Environment/Objects/Bong/Bong_Base_color.ubulk" 2528
"C:/Users/cerve/OneDrive/Documenti/Desktop/Tirocinio/TirocinioBadViceGames/Tirocinio_Giuseppe/Content/Environment/Objects/Bong/Bong_Base_color.uasset" 2529
"C:/Users/cerve/OneDrive/Documenti/Desktop/Tirocinio/TirocinioBadViceGames/Tirocinio_Giuseppe/Content/Environment/Objects/Bong/Bong_Base_color.uexp" 2530
"C:/Users/cerve/OneDrive/Documenti/Desktop/Tirocinio/TirocinioBadViceGames/Tirocinio_Giuseppe/Content/Environment/Objects/Bong/Bong_Metallic.ubulk" 2531
"C:/Users/cerve/OneDrive/Documenti/Desktop/Tirocinio/TirocinioBadViceGames/Tirocinio_Giuseppe/Content/Environment/Objects/Bong/Bong_Metallic.uasset" 2532
"C:/Users/cerve/OneDrive/Documenti/Desktop/Tirocinio/TirocinioBadViceGames/Tirocinio_Giuseppe/Content/Environment/Objects/Bong/Bong_Metallic.uexp" 2533
"C:/Users/cerve/OneDrive/Documenti/Desktop/Tirocinio/TirocinioBadViceGames/Tirocinio_Giuseppe/Content/Environment/Objects/Bong/Bong_Mixed_AO.ubulk" 2534
"C:/Users/cerve/OneDrive/Documenti/Desktop/Tirocinio/TirocinioBadViceGames/Tirocinio_Giuseppe/Content/Environment/Objects/Bong/Bong_Mixed_AO.uasset" 2535
"C:/Users/cerve/OneDrive/Documenti/Desktop/Tirocinio/TirocinioBadViceGames/Tirocinio_Giuseppe/Content/Environment/Objects/Bong/Bong_Mixed_AO.uexp" 2536
"C:/Users/cerve/OneDrive/Documenti/Desktop/Tirocinio/TirocinioBadViceGames/Tirocinio_Giuseppe/Content/Environment/Objects/Bong/Bong_Normal_OpenGL.ubulk" 2537
"C:/Users/cerve/OneDrive/Documenti/Desktop/Tirocinio/TirocinioBadViceGames/Tirocinio_Giuseppe/Content/Environment/Objects/Bong/Bong_Normal_OpenGL.uasset" 2538
"C:/Users/cerve/OneDrive/Documenti/Desktop/Tirocinio/TirocinioBadViceGames/Tirocinio_Giuseppe/Content/Environment/Objects/Bong/Bong_Normal_OpenGL.uexp" 2539
"C:/Users/cerve/OneDrive/Documenti/Desktop/Tirocinio/TirocinioBadViceGames/Tirocinio_Giuseppe/Content/Environment/Objects/Bong/M_Bong.uasset" 2540
"C:/Users/cerve/OneDrive/Documenti/Desktop/Tirocinio/TirocinioBadViceGames/Tirocinio_Giuseppe/Content/Environment/Objects/Bong/M_Bong.uexp" 2541
"C:/Users/cerve/OneDrive/Documenti/Desktop/Tirocinio/TirocinioBadViceGames/Tirocinio_Giuseppe/Content/Environment/Objects/Bong/Bong.ubulk" 2542
"C:/Users/cerve/OneDrive/Documenti/Desktop/Tirocinio/TirocinioBadViceGames/Tirocinio_Giuseppe/Content/Environment/Objects/Bong/Bong.uasset" 2543
"C:/Users/cerve/OneDrive/Documenti/Desktop/Tirocinio/TirocinioBadViceGames/Tirocinio_Giuseppe/Content/Environment/Objects/Bong/Bong.uexp" 2544
"C:/Users/cerve/OneDrive/Documenti/Desktop/Tirocinio/TirocinioBadViceGames/Tirocinio_Giuseppe/Content/Blueprints/Objects/Trash/All_Trash/BP_Bong.uasset" 2545
"C:/Users/cerve/OneDrive/Documenti/Desktop/Tirocinio/TirocinioBadViceGames/Tirocinio_Giuseppe/Content/Blueprints/Objects/Trash/All_Trash/BP_Bong.uexp" 2546
"C:/Users/cerve/OneDrive/Documenti/Desktop/Tirocinio/TirocinioBadViceGames/Tirocinio_Giuseppe/Content/Environment/Objects/Cigar/Sigaro_Roughness.ubulk" 2547
"C:/Users/cerve/OneDrive/Documenti/Desktop/Tirocinio/TirocinioBadViceGames/Tirocinio_Giuseppe/Content/Environment/Objects/Cigar/Sigaro_Roughness.uasset" 2548
"C:/Users/cerve/OneDrive/Documenti/Desktop/Tirocinio/TirocinioBadViceGames/Tirocinio_Giuseppe/Content/Environment/Objects/Cigar/Sigaro_Roughness.uexp" 2549
"C:/Users/cerve/OneDrive/Documenti/Desktop/Tirocinio/TirocinioBadViceGames/Tirocinio_Giuseppe/Content/Environment/Objects/Cigar/Sigaro_Normal_OpenGL.ubulk" 2550
"C:/Users/cerve/OneDrive/Documenti/Desktop/Tirocinio/TirocinioBadViceGames/Tirocinio_Giuseppe/Content/Environment/Objects/Cigar/Sigaro_Normal_OpenGL.uasset" 2551
"C:/Users/cerve/OneDrive/Documenti/Desktop/Tirocinio/TirocinioBadViceGames/Tirocinio_Giuseppe/Content/Environment/Objects/Cigar/Sigaro_Normal_OpenGL.uexp" 2552
"C:/Users/cerve/OneDrive/Documenti/Desktop/Tirocinio/TirocinioBadViceGames/Tirocinio_Giuseppe/Content/Environment/Objects/Cigar/Sigaro_Mixed_AO.ubulk" 2553
"C:/Users/cerve/OneDrive/Documenti/Desktop/Tirocinio/TirocinioBadViceGames/Tirocinio_Giuseppe/Content/Environment/Objects/Cigar/Sigaro_Mixed_AO.uasset" 2554
"C:/Users/cerve/OneDrive/Documenti/Desktop/Tirocinio/TirocinioBadViceGames/Tirocinio_Giuseppe/Content/Environment/Objects/Cigar/Sigaro_Mixed_AO.uexp" 2555
"C:/Users/cerve/OneDrive/Documenti/Desktop/Tirocinio/TirocinioBadViceGames/Tirocinio_Giuseppe/Content/Environment/Objects/Cigar/Sigaro_Metallic.ubulk" 2556
"C:/Users/cerve/OneDrive/Documenti/Desktop/Tirocinio/TirocinioBadViceGames/Tirocinio_Giuseppe/Content/Environment/Objects/Cigar/Sigaro_Metallic.uasset" 2557
"C:/Users/cerve/OneDrive/Documenti/Desktop/Tirocinio/TirocinioBadViceGames/Tirocinio_Giuseppe/Content/Environment/Objects/Cigar/Sigaro_Metallic.uexp" 2558
"C:/Users/cerve/OneDrive/Documenti/Desktop/Tirocinio/TirocinioBadViceGames/Tirocinio_Giuseppe/Content/Environment/Objects/Cigar/Sigaro_Base_color.ubulk" 2559
"C:/Users/cerve/OneDrive/Documenti/Desktop/Tirocinio/TirocinioBadViceGames/Tirocinio_Giuseppe/Content/Environment/Objects/Cigar/Sigaro_Base_color.uasset" 2560
"C:/Users/cerve/OneDrive/Documenti/Desktop/Tirocinio/TirocinioBadViceGames/Tirocinio_Giuseppe/Content/Environment/Objects/Cigar/Sigaro_Base_color.uexp" 2561
"C:/Users/cerve/OneDrive/Documenti/Desktop/Tirocinio/TirocinioBadViceGames/Tirocinio_Giuseppe/Content/Environment/Objects/Cigar/M_Cigar.uasset" 2562
"C:/Users/cerve/OneDrive/Documenti/Desktop/Tirocinio/TirocinioBadViceGames/Tirocinio_Giuseppe/Content/Environment/Objects/Cigar/M_Cigar.uexp" 2563
"C:/Users/cerve/OneDrive/Documenti/Desktop/Tirocinio/TirocinioBadViceGames/Tirocinio_Giuseppe/Content/Environment/Objects/Cigar/Cigar.ubulk" 2564
"C:/Users/cerve/OneDrive/Documenti/Desktop/Tirocinio/TirocinioBadViceGames/Tirocinio_Giuseppe/Content/Environment/Objects/Cigar/Cigar.uasset" 2565
"C:/Users/cerve/OneDrive/Documenti/Desktop/Tirocinio/TirocinioBadViceGames/Tirocinio_Giuseppe/Content/Environment/Objects/Cigar/Cigar.uexp" 2566
"C:/Users/cerve/OneDrive/Documenti/Desktop/Tirocinio/TirocinioBadViceGames/Tirocinio_Giuseppe/Content/Blueprints/Objects/Trash/All_Trash/BP_Cigar.uasset" 2567
"C:/Users/cerve/OneDrive/Documenti/Desktop/Tirocinio/TirocinioBadViceGames/Tirocinio_Giuseppe/Content/Blueprints/Objects/Trash/All_Trash/BP_Cigar.uexp" 2568
"C:/Users/cerve/OneDrive/Documenti/Desktop/Tirocinio/TirocinioBadViceGames/Tirocinio_Giuseppe/Content/Environment/Objects/Drug/Busta_Droga_Roughness.ubulk" 2569
"C:/Users/cerve/OneDrive/Documenti/Desktop/Tirocinio/TirocinioBadViceGames/Tirocinio_Giuseppe/Content/Environment/Objects/Drug/Busta_Droga_Roughness.uasset" 2570
"C:/Users/cerve/OneDrive/Documenti/Desktop/Tirocinio/TirocinioBadViceGames/Tirocinio_Giuseppe/Content/Environment/Objects/Drug/Busta_Droga_Roughness.uexp" 2571
"C:/Users/cerve/OneDrive/Documenti/Desktop/Tirocinio/TirocinioBadViceGames/Tirocinio_Giuseppe/Content/Environment/Objects/Drug/Busta_Droga_Normal_OpenGL.ubulk" 2572
"C:/Users/cerve/OneDrive/Documenti/Desktop/Tirocinio/TirocinioBadViceGames/Tirocinio_Giuseppe/Content/Environment/Objects/Drug/Busta_Droga_Normal_OpenGL.uasset" 2573
"C:/Users/cerve/OneDrive/Documenti/Desktop/Tirocinio/TirocinioBadViceGames/Tirocinio_Giuseppe/Content/Environment/Objects/Drug/Busta_Droga_Normal_OpenGL.uexp" 2574
"C:/Users/cerve/OneDrive/Documenti/Desktop/Tirocinio/TirocinioBadViceGames/Tirocinio_Giuseppe/Content/Environment/Objects/Drug/Busta_Droga_Base_color.ubulk" 2575
"C:/Users/cerve/OneDrive/Documenti/Desktop/Tirocinio/TirocinioBadViceGames/Tirocinio_Giuseppe/Content/Environment/Objects/Drug/Busta_Droga_Base_color.uasset" 2576
"C:/Users/cerve/OneDrive/Documenti/Desktop/Tirocinio/TirocinioBadViceGames/Tirocinio_Giuseppe/Content/Environment/Objects/Drug/Busta_Droga_Base_color.uexp" 2577
"C:/Users/cerve/OneDrive/Documenti/Desktop/Tirocinio/TirocinioBadViceGames/Tirocinio_Giuseppe/Content/Environment/Objects/Drug/Busta_Droga_AO.ubulk" 2578
"C:/Users/cerve/OneDrive/Documenti/Desktop/Tirocinio/TirocinioBadViceGames/Tirocinio_Giuseppe/Content/Environment/Objects/Drug/Busta_Droga_AO.uasset" 2579
"C:/Users/cerve/OneDrive/Documenti/Desktop/Tirocinio/TirocinioBadViceGames/Tirocinio_Giuseppe/Content/Environment/Objects/Drug/Busta_Droga_AO.uexp" 2580
"C:/Users/cerve/OneDrive/Documenti/Desktop/Tirocinio/TirocinioBadViceGames/Tirocinio_Giuseppe/Content/Environment/Objects/Drug/M_Drug.uasset" 2581
"C:/Users/cerve/OneDrive/Documenti/Desktop/Tirocinio/TirocinioBadViceGames/Tirocinio_Giuseppe/Content/Environment/Objects/Drug/M_Drug.uexp" 2582
"C:/Users/cerve/OneDrive/Documenti/Desktop/Tirocinio/TirocinioBadViceGames/Tirocinio_Giuseppe/Content/Environment/Objects/Drug/Drug.ubulk" 2583
"C:/Users/cerve/OneDrive/Documenti/Desktop/Tirocinio/TirocinioBadViceGames/Tirocinio_Giuseppe/Content/Environment/Objects/Drug/Drug.uasset" 2584
"C:/Users/cerve/OneDrive/Documenti/Desktop/Tirocinio/TirocinioBadViceGames/Tirocinio_Giuseppe/Content/Environment/Objects/Drug/Drug.uexp" 2585
"C:/Users/cerve/OneDrive/Documenti/Desktop/Tirocinio/TirocinioBadViceGames/Tirocinio_Giuseppe/Content/Blueprints/Objects/Trash/All_Trash/BP_Drug.uasset" 2586
"C:/Users/cerve/OneDrive/Documenti/Desktop/Tirocinio/TirocinioBadViceGames/Tirocinio_Giuseppe/Content/Blueprints/Objects/Trash/All_Trash/BP_Drug.uexp" 2587
"C:/Users/cerve/OneDrive/Documenti/Desktop/Tirocinio/TirocinioBadViceGames/Tirocinio_Giuseppe/Content/Environment/Objects/PetrolCan/Tanica_Roughness.ubulk" 2588
"C:/Users/cerve/OneDrive/Documenti/Desktop/Tirocinio/TirocinioBadViceGames/Tirocinio_Giuseppe/Content/Environment/Objects/PetrolCan/Tanica_Roughness.uasset" 2589
"C:/Users/cerve/OneDrive/Documenti/Desktop/Tirocinio/TirocinioBadViceGames/Tirocinio_Giuseppe/Content/Environment/Objects/PetrolCan/Tanica_Roughness.uexp" 2590
"C:/Users/cerve/OneDrive/Documenti/Desktop/Tirocinio/TirocinioBadViceGames/Tirocinio_Giuseppe/Content/Environment/Objects/PetrolCan/Tanica_Normal_OpenGL.ubulk" 2591
"C:/Users/cerve/OneDrive/Documenti/Desktop/Tirocinio/TirocinioBadViceGames/Tirocinio_Giuseppe/Content/Environment/Objects/PetrolCan/Tanica_Normal_OpenGL.uasset" 2592
"C:/Users/cerve/OneDrive/Documenti/Desktop/Tirocinio/TirocinioBadViceGames/Tirocinio_Giuseppe/Content/Environment/Objects/PetrolCan/Tanica_Normal_OpenGL.uexp" 2593
"C:/Users/cerve/OneDrive/Documenti/Desktop/Tirocinio/TirocinioBadViceGames/Tirocinio_Giuseppe/Content/Environment/Objects/PetrolCan/Tanica_Mixed_AO.ubulk" 2594
"C:/Users/cerve/OneDrive/Documenti/Desktop/Tirocinio/TirocinioBadViceGames/Tirocinio_Giuseppe/Content/Environment/Objects/PetrolCan/Tanica_Mixed_AO.uasset" 2595
"C:/Users/cerve/OneDrive/Documenti/Desktop/Tirocinio/TirocinioBadViceGames/Tirocinio_Giuseppe/Content/Environment/Objects/PetrolCan/Tanica_Mixed_AO.uexp" 2596
"C:/Users/cerve/OneDrive/Documenti/Desktop/Tirocinio/TirocinioBadViceGames/Tirocinio_Giuseppe/Content/Environment/Objects/PetrolCan/Tanica_Metallic.ubulk" 2597
"C:/Users/cerve/OneDrive/Documenti/Desktop/Tirocinio/TirocinioBadViceGames/Tirocinio_Giuseppe/Content/Environment/Objects/PetrolCan/Tanica_Metallic.uasset" 2598
"C:/Users/cerve/OneDrive/Documenti/Desktop/Tirocinio/TirocinioBadViceGames/Tirocinio_Giuseppe/Content/Environment/Objects/PetrolCan/Tanica_Metallic.uexp" 2599
"C:/Users/cerve/OneDrive/Documenti/Desktop/Tirocinio/TirocinioBadViceGames/Tirocinio_Giuseppe/Content/Environment/Objects/PetrolCan/Tanica_Base_color.ubulk" 2600
"C:/Users/cerve/OneDrive/Documenti/Desktop/Tirocinio/TirocinioBadViceGames/Tirocinio_Giuseppe/Content/Environment/Objects/PetrolCan/Tanica_Base_color.uasset" 2601
"C:/Users/cerve/OneDrive/Documenti/Desktop/Tirocinio/TirocinioBadViceGames/Tirocinio_Giuseppe/Content/Environment/Objects/PetrolCan/Tanica_Base_color.uexp" 2602
"C:/Users/cerve/OneDrive/Documenti/Desktop/Tirocinio/TirocinioBadViceGames/Tirocinio_Giuseppe/Content/Environment/Objects/PetrolCan/M_PetrolCan.uasset" 2603
"C:/Users/cerve/OneDrive/Documenti/Desktop/Tirocinio/TirocinioBadViceGames/Tirocinio_Giuseppe/Content/Environment/Objects/PetrolCan/M_PetrolCan.uexp" 2604
"C:/Users/cerve/OneDrive/Documenti/Desktop/Tirocinio/TirocinioBadViceGames/Tirocinio_Giuseppe/Content/Environment/Objects/PetrolCan/Tanica_di_benzina.ubulk" 2605
"C:/Users/cerve/OneDrive/Documenti/Desktop/Tirocinio/TirocinioBadViceGames/Tirocinio_Giuseppe/Content/Environment/Objects/PetrolCan/Tanica_di_benzina.uasset" 2606
"C:/Users/cerve/OneDrive/Documenti/Desktop/Tirocinio/TirocinioBadViceGames/Tirocinio_Giuseppe/Content/Environment/Objects/PetrolCan/Tanica_di_benzina.uexp" 2607
"C:/Users/cerve/OneDrive/Documenti/Desktop/Tirocinio/TirocinioBadViceGames/Tirocinio_Giuseppe/Content/Blueprints/Objects/Trash/All_Trash/BP_PetrolCan.uasset" 2608
"C:/Users/cerve/OneDrive/Documenti/Desktop/Tirocinio/TirocinioBadViceGames/Tirocinio_Giuseppe/Content/Blueprints/Objects/Trash/All_Trash/BP_PetrolCan.uexp" 2609
"C:/Users/cerve/OneDrive/Documenti/Desktop/Tirocinio/TirocinioBadViceGames/Tirocinio_Giuseppe/Content/Environment/Objects/Shovel/Pala_Roughness.ubulk" 2610
"C:/Users/cerve/OneDrive/Documenti/Desktop/Tirocinio/TirocinioBadViceGames/Tirocinio_Giuseppe/Content/Environment/Objects/Shovel/Pala_Roughness.uasset" 2611
"C:/Users/cerve/OneDrive/Documenti/Desktop/Tirocinio/TirocinioBadViceGames/Tirocinio_Giuseppe/Content/Environment/Objects/Shovel/Pala_Roughness.uexp" 2612
"C:/Users/cerve/OneDrive/Documenti/Desktop/Tirocinio/TirocinioBadViceGames/Tirocinio_Giuseppe/Content/Environment/Objects/Shovel/Pala_Normal_OpenGL.ubulk" 2613
"C:/Users/cerve/OneDrive/Documenti/Desktop/Tirocinio/TirocinioBadViceGames/Tirocinio_Giuseppe/Content/Environment/Objects/Shovel/Pala_Normal_OpenGL.uasset" 2614
"C:/Users/cerve/OneDrive/Documenti/Desktop/Tirocinio/TirocinioBadViceGames/Tirocinio_Giuseppe/Content/Environment/Objects/Shovel/Pala_Normal_OpenGL.uexp" 2615
"C:/Users/cerve/OneDrive/Documenti/Desktop/Tirocinio/TirocinioBadViceGames/Tirocinio_Giuseppe/Content/Environment/Objects/Shovel/Pala_Mixed_AO.ubulk" 2616
"C:/Users/cerve/OneDrive/Documenti/Desktop/Tirocinio/TirocinioBadViceGames/Tirocinio_Giuseppe/Content/Environment/Objects/Shovel/Pala_Mixed_AO.uasset" 2617
"C:/Users/cerve/OneDrive/Documenti/Desktop/Tirocinio/TirocinioBadViceGames/Tirocinio_Giuseppe/Content/Environment/Objects/Shovel/Pala_Mixed_AO.uexp" 2618
"C:/Users/cerve/OneDrive/Documenti/Desktop/Tirocinio/TirocinioBadViceGames/Tirocinio_Giuseppe/Content/Environment/Objects/Shovel/Pala_Metallic.ubulk" 2619
"C:/Users/cerve/OneDrive/Documenti/Desktop/Tirocinio/TirocinioBadViceGames/Tirocinio_Giuseppe/Content/Environment/Objects/Shovel/Pala_Metallic.uasset" 2620
"C:/Users/cerve/OneDrive/Documenti/Desktop/Tirocinio/TirocinioBadViceGames/Tirocinio_Giuseppe/Content/Environment/Objects/Shovel/Pala_Metallic.uexp" 2621
"C:/Users/cerve/OneDrive/Documenti/Desktop/Tirocinio/TirocinioBadViceGames/Tirocinio_Giuseppe/Content/Environment/Objects/Shovel/Pala_Base_color.ubulk" 2622
"C:/Users/cerve/OneDrive/Documenti/Desktop/Tirocinio/TirocinioBadViceGames/Tirocinio_Giuseppe/Content/Environment/Objects/Shovel/Pala_Base_color.uasset" 2623
"C:/Users/cerve/OneDrive/Documenti/Desktop/Tirocinio/TirocinioBadViceGames/Tirocinio_Giuseppe/Content/Environment/Objects/Shovel/Pala_Base_color.uexp" 2624
"C:/Users/cerve/OneDrive/Documenti/Desktop/Tirocinio/TirocinioBadViceGames/Tirocinio_Giuseppe/Content/Environment/Objects/Shovel/M_Shovel.uasset" 2625
"C:/Users/cerve/OneDrive/Documenti/Desktop/Tirocinio/TirocinioBadViceGames/Tirocinio_Giuseppe/Content/Environment/Objects/Shovel/M_Shovel.uexp" 2626
"C:/Users/cerve/OneDrive/Documenti/Desktop/Tirocinio/TirocinioBadViceGames/Tirocinio_Giuseppe/Content/Environment/Objects/Shovel/pala.ubulk" 2627
"C:/Users/cerve/OneDrive/Documenti/Desktop/Tirocinio/TirocinioBadViceGames/Tirocinio_Giuseppe/Content/Environment/Objects/Shovel/pala.uasset" 2628
"C:/Users/cerve/OneDrive/Documenti/Desktop/Tirocinio/TirocinioBadViceGames/Tirocinio_Giuseppe/Content/Environment/Objects/Shovel/pala.uexp" 2629
"C:/Users/cerve/OneDrive/Documenti/Desktop/Tirocinio/TirocinioBadViceGames/Tirocinio_Giuseppe/Content/Blueprints/Objects/Trash/All_Trash/BP_Shovel.uasset" 2630
"C:/Users/cerve/OneDrive/Documenti/Desktop/Tirocinio/TirocinioBadViceGames/Tirocinio_Giuseppe/Content/Blueprints/Objects/Trash/All_Trash/BP_Shovel.uexp" 2631
"C:/Users/cerve/OneDrive/Documenti/Desktop/Tirocinio/TirocinioBadViceGames/Tirocinio_Giuseppe/Content/Blueprints/Objects/Trash/All_Trash/BP_Syringe.uasset" 2632
"C:/Users/cerve/OneDrive/Documenti/Desktop/Tirocinio/TirocinioBadViceGames/Tirocinio_Giuseppe/Content/Blueprints/Objects/Trash/All_Trash/BP_Syringe.uexp" 2633
"C:/Users/cerve/OneDrive/Documenti/Desktop/Tirocinio/TirocinioBadViceGames/Tirocinio_Giuseppe/Content/Environment/Hallway/Floor/Wood_ParquetChevron_BC.ubulk" 2634
"C:/Users/cerve/OneDrive/Documenti/Desktop/Tirocinio/TirocinioBadViceGames/Tirocinio_Giuseppe/Content/Environment/Hallway/Floor/Wood_ParquetChevron_BC.uasset" 2635
"C:/Users/cerve/OneDrive/Documenti/Desktop/Tirocinio/TirocinioBadViceGames/Tirocinio_Giuseppe/Content/Environment/Hallway/Floor/Wood_ParquetChevron_BC.uexp" 2636
"C:/Users/cerve/OneDrive/Documenti/Desktop/Tirocinio/TirocinioBadViceGames/Tirocinio_Giuseppe/Content/Environment/Hallway/Floor/Wood_ParquetChevron_AO.uasset" 2637
"C:/Users/cerve/OneDrive/Documenti/Desktop/Tirocinio/TirocinioBadViceGames/Tirocinio_Giuseppe/Content/Environment/Hallway/Floor/Wood_ParquetChevron_AO.uexp" 2638
"C:/Users/cerve/OneDrive/Documenti/Desktop/Tirocinio/TirocinioBadViceGames/Tirocinio_Giuseppe/Content/Environment/Hallway/Floor/M_Floor.uasset" 2639
"C:/Users/cerve/OneDrive/Documenti/Desktop/Tirocinio/TirocinioBadViceGames/Tirocinio_Giuseppe/Content/Environment/Hallway/Floor/M_Floor.uexp" 2640
"C:/Users/cerve/OneDrive/Documenti/Desktop/Tirocinio/TirocinioBadViceGames/Tirocinio_Giuseppe/Content/Environment/Hallway/Floor/Pavimenti.ubulk" 2641
"C:/Users/cerve/OneDrive/Documenti/Desktop/Tirocinio/TirocinioBadViceGames/Tirocinio_Giuseppe/Content/Environment/Hallway/Floor/Pavimenti.uasset" 2642
"C:/Users/cerve/OneDrive/Documenti/Desktop/Tirocinio/TirocinioBadViceGames/Tirocinio_Giuseppe/Content/Environment/Hallway/Floor/Pavimenti.uexp" 2643
"C:/Users/cerve/OneDrive/Documenti/Desktop/Tirocinio/TirocinioBadViceGames/Tirocinio_Giuseppe/Content/Environment/Objects/Books/T_Books_Roughness_Type_001.ubulk" 2644
"C:/Users/cerve/OneDrive/Documenti/Desktop/Tirocinio/TirocinioBadViceGames/Tirocinio_Giuseppe/Content/Environment/Objects/Books/T_Books_Roughness_Type_001.uasset" 2645
"C:/Users/cerve/OneDrive/Documenti/Desktop/Tirocinio/TirocinioBadViceGames/Tirocinio_Giuseppe/Content/Environment/Objects/Books/T_Books_Roughness_Type_001.uexp" 2646
"C:/Users/cerve/OneDrive/Documenti/Desktop/Tirocinio/TirocinioBadViceGames/Tirocinio_Giuseppe/Content/Environment/Objects/Books/T_Books_Normal_Type_001.ubulk" 2647
"C:/Users/cerve/OneDrive/Documenti/Desktop/Tirocinio/TirocinioBadViceGames/Tirocinio_Giuseppe/Content/Environment/Objects/Books/T_Books_Normal_Type_001.uasset" 2648
"C:/Users/cerve/OneDrive/Documenti/Desktop/Tirocinio/TirocinioBadViceGames/Tirocinio_Giuseppe/Content/Environment/Objects/Books/T_Books_Normal_Type_001.uexp" 2649
"C:/Users/cerve/OneDrive/Documenti/Desktop/Tirocinio/TirocinioBadViceGames/Tirocinio_Giuseppe/Content/Environment/Objects/Books/T_Books_BaseColor_Type_001.ubulk" 2650
"C:/Users/cerve/OneDrive/Documenti/Desktop/Tirocinio/TirocinioBadViceGames/Tirocinio_Giuseppe/Content/Environment/Objects/Books/T_Books_BaseColor_Type_001.uasset" 2651
"C:/Users/cerve/OneDrive/Documenti/Desktop/Tirocinio/TirocinioBadViceGames/Tirocinio_Giuseppe/Content/Environment/Objects/Books/T_Books_BaseColor_Type_001.uexp" 2652
"C:/Users/cerve/OneDrive/Documenti/Desktop/Tirocinio/TirocinioBadViceGames/Tirocinio_Giuseppe/Content/Environment/Objects/Books/T_Books_AO_Type_001.ubulk" 2653
"C:/Users/cerve/OneDrive/Documenti/Desktop/Tirocinio/TirocinioBadViceGames/Tirocinio_Giuseppe/Content/Environment/Objects/Books/T_Books_AO_Type_001.uasset" 2654
"C:/Users/cerve/OneDrive/Documenti/Desktop/Tirocinio/TirocinioBadViceGames/Tirocinio_Giuseppe/Content/Environment/Objects/Books/T_Books_AO_Type_001.uexp" 2655
"C:/Users/cerve/OneDrive/Documenti/Desktop/Tirocinio/TirocinioBadViceGames/Tirocinio_Giuseppe/Content/Environment/Objects/Books/M_Books.uasset" 2656
"C:/Users/cerve/OneDrive/Documenti/Desktop/Tirocinio/TirocinioBadViceGames/Tirocinio_Giuseppe/Content/Environment/Objects/Books/M_Books.uexp" 2657
"C:/Users/cerve/OneDrive/Documenti/Desktop/Tirocinio/TirocinioBadViceGames/Tirocinio_Giuseppe/Content/Environment/Objects/Books/Library_Books_Type_1.ubulk" 2658
"C:/Users/cerve/OneDrive/Documenti/Desktop/Tirocinio/TirocinioBadViceGames/Tirocinio_Giuseppe/Content/Environment/Objects/Books/Library_Books_Type_1.uasset" 2659
"C:/Users/cerve/OneDrive/Documenti/Desktop/Tirocinio/TirocinioBadViceGames/Tirocinio_Giuseppe/Content/Environment/Objects/Books/Library_Books_Type_1.uexp" 2660
"C:/Users/cerve/OneDrive/Documenti/Desktop/Tirocinio/TirocinioBadViceGames/Tirocinio_Giuseppe/Content/Environment/Objects/Books/Library_Books_Type_2.ubulk" 2661
"C:/Users/cerve/OneDrive/Documenti/Desktop/Tirocinio/TirocinioBadViceGames/Tirocinio_Giuseppe/Content/Environment/Objects/Books/Library_Books_Type_2.uasset" 2662
"C:/Users/cerve/OneDrive/Documenti/Desktop/Tirocinio/TirocinioBadViceGames/Tirocinio_Giuseppe/Content/Environment/Objects/Books/Library_Books_Type_2.uexp" 2663
"C:/Users/cerve/OneDrive/Documenti/Desktop/Tirocinio/TirocinioBadViceGames/Tirocinio_Giuseppe/Content/Environment/Objects/Books/Library_Books_Type_3.ubulk" 2664
"C:/Users/cerve/OneDrive/Documenti/Desktop/Tirocinio/TirocinioBadViceGames/Tirocinio_Giuseppe/Content/Environment/Objects/Books/Library_Books_Type_3.uasset" 2665
"C:/Users/cerve/OneDrive/Documenti/Desktop/Tirocinio/TirocinioBadViceGames/Tirocinio_Giuseppe/Content/Environment/Objects/Books/Library_Books_Type_3.uexp" 2666
"C:/Users/cerve/OneDrive/Documenti/Desktop/Tirocinio/TirocinioBadViceGames/Tirocinio_Giuseppe/Content/Environment/Objects/Books/Library_Books_Type_4.ubulk" 2667
"C:/Users/cerve/OneDrive/Documenti/Desktop/Tirocinio/TirocinioBadViceGames/Tirocinio_Giuseppe/Content/Environment/Objects/Books/Library_Books_Type_4.uasset" 2668
"C:/Users/cerve/OneDrive/Documenti/Desktop/Tirocinio/TirocinioBadViceGames/Tirocinio_Giuseppe/Content/Environment/Objects/Books/Library_Books_Type_4.uexp" 2669
"C:/Users/cerve/OneDrive/Documenti/Desktop/Tirocinio/TirocinioBadViceGames/Tirocinio_Giuseppe/Content/Environment/Objects/Books/Library_Books_Type_5.ubulk" 2670
"C:/Users/cerve/OneDrive/Documenti/Desktop/Tirocinio/TirocinioBadViceGames/Tirocinio_Giuseppe/Content/Environment/Objects/Books/Library_Books_Type_5.uasset" 2671
"C:/Users/cerve/OneDrive/Documenti/Desktop/Tirocinio/TirocinioBadViceGames/Tirocinio_Giuseppe/Content/Environment/Objects/Books/Library_Books_Type_5.uexp" 2672
"C:/Users/cerve/OneDrive/Documenti/Desktop/Tirocinio/TirocinioBadViceGames/Tirocinio_Giuseppe/Content/Environment/Objects/Books/Library_Books_Type_6.ubulk" 2673
"C:/Users/cerve/OneDrive/Documenti/Desktop/Tirocinio/TirocinioBadViceGames/Tirocinio_Giuseppe/Content/Environment/Objects/Books/Library_Books_Type_6.uasset" 2674
"C:/Users/cerve/OneDrive/Documenti/Desktop/Tirocinio/TirocinioBadViceGames/Tirocinio_Giuseppe/Content/Environment/Objects/Books/Library_Books_Type_6.uexp" 2675
"C:/Users/cerve/OneDrive/Documenti/Desktop/Tirocinio/TirocinioBadViceGames/Tirocinio_Giuseppe/Content/Environment/Objects/Books/Library_Books_Type_7.ubulk" 2676
"C:/Users/cerve/OneDrive/Documenti/Desktop/Tirocinio/TirocinioBadViceGames/Tirocinio_Giuseppe/Content/Environment/Objects/Books/Library_Books_Type_7.uasset" 2677
"C:/Users/cerve/OneDrive/Documenti/Desktop/Tirocinio/TirocinioBadViceGames/Tirocinio_Giuseppe/Content/Environment/Objects/Books/Library_Books_Type_7.uexp" 2678
"C:/Users/cerve/OneDrive/Documenti/Desktop/Tirocinio/TirocinioBadViceGames/Tirocinio_Giuseppe/Content/Environment/Objects/Books/Library_Books_Type_8.ubulk" 2679
"C:/Users/cerve/OneDrive/Documenti/Desktop/Tirocinio/TirocinioBadViceGames/Tirocinio_Giuseppe/Content/Environment/Objects/Books/Library_Books_Type_8.uasset" 2680
"C:/Users/cerve/OneDrive/Documenti/Desktop/Tirocinio/TirocinioBadViceGames/Tirocinio_Giuseppe/Content/Environment/Objects/Books/Library_Books_Type_8.uexp" 2681
"C:/Users/cerve/OneDrive/Documenti/Desktop/Tirocinio/TirocinioBadViceGames/Tirocinio_Giuseppe/Content/Environment/Objects/Books/Library_Books_Type_9.ubulk" 2682
"C:/Users/cerve/OneDrive/Documenti/Desktop/Tirocinio/TirocinioBadViceGames/Tirocinio_Giuseppe/Content/Environment/Objects/Books/Library_Books_Type_9.uasset" 2683
"C:/Users/cerve/OneDrive/Documenti/Desktop/Tirocinio/TirocinioBadViceGames/Tirocinio_Giuseppe/Content/Environment/Objects/Books/Library_Books_Type_9.uexp" 2684
"C:/Users/cerve/OneDrive/Documenti/Desktop/Tirocinio/TirocinioBadViceGames/Tirocinio_Giuseppe/Content/Environment/Objects/BookShelf/Type_001/T_Shelf_Roughness_Type_001.ubulk" 2685
"C:/Users/cerve/OneDrive/Documenti/Desktop/Tirocinio/TirocinioBadViceGames/Tirocinio_Giuseppe/Content/Environment/Objects/BookShelf/Type_001/T_Shelf_Roughness_Type_001.uasset" 2686
"C:/Users/cerve/OneDrive/Documenti/Desktop/Tirocinio/TirocinioBadViceGames/Tirocinio_Giuseppe/Content/Environment/Objects/BookShelf/Type_001/T_Shelf_Roughness_Type_001.uexp" 2687
"C:/Users/cerve/OneDrive/Documenti/Desktop/Tirocinio/TirocinioBadViceGames/Tirocinio_Giuseppe/Content/Environment/Objects/BookShelf/Type_001/T_Shelf_Normal_Type_001.ubulk" 2688
"C:/Users/cerve/OneDrive/Documenti/Desktop/Tirocinio/TirocinioBadViceGames/Tirocinio_Giuseppe/Content/Environment/Objects/BookShelf/Type_001/T_Shelf_Normal_Type_001.uasset" 2689
"C:/Users/cerve/OneDrive/Documenti/Desktop/Tirocinio/TirocinioBadViceGames/Tirocinio_Giuseppe/Content/Environment/Objects/BookShelf/Type_001/T_Shelf_Normal_Type_001.uexp" 2690
"C:/Users/cerve/OneDrive/Documenti/Desktop/Tirocinio/TirocinioBadViceGames/Tirocinio_Giuseppe/Content/Environment/Objects/BookShelf/Type_001/T_Shelf_BaseColor_Type_001.ubulk" 2691
"C:/Users/cerve/OneDrive/Documenti/Desktop/Tirocinio/TirocinioBadViceGames/Tirocinio_Giuseppe/Content/Environment/Objects/BookShelf/Type_001/T_Shelf_BaseColor_Type_001.uasset" 2692
"C:/Users/cerve/OneDrive/Documenti/Desktop/Tirocinio/TirocinioBadViceGames/Tirocinio_Giuseppe/Content/Environment/Objects/BookShelf/Type_001/T_Shelf_BaseColor_Type_001.uexp" 2693
"C:/Users/cerve/OneDrive/Documenti/Desktop/Tirocinio/TirocinioBadViceGames/Tirocinio_Giuseppe/Content/Environment/Objects/BookShelf/Type_001/T_Shelf_AO_Type_001.ubulk" 2694
"C:/Users/cerve/OneDrive/Documenti/Desktop/Tirocinio/TirocinioBadViceGames/Tirocinio_Giuseppe/Content/Environment/Objects/BookShelf/Type_001/T_Shelf_AO_Type_001.uasset" 2695
"C:/Users/cerve/OneDrive/Documenti/Desktop/Tirocinio/TirocinioBadViceGames/Tirocinio_Giuseppe/Content/Environment/Objects/BookShelf/Type_001/T_Shelf_AO_Type_001.uexp" 2696
"C:/Users/cerve/OneDrive/Documenti/Desktop/Tirocinio/TirocinioBadViceGames/Tirocinio_Giuseppe/Content/Environment/Objects/BookShelf/Type_001/M_BookShelf_Type_001.uasset" 2697
"C:/Users/cerve/OneDrive/Documenti/Desktop/Tirocinio/TirocinioBadViceGames/Tirocinio_Giuseppe/Content/Environment/Objects/BookShelf/Type_001/M_BookShelf_Type_001.uexp" 2698
"C:/Users/cerve/OneDrive/Documenti/Desktop/Tirocinio/TirocinioBadViceGames/Tirocinio_Giuseppe/Content/Environment/Objects/BookShelf/Type_001/Library_Shelf_Type_001.ubulk" 2699
"C:/Users/cerve/OneDrive/Documenti/Desktop/Tirocinio/TirocinioBadViceGames/Tirocinio_Giuseppe/Content/Environment/Objects/BookShelf/Type_001/Library_Shelf_Type_001.uasset" 2700
"C:/Users/cerve/OneDrive/Documenti/Desktop/Tirocinio/TirocinioBadViceGames/Tirocinio_Giuseppe/Content/Environment/Objects/BookShelf/Type_001/Library_Shelf_Type_001.uexp" 2701
"C:/Users/cerve/OneDrive/Documenti/Desktop/Tirocinio/TirocinioBadViceGames/Tirocinio_Giuseppe/Content/Environment/Objects/BookShelf/Type_002/T_Shelf_Roughness_Type_002.ubulk" 2702
"C:/Users/cerve/OneDrive/Documenti/Desktop/Tirocinio/TirocinioBadViceGames/Tirocinio_Giuseppe/Content/Environment/Objects/BookShelf/Type_002/T_Shelf_Roughness_Type_002.uasset" 2703
"C:/Users/cerve/OneDrive/Documenti/Desktop/Tirocinio/TirocinioBadViceGames/Tirocinio_Giuseppe/Content/Environment/Objects/BookShelf/Type_002/T_Shelf_Roughness_Type_002.uexp" 2704
"C:/Users/cerve/OneDrive/Documenti/Desktop/Tirocinio/TirocinioBadViceGames/Tirocinio_Giuseppe/Content/Environment/Objects/BookShelf/Type_002/T_Shelf_Normal_Type_002.ubulk" 2705
"C:/Users/cerve/OneDrive/Documenti/Desktop/Tirocinio/TirocinioBadViceGames/Tirocinio_Giuseppe/Content/Environment/Objects/BookShelf/Type_002/T_Shelf_Normal_Type_002.uasset" 2706
"C:/Users/cerve/OneDrive/Documenti/Desktop/Tirocinio/TirocinioBadViceGames/Tirocinio_Giuseppe/Content/Environment/Objects/BookShelf/Type_002/T_Shelf_Normal_Type_002.uexp" 2707
"C:/Users/cerve/OneDrive/Documenti/Desktop/Tirocinio/TirocinioBadViceGames/Tirocinio_Giuseppe/Content/Environment/Objects/BookShelf/Type_002/T_Shelf_BaseColor_Type_002.ubulk" 2708
"C:/Users/cerve/OneDrive/Documenti/Desktop/Tirocinio/TirocinioBadViceGames/Tirocinio_Giuseppe/Content/Environment/Objects/BookShelf/Type_002/T_Shelf_BaseColor_Type_002.uasset" 2709
"C:/Users/cerve/OneDrive/Documenti/Desktop/Tirocinio/TirocinioBadViceGames/Tirocinio_Giuseppe/Content/Environment/Objects/BookShelf/Type_002/T_Shelf_BaseColor_Type_002.uexp" 2710
"C:/Users/cerve/OneDrive/Documenti/Desktop/Tirocinio/TirocinioBadViceGames/Tirocinio_Giuseppe/Content/Environment/Objects/BookShelf/Type_002/T_Shelf_AO_Type_002.ubulk" 2711
"C:/Users/cerve/OneDrive/Documenti/Desktop/Tirocinio/TirocinioBadViceGames/Tirocinio_Giuseppe/Content/Environment/Objects/BookShelf/Type_002/T_Shelf_AO_Type_002.uasset" 2712
"C:/Users/cerve/OneDrive/Documenti/Desktop/Tirocinio/TirocinioBadViceGames/Tirocinio_Giuseppe/Content/Environment/Objects/BookShelf/Type_002/T_Shelf_AO_Type_002.uexp" 2713
"C:/Users/cerve/OneDrive/Documenti/Desktop/Tirocinio/TirocinioBadViceGames/Tirocinio_Giuseppe/Content/Environment/Objects/BookShelf/Type_002/M_BookShelf_Type_002.uasset" 2714
"C:/Users/cerve/OneDrive/Documenti/Desktop/Tirocinio/TirocinioBadViceGames/Tirocinio_Giuseppe/Content/Environment/Objects/BookShelf/Type_002/M_BookShelf_Type_002.uexp" 2715
"C:/Users/cerve/OneDrive/Documenti/Desktop/Tirocinio/TirocinioBadViceGames/Tirocinio_Giuseppe/Content/Environment/Objects/BookShelf/Type_002/Library_Shelf_Type_002.ubulk" 2716
"C:/Users/cerve/OneDrive/Documenti/Desktop/Tirocinio/TirocinioBadViceGames/Tirocinio_Giuseppe/Content/Environment/Objects/BookShelf/Type_002/Library_Shelf_Type_002.uasset" 2717
"C:/Users/cerve/OneDrive/Documenti/Desktop/Tirocinio/TirocinioBadViceGames/Tirocinio_Giuseppe/Content/Environment/Objects/BookShelf/Type_002/Library_Shelf_Type_002.uexp" 2718
"C:/Users/cerve/OneDrive/Documenti/Desktop/Tirocinio/TirocinioBadViceGames/Tirocinio_Giuseppe/Content/Environment/Objects/BookShelf/Type_003/T_Shelf_Roughness_Type_003.ubulk" 2719
"C:/Users/cerve/OneDrive/Documenti/Desktop/Tirocinio/TirocinioBadViceGames/Tirocinio_Giuseppe/Content/Environment/Objects/BookShelf/Type_003/T_Shelf_Roughness_Type_003.uasset" 2720
"C:/Users/cerve/OneDrive/Documenti/Desktop/Tirocinio/TirocinioBadViceGames/Tirocinio_Giuseppe/Content/Environment/Objects/BookShelf/Type_003/T_Shelf_Roughness_Type_003.uexp" 2721
"C:/Users/cerve/OneDrive/Documenti/Desktop/Tirocinio/TirocinioBadViceGames/Tirocinio_Giuseppe/Content/Environment/Objects/BookShelf/Type_003/T_Shelf_Normal_Type_003.ubulk" 2722
"C:/Users/cerve/OneDrive/Documenti/Desktop/Tirocinio/TirocinioBadViceGames/Tirocinio_Giuseppe/Content/Environment/Objects/BookShelf/Type_003/T_Shelf_Normal_Type_003.uasset" 2723
"C:/Users/cerve/OneDrive/Documenti/Desktop/Tirocinio/TirocinioBadViceGames/Tirocinio_Giuseppe/Content/Environment/Objects/BookShelf/Type_003/T_Shelf_Normal_Type_003.uexp" 2724
"C:/Users/cerve/OneDrive/Documenti/Desktop/Tirocinio/TirocinioBadViceGames/Tirocinio_Giuseppe/Content/Environment/Objects/BookShelf/Type_003/T_Shelf_Metallic_Type_003.ubulk" 2725
"C:/Users/cerve/OneDrive/Documenti/Desktop/Tirocinio/TirocinioBadViceGames/Tirocinio_Giuseppe/Content/Environment/Objects/BookShelf/Type_003/T_Shelf_Metallic_Type_003.uasset" 2726
"C:/Users/cerve/OneDrive/Documenti/Desktop/Tirocinio/TirocinioBadViceGames/Tirocinio_Giuseppe/Content/Environment/Objects/BookShelf/Type_003/T_Shelf_Metallic_Type_003.uexp" 2727
"C:/Users/cerve/OneDrive/Documenti/Desktop/Tirocinio/TirocinioBadViceGames/Tirocinio_Giuseppe/Content/Environment/Objects/BookShelf/Type_003/T_Shelf_BaseColor_Type_003.ubulk" 2728
"C:/Users/cerve/OneDrive/Documenti/Desktop/Tirocinio/TirocinioBadViceGames/Tirocinio_Giuseppe/Content/Environment/Objects/BookShelf/Type_003/T_Shelf_BaseColor_Type_003.uasset" 2729
"C:/Users/cerve/OneDrive/Documenti/Desktop/Tirocinio/TirocinioBadViceGames/Tirocinio_Giuseppe/Content/Environment/Objects/BookShelf/Type_003/T_Shelf_BaseColor_Type_003.uexp" 2730
"C:/Users/cerve/OneDrive/Documenti/Desktop/Tirocinio/TirocinioBadViceGames/Tirocinio_Giuseppe/Content/Environment/Objects/BookShelf/Type_003/T_Shelf_AO_Type_003.ubulk" 2731
"C:/Users/cerve/OneDrive/Documenti/Desktop/Tirocinio/TirocinioBadViceGames/Tirocinio_Giuseppe/Content/Environment/Objects/BookShelf/Type_003/T_Shelf_AO_Type_003.uasset" 2732
"C:/Users/cerve/OneDrive/Documenti/Desktop/Tirocinio/TirocinioBadViceGames/Tirocinio_Giuseppe/Content/Environment/Objects/BookShelf/Type_003/T_Shelf_AO_Type_003.uexp" 2733
"C:/Users/cerve/OneDrive/Documenti/Desktop/Tirocinio/TirocinioBadViceGames/Tirocinio_Giuseppe/Content/Environment/Objects/BookShelf/Type_003/M_BookShelf_Type_003.uasset" 2734
"C:/Users/cerve/OneDrive/Documenti/Desktop/Tirocinio/TirocinioBadViceGames/Tirocinio_Giuseppe/Content/Environment/Objects/BookShelf/Type_003/M_BookShelf_Type_003.uexp" 2735
"C:/Users/cerve/OneDrive/Documenti/Desktop/Tirocinio/TirocinioBadViceGames/Tirocinio_Giuseppe/Content/Environment/Objects/BookShelf/Type_003/Library_Shelf_Type_003.ubulk" 2736
"C:/Users/cerve/OneDrive/Documenti/Desktop/Tirocinio/TirocinioBadViceGames/Tirocinio_Giuseppe/Content/Environment/Objects/BookShelf/Type_003/Library_Shelf_Type_003.uasset" 2737
"C:/Users/cerve/OneDrive/Documenti/Desktop/Tirocinio/TirocinioBadViceGames/Tirocinio_Giuseppe/Content/Environment/Objects/BookShelf/Type_003/Library_Shelf_Type_003.uexp" 2738
"C:/Users/cerve/OneDrive/Documenti/Desktop/Tirocinio/TirocinioBadViceGames/Tirocinio_Giuseppe/Content/Environment/Objects/BookShelf/Type_004/T_Shelf_Roughness_Type_004.ubulk" 2739
"C:/Users/cerve/OneDrive/Documenti/Desktop/Tirocinio/TirocinioBadViceGames/Tirocinio_Giuseppe/Content/Environment/Objects/BookShelf/Type_004/T_Shelf_Roughness_Type_004.uasset" 2740
"C:/Users/cerve/OneDrive/Documenti/Desktop/Tirocinio/TirocinioBadViceGames/Tirocinio_Giuseppe/Content/Environment/Objects/BookShelf/Type_004/T_Shelf_Roughness_Type_004.uexp" 2741
"C:/Users/cerve/OneDrive/Documenti/Desktop/Tirocinio/TirocinioBadViceGames/Tirocinio_Giuseppe/Content/Environment/Objects/BookShelf/Type_004/T_Shelf_Normal_Type_004.ubulk" 2742
"C:/Users/cerve/OneDrive/Documenti/Desktop/Tirocinio/TirocinioBadViceGames/Tirocinio_Giuseppe/Content/Environment/Objects/BookShelf/Type_004/T_Shelf_Normal_Type_004.uasset" 2743
"C:/Users/cerve/OneDrive/Documenti/Desktop/Tirocinio/TirocinioBadViceGames/Tirocinio_Giuseppe/Content/Environment/Objects/BookShelf/Type_004/T_Shelf_Normal_Type_004.uexp" 2744
"C:/Users/cerve/OneDrive/Documenti/Desktop/Tirocinio/TirocinioBadViceGames/Tirocinio_Giuseppe/Content/Environment/Objects/BookShelf/Type_004/T_Shelf_BaseColor_Type_004.ubulk" 2745
"C:/Users/cerve/OneDrive/Documenti/Desktop/Tirocinio/TirocinioBadViceGames/Tirocinio_Giuseppe/Content/Environment/Objects/BookShelf/Type_004/T_Shelf_BaseColor_Type_004.uasset" 2746
"C:/Users/cerve/OneDrive/Documenti/Desktop/Tirocinio/TirocinioBadViceGames/Tirocinio_Giuseppe/Content/Environment/Objects/BookShelf/Type_004/T_Shelf_BaseColor_Type_004.uexp" 2747
"C:/Users/cerve/OneDrive/Documenti/Desktop/Tirocinio/TirocinioBadViceGames/Tirocinio_Giuseppe/Content/Environment/Objects/BookShelf/Type_004/T_Shelf_AO_Type_004.ubulk" 2748
"C:/Users/cerve/OneDrive/Documenti/Desktop/Tirocinio/TirocinioBadViceGames/Tirocinio_Giuseppe/Content/Environment/Objects/BookShelf/Type_004/T_Shelf_AO_Type_004.uasset" 2749
"C:/Users/cerve/OneDrive/Documenti/Desktop/Tirocinio/TirocinioBadViceGames/Tirocinio_Giuseppe/Content/Environment/Objects/BookShelf/Type_004/T_Shelf_AO_Type_004.uexp" 2750
"C:/Users/cerve/OneDrive/Documenti/Desktop/Tirocinio/TirocinioBadViceGames/Tirocinio_Giuseppe/Content/Environment/Objects/BookShelf/Type_004/M_BookShelf_Type_004.uasset" 2751
"C:/Users/cerve/OneDrive/Documenti/Desktop/Tirocinio/TirocinioBadViceGames/Tirocinio_Giuseppe/Content/Environment/Objects/BookShelf/Type_004/M_BookShelf_Type_004.uexp" 2752
"C:/Users/cerve/OneDrive/Documenti/Desktop/Tirocinio/TirocinioBadViceGames/Tirocinio_Giuseppe/Content/Environment/Objects/BookShelf/Type_004/Library_Shelf_Type_004.ubulk" 2753
"C:/Users/cerve/OneDrive/Documenti/Desktop/Tirocinio/TirocinioBadViceGames/Tirocinio_Giuseppe/Content/Environment/Objects/BookShelf/Type_004/Library_Shelf_Type_004.uasset" 2754
"C:/Users/cerve/OneDrive/Documenti/Desktop/Tirocinio/TirocinioBadViceGames/Tirocinio_Giuseppe/Content/Environment/Objects/BookShelf/Type_004/Library_Shelf_Type_004.uexp" 2755
"C:/Users/cerve/OneDrive/Documenti/Desktop/Tirocinio/TirocinioBadViceGames/Tirocinio_Giuseppe/Content/Environment/Objects/Coffe_Table/T_LibraryShelf_Roughness_Type_001.ubulk" 2756
"C:/Users/cerve/OneDrive/Documenti/Desktop/Tirocinio/TirocinioBadViceGames/Tirocinio_Giuseppe/Content/Environment/Objects/Coffe_Table/T_LibraryShelf_Roughness_Type_001.uasset" 2757
"C:/Users/cerve/OneDrive/Documenti/Desktop/Tirocinio/TirocinioBadViceGames/Tirocinio_Giuseppe/Content/Environment/Objects/Coffe_Table/T_LibraryShelf_Roughness_Type_001.uexp" 2758
"C:/Users/cerve/OneDrive/Documenti/Desktop/Tirocinio/TirocinioBadViceGames/Tirocinio_Giuseppe/Content/Environment/Objects/Coffe_Table/T_LibraryShelf_Normal_Type_001.ubulk" 2759
"C:/Users/cerve/OneDrive/Documenti/Desktop/Tirocinio/TirocinioBadViceGames/Tirocinio_Giuseppe/Content/Environment/Objects/Coffe_Table/T_LibraryShelf_Normal_Type_001.uasset" 2760
"C:/Users/cerve/OneDrive/Documenti/Desktop/Tirocinio/TirocinioBadViceGames/Tirocinio_Giuseppe/Content/Environment/Objects/Coffe_Table/T_LibraryShelf_Normal_Type_001.uexp" 2761
"C:/Users/cerve/OneDrive/Documenti/Desktop/Tirocinio/TirocinioBadViceGames/Tirocinio_Giuseppe/Content/Environment/Objects/Coffe_Table/T_LibraryShelf_BaseColor_Type_001.ubulk" 2762
"C:/Users/cerve/OneDrive/Documenti/Desktop/Tirocinio/TirocinioBadViceGames/Tirocinio_Giuseppe/Content/Environment/Objects/Coffe_Table/T_LibraryShelf_BaseColor_Type_001.uasset" 2763
"C:/Users/cerve/OneDrive/Documenti/Desktop/Tirocinio/TirocinioBadViceGames/Tirocinio_Giuseppe/Content/Environment/Objects/Coffe_Table/T_LibraryShelf_BaseColor_Type_001.uexp" 2764
"C:/Users/cerve/OneDrive/Documenti/Desktop/Tirocinio/TirocinioBadViceGames/Tirocinio_Giuseppe/Content/Environment/Objects/Coffe_Table/T_LibraryShelf_AO_Type_001.ubulk" 2765
"C:/Users/cerve/OneDrive/Documenti/Desktop/Tirocinio/TirocinioBadViceGames/Tirocinio_Giuseppe/Content/Environment/Objects/Coffe_Table/T_LibraryShelf_AO_Type_001.uasset" 2766
"C:/Users/cerve/OneDrive/Documenti/Desktop/Tirocinio/TirocinioBadViceGames/Tirocinio_Giuseppe/Content/Environment/Objects/Coffe_Table/T_LibraryShelf_AO_Type_001.uexp" 2767
"C:/Users/cerve/OneDrive/Documenti/Desktop/Tirocinio/TirocinioBadViceGames/Tirocinio_Giuseppe/Content/Environment/Objects/Coffe_Table/M_Coffe_Table_001.uasset" 2768
"C:/Users/cerve/OneDrive/Documenti/Desktop/Tirocinio/TirocinioBadViceGames/Tirocinio_Giuseppe/Content/Environment/Objects/Coffe_Table/M_Coffe_Table_001.uexp" 2769
"C:/Users/cerve/OneDrive/Documenti/Desktop/Tirocinio/TirocinioBadViceGames/Tirocinio_Giuseppe/Content/Environment/Objects/Coffe_Table/Library_CoffeTable_Type_001.ubulk" 2770
"C:/Users/cerve/OneDrive/Documenti/Desktop/Tirocinio/TirocinioBadViceGames/Tirocinio_Giuseppe/Content/Environment/Objects/Coffe_Table/Library_CoffeTable_Type_001.uasset" 2771
"C:/Users/cerve/OneDrive/Documenti/Desktop/Tirocinio/TirocinioBadViceGames/Tirocinio_Giuseppe/Content/Environment/Objects/Coffe_Table/Library_CoffeTable_Type_001.uexp" 2772
"C:/Users/cerve/OneDrive/Documenti/Desktop/Tirocinio/TirocinioBadViceGames/Tirocinio_Giuseppe/Content/Environment/Objects/Crucified/Crocifisso_Roughness.ubulk" 2773
"C:/Users/cerve/OneDrive/Documenti/Desktop/Tirocinio/TirocinioBadViceGames/Tirocinio_Giuseppe/Content/Environment/Objects/Crucified/Crocifisso_Roughness.uasset" 2774
"C:/Users/cerve/OneDrive/Documenti/Desktop/Tirocinio/TirocinioBadViceGames/Tirocinio_Giuseppe/Content/Environment/Objects/Crucified/Crocifisso_Roughness.uexp" 2775
"C:/Users/cerve/OneDrive/Documenti/Desktop/Tirocinio/TirocinioBadViceGames/Tirocinio_Giuseppe/Content/Environment/Objects/Crucified/Crocifisso_Normal_OpenGL.ubulk" 2776
"C:/Users/cerve/OneDrive/Documenti/Desktop/Tirocinio/TirocinioBadViceGames/Tirocinio_Giuseppe/Content/Environment/Objects/Crucified/Crocifisso_Normal_OpenGL.uasset" 2777
"C:/Users/cerve/OneDrive/Documenti/Desktop/Tirocinio/TirocinioBadViceGames/Tirocinio_Giuseppe/Content/Environment/Objects/Crucified/Crocifisso_Normal_OpenGL.uexp" 2778
"C:/Users/cerve/OneDrive/Documenti/Desktop/Tirocinio/TirocinioBadViceGames/Tirocinio_Giuseppe/Content/Environment/Objects/Crucified/Crocifisso_Metallic.ubulk" 2779
"C:/Users/cerve/OneDrive/Documenti/Desktop/Tirocinio/TirocinioBadViceGames/Tirocinio_Giuseppe/Content/Environment/Objects/Crucified/Crocifisso_Metallic.uasset" 2780
"C:/Users/cerve/OneDrive/Documenti/Desktop/Tirocinio/TirocinioBadViceGames/Tirocinio_Giuseppe/Content/Environment/Objects/Crucified/Crocifisso_Metallic.uexp" 2781
"C:/Users/cerve/OneDrive/Documenti/Desktop/Tirocinio/TirocinioBadViceGames/Tirocinio_Giuseppe/Content/Environment/Objects/Crucified/Crocifisso_Base_color.ubulk" 2782
"C:/Users/cerve/OneDrive/Documenti/Desktop/Tirocinio/TirocinioBadViceGames/Tirocinio_Giuseppe/Content/Environment/Objects/Crucified/Crocifisso_Base_color.uasset" 2783
"C:/Users/cerve/OneDrive/Documenti/Desktop/Tirocinio/TirocinioBadViceGames/Tirocinio_Giuseppe/Content/Environment/Objects/Crucified/Crocifisso_Base_color.uexp" 2784
"C:/Users/cerve/OneDrive/Documenti/Desktop/Tirocinio/TirocinioBadViceGames/Tirocinio_Giuseppe/Content/Environment/Objects/Crucified/Crocifisso_AO.ubulk" 2785
"C:/Users/cerve/OneDrive/Documenti/Desktop/Tirocinio/TirocinioBadViceGames/Tirocinio_Giuseppe/Content/Environment/Objects/Crucified/Crocifisso_AO.uasset" 2786
"C:/Users/cerve/OneDrive/Documenti/Desktop/Tirocinio/TirocinioBadViceGames/Tirocinio_Giuseppe/Content/Environment/Objects/Crucified/Crocifisso_AO.uexp" 2787
"C:/Users/cerve/OneDrive/Documenti/Desktop/Tirocinio/TirocinioBadViceGames/Tirocinio_Giuseppe/Content/Environment/Objects/Crucified/M_Crucified.uasset" 2788
"C:/Users/cerve/OneDrive/Documenti/Desktop/Tirocinio/TirocinioBadViceGames/Tirocinio_Giuseppe/Content/Environment/Objects/Crucified/M_Crucified.uexp" 2789
"C:/Users/cerve/OneDrive/Documenti/Desktop/Tirocinio/TirocinioBadViceGames/Tirocinio_Giuseppe/Content/Environment/Objects/Crucified/Crucified.ubulk" 2790
"C:/Users/cerve/OneDrive/Documenti/Desktop/Tirocinio/TirocinioBadViceGames/Tirocinio_Giuseppe/Content/Environment/Objects/Crucified/Crucified.uasset" 2791
"C:/Users/cerve/OneDrive/Documenti/Desktop/Tirocinio/TirocinioBadViceGames/Tirocinio_Giuseppe/Content/Environment/Objects/Crucified/Crucified.uexp" 2792
"C:/Users/cerve/OneDrive/Documenti/Desktop/Tirocinio/TirocinioBadViceGames/Tirocinio_Giuseppe/Content/Environment/Objects/ElectricalSocket/T_ElectricalSocket_Roughness_Type_001.ubulk" 2793
"C:/Users/cerve/OneDrive/Documenti/Desktop/Tirocinio/TirocinioBadViceGames/Tirocinio_Giuseppe/Content/Environment/Objects/ElectricalSocket/T_ElectricalSocket_Roughness_Type_001.uasset" 2794
"C:/Users/cerve/OneDrive/Documenti/Desktop/Tirocinio/TirocinioBadViceGames/Tirocinio_Giuseppe/Content/Environment/Objects/ElectricalSocket/T_ElectricalSocket_Roughness_Type_001.uexp" 2795
"C:/Users/cerve/OneDrive/Documenti/Desktop/Tirocinio/TirocinioBadViceGames/Tirocinio_Giuseppe/Content/Environment/Objects/ElectricalSocket/T_ElectricalSocket_Normal_Type_001.ubulk" 2796
"C:/Users/cerve/OneDrive/Documenti/Desktop/Tirocinio/TirocinioBadViceGames/Tirocinio_Giuseppe/Content/Environment/Objects/ElectricalSocket/T_ElectricalSocket_Normal_Type_001.uasset" 2797
"C:/Users/cerve/OneDrive/Documenti/Desktop/Tirocinio/TirocinioBadViceGames/Tirocinio_Giuseppe/Content/Environment/Objects/ElectricalSocket/T_ElectricalSocket_Normal_Type_001.uexp" 2798
"C:/Users/cerve/OneDrive/Documenti/Desktop/Tirocinio/TirocinioBadViceGames/Tirocinio_Giuseppe/Content/Environment/Objects/ElectricalSocket/T_ElectricalSocket_Metallic_Type_001.ubulk" 2799
"C:/Users/cerve/OneDrive/Documenti/Desktop/Tirocinio/TirocinioBadViceGames/Tirocinio_Giuseppe/Content/Environment/Objects/ElectricalSocket/T_ElectricalSocket_Metallic_Type_001.uasset" 2800
"C:/Users/cerve/OneDrive/Documenti/Desktop/Tirocinio/TirocinioBadViceGames/Tirocinio_Giuseppe/Content/Environment/Objects/ElectricalSocket/T_ElectricalSocket_Metallic_Type_001.uexp" 2801
"C:/Users/cerve/OneDrive/Documenti/Desktop/Tirocinio/TirocinioBadViceGames/Tirocinio_Giuseppe/Content/Environment/Objects/ElectricalSocket/T_ElectricalSocket_BaseColor_Type_001.ubulk" 2802
"C:/Users/cerve/OneDrive/Documenti/Desktop/Tirocinio/TirocinioBadViceGames/Tirocinio_Giuseppe/Content/Environment/Objects/ElectricalSocket/T_ElectricalSocket_BaseColor_Type_001.uasset" 2803
"C:/Users/cerve/OneDrive/Documenti/Desktop/Tirocinio/TirocinioBadViceGames/Tirocinio_Giuseppe/Content/Environment/Objects/ElectricalSocket/T_ElectricalSocket_BaseColor_Type_001.uexp" 2804
"C:/Users/cerve/OneDrive/Documenti/Desktop/Tirocinio/TirocinioBadViceGames/Tirocinio_Giuseppe/Content/Environment/Objects/ElectricalSocket/T_ElectricalSocket_AO_Type_001.ubulk" 2805
"C:/Users/cerve/OneDrive/Documenti/Desktop/Tirocinio/TirocinioBadViceGames/Tirocinio_Giuseppe/Content/Environment/Objects/ElectricalSocket/T_ElectricalSocket_AO_Type_001.uasset" 2806
"C:/Users/cerve/OneDrive/Documenti/Desktop/Tirocinio/TirocinioBadViceGames/Tirocinio_Giuseppe/Content/Environment/Objects/ElectricalSocket/T_ElectricalSocket_AO_Type_001.uexp" 2807
"C:/Users/cerve/OneDrive/Documenti/Desktop/Tirocinio/TirocinioBadViceGames/Tirocinio_Giuseppe/Content/Environment/Objects/ElectricalSocket/M_ElectricalSocket.uasset" 2808
"C:/Users/cerve/OneDrive/Documenti/Desktop/Tirocinio/TirocinioBadViceGames/Tirocinio_Giuseppe/Content/Environment/Objects/ElectricalSocket/M_ElectricalSocket.uexp" 2809
"C:/Users/cerve/OneDrive/Documenti/Desktop/Tirocinio/TirocinioBadViceGames/Tirocinio_Giuseppe/Content/Environment/Objects/ElectricalSocket/Room_ElectricalSocket_Type_001.ubulk" 2810
"C:/Users/cerve/OneDrive/Documenti/Desktop/Tirocinio/TirocinioBadViceGames/Tirocinio_Giuseppe/Content/Environment/Objects/ElectricalSocket/Room_ElectricalSocket_Type_001.uasset" 2811
"C:/Users/cerve/OneDrive/Documenti/Desktop/Tirocinio/TirocinioBadViceGames/Tirocinio_Giuseppe/Content/Environment/Objects/ElectricalSocket/Room_ElectricalSocket_Type_001.uexp" 2812
"C:/Users/cerve/OneDrive/Documenti/Desktop/Tirocinio/TirocinioBadViceGames/Tirocinio_Giuseppe/Content/Environment/Objects/Fire_Extinguisher/T_FireExtinguisher_Roughness_Type_001.ubulk" 2813
"C:/Users/cerve/OneDrive/Documenti/Desktop/Tirocinio/TirocinioBadViceGames/Tirocinio_Giuseppe/Content/Environment/Objects/Fire_Extinguisher/T_FireExtinguisher_Roughness_Type_001.uasset" 2814
"C:/Users/cerve/OneDrive/Documenti/Desktop/Tirocinio/TirocinioBadViceGames/Tirocinio_Giuseppe/Content/Environment/Objects/Fire_Extinguisher/T_FireExtinguisher_Roughness_Type_001.uexp" 2815
"C:/Users/cerve/OneDrive/Documenti/Desktop/Tirocinio/TirocinioBadViceGames/Tirocinio_Giuseppe/Content/Environment/Objects/Fire_Extinguisher/T_FireExtinguisher_Normal_Type_001.ubulk" 2816
"C:/Users/cerve/OneDrive/Documenti/Desktop/Tirocinio/TirocinioBadViceGames/Tirocinio_Giuseppe/Content/Environment/Objects/Fire_Extinguisher/T_FireExtinguisher_Normal_Type_001.uasset" 2817
"C:/Users/cerve/OneDrive/Documenti/Desktop/Tirocinio/TirocinioBadViceGames/Tirocinio_Giuseppe/Content/Environment/Objects/Fire_Extinguisher/T_FireExtinguisher_Normal_Type_001.uexp" 2818
"C:/Users/cerve/OneDrive/Documenti/Desktop/Tirocinio/TirocinioBadViceGames/Tirocinio_Giuseppe/Content/Environment/Objects/Fire_Extinguisher/T_FireExtinguisher_Metallic_Type_001.ubulk" 2819
"C:/Users/cerve/OneDrive/Documenti/Desktop/Tirocinio/TirocinioBadViceGames/Tirocinio_Giuseppe/Content/Environment/Objects/Fire_Extinguisher/T_FireExtinguisher_Metallic_Type_001.uasset" 2820
"C:/Users/cerve/OneDrive/Documenti/Desktop/Tirocinio/TirocinioBadViceGames/Tirocinio_Giuseppe/Content/Environment/Objects/Fire_Extinguisher/T_FireExtinguisher_Metallic_Type_001.uexp" 2821
"C:/Users/cerve/OneDrive/Documenti/Desktop/Tirocinio/TirocinioBadViceGames/Tirocinio_Giuseppe/Content/Environment/Objects/Fire_Extinguisher/T_FireExtinguisher_BaseColor_Type_001.ubulk" 2822
"C:/Users/cerve/OneDrive/Documenti/Desktop/Tirocinio/TirocinioBadViceGames/Tirocinio_Giuseppe/Content/Environment/Objects/Fire_Extinguisher/T_FireExtinguisher_BaseColor_Type_001.uasset" 2823
"C:/Users/cerve/OneDrive/Documenti/Desktop/Tirocinio/TirocinioBadViceGames/Tirocinio_Giuseppe/Content/Environment/Objects/Fire_Extinguisher/T_FireExtinguisher_BaseColor_Type_001.uexp" 2824
"C:/Users/cerve/OneDrive/Documenti/Desktop/Tirocinio/TirocinioBadViceGames/Tirocinio_Giuseppe/Content/Environment/Objects/Fire_Extinguisher/T_FireExtinguisher_AO_Type_001.ubulk" 2825
"C:/Users/cerve/OneDrive/Documenti/Desktop/Tirocinio/TirocinioBadViceGames/Tirocinio_Giuseppe/Content/Environment/Objects/Fire_Extinguisher/T_FireExtinguisher_AO_Type_001.uasset" 2826
"C:/Users/cerve/OneDrive/Documenti/Desktop/Tirocinio/TirocinioBadViceGames/Tirocinio_Giuseppe/Content/Environment/Objects/Fire_Extinguisher/T_FireExtinguisher_AO_Type_001.uexp" 2827
"C:/Users/cerve/OneDrive/Documenti/Desktop/Tirocinio/TirocinioBadViceGames/Tirocinio_Giuseppe/Content/Environment/Objects/Fire_Extinguisher/M_Fire_Extinguisher.uasset" 2828
"C:/Users/cerve/OneDrive/Documenti/Desktop/Tirocinio/TirocinioBadViceGames/Tirocinio_Giuseppe/Content/Environment/Objects/Fire_Extinguisher/M_Fire_Extinguisher.uexp" 2829
"C:/Users/cerve/OneDrive/Documenti/Desktop/Tirocinio/TirocinioBadViceGames/Tirocinio_Giuseppe/Content/Environment/Objects/Fire_Extinguisher/Hallway_FireExtinguisher_Type_001.ubulk" 2830
"C:/Users/cerve/OneDrive/Documenti/Desktop/Tirocinio/TirocinioBadViceGames/Tirocinio_Giuseppe/Content/Environment/Objects/Fire_Extinguisher/Hallway_FireExtinguisher_Type_001.uasset" 2831
"C:/Users/cerve/OneDrive/Documenti/Desktop/Tirocinio/TirocinioBadViceGames/Tirocinio_Giuseppe/Content/Environment/Objects/Fire_Extinguisher/Hallway_FireExtinguisher_Type_001.uexp" 2832
"C:/Users/cerve/OneDrive/Documenti/Desktop/Tirocinio/TirocinioBadViceGames/Tirocinio_Giuseppe/Content/Environment/Objects/Phon_Stand/Porta_Phon_Roughness.ubulk" 2833
"C:/Users/cerve/OneDrive/Documenti/Desktop/Tirocinio/TirocinioBadViceGames/Tirocinio_Giuseppe/Content/Environment/Objects/Phon_Stand/Porta_Phon_Roughness.uasset" 2834
"C:/Users/cerve/OneDrive/Documenti/Desktop/Tirocinio/TirocinioBadViceGames/Tirocinio_Giuseppe/Content/Environment/Objects/Phon_Stand/Porta_Phon_Roughness.uexp" 2835
"C:/Users/cerve/OneDrive/Documenti/Desktop/Tirocinio/TirocinioBadViceGames/Tirocinio_Giuseppe/Content/Environment/Objects/Phon_Stand/Porta_Phon_Normal_OpenGL.ubulk" 2836
"C:/Users/cerve/OneDrive/Documenti/Desktop/Tirocinio/TirocinioBadViceGames/Tirocinio_Giuseppe/Content/Environment/Objects/Phon_Stand/Porta_Phon_Normal_OpenGL.uasset" 2837
"C:/Users/cerve/OneDrive/Documenti/Desktop/Tirocinio/TirocinioBadViceGames/Tirocinio_Giuseppe/Content/Environment/Objects/Phon_Stand/Porta_Phon_Normal_OpenGL.uexp" 2838
"C:/Users/cerve/OneDrive/Documenti/Desktop/Tirocinio/TirocinioBadViceGames/Tirocinio_Giuseppe/Content/Environment/Objects/Phon_Stand/Porta_Phon_Mixed_AO.ubulk" 2839
"C:/Users/cerve/OneDrive/Documenti/Desktop/Tirocinio/TirocinioBadViceGames/Tirocinio_Giuseppe/Content/Environment/Objects/Phon_Stand/Porta_Phon_Mixed_AO.uasset" 2840
"C:/Users/cerve/OneDrive/Documenti/Desktop/Tirocinio/TirocinioBadViceGames/Tirocinio_Giuseppe/Content/Environment/Objects/Phon_Stand/Porta_Phon_Mixed_AO.uexp" 2841
"C:/Users/cerve/OneDrive/Documenti/Desktop/Tirocinio/TirocinioBadViceGames/Tirocinio_Giuseppe/Content/Environment/Objects/Phon_Stand/Porta_Phon_Base_color.ubulk" 2842
"C:/Users/cerve/OneDrive/Documenti/Desktop/Tirocinio/TirocinioBadViceGames/Tirocinio_Giuseppe/Content/Environment/Objects/Phon_Stand/Porta_Phon_Base_color.uasset" 2843
"C:/Users/cerve/OneDrive/Documenti/Desktop/Tirocinio/TirocinioBadViceGames/Tirocinio_Giuseppe/Content/Environment/Objects/Phon_Stand/Porta_Phon_Base_color.uexp" 2844
"C:/Users/cerve/OneDrive/Documenti/Desktop/Tirocinio/TirocinioBadViceGames/Tirocinio_Giuseppe/Content/Environment/Objects/Phon_Stand/M_Phon_Stand.uasset" 2845
"C:/Users/cerve/OneDrive/Documenti/Desktop/Tirocinio/TirocinioBadViceGames/Tirocinio_Giuseppe/Content/Environment/Objects/Phon_Stand/M_Phon_Stand.uexp" 2846
"C:/Users/cerve/OneDrive/Documenti/Desktop/Tirocinio/TirocinioBadViceGames/Tirocinio_Giuseppe/Content/Environment/Objects/Phon_Stand/Porta_Phon.ubulk" 2847
"C:/Users/cerve/OneDrive/Documenti/Desktop/Tirocinio/TirocinioBadViceGames/Tirocinio_Giuseppe/Content/Environment/Objects/Phon_Stand/Porta_Phon.uasset" 2848
"C:/Users/cerve/OneDrive/Documenti/Desktop/Tirocinio/TirocinioBadViceGames/Tirocinio_Giuseppe/Content/Environment/Objects/Phon_Stand/Porta_Phon.uexp" 2849
"C:/Users/cerve/OneDrive/Documenti/Desktop/Tirocinio/TirocinioBadViceGames/Tirocinio_Giuseppe/Content/Environment/Objects/Room_Closet/Type_001/T_RoomCloset_AO_Type_001.ubulk" 2850
"C:/Users/cerve/OneDrive/Documenti/Desktop/Tirocinio/TirocinioBadViceGames/Tirocinio_Giuseppe/Content/Environment/Objects/Room_Closet/Type_001/T_RoomCloset_AO_Type_001.uasset" 2851
"C:/Users/cerve/OneDrive/Documenti/Desktop/Tirocinio/TirocinioBadViceGames/Tirocinio_Giuseppe/Content/Environment/Objects/Room_Closet/Type_001/T_RoomCloset_AO_Type_001.uexp" 2852
"C:/Users/cerve/OneDrive/Documenti/Desktop/Tirocinio/TirocinioBadViceGames/Tirocinio_Giuseppe/Content/Environment/Objects/Room_Closet/Type_001/T_RoomCloset_Metallic_Type_001.ubulk" 2853
"C:/Users/cerve/OneDrive/Documenti/Desktop/Tirocinio/TirocinioBadViceGames/Tirocinio_Giuseppe/Content/Environment/Objects/Room_Closet/Type_001/T_RoomCloset_Metallic_Type_001.uasset" 2854
"C:/Users/cerve/OneDrive/Documenti/Desktop/Tirocinio/TirocinioBadViceGames/Tirocinio_Giuseppe/Content/Environment/Objects/Room_Closet/Type_001/T_RoomCloset_Metallic_Type_001.uexp" 2855
"C:/Users/cerve/OneDrive/Documenti/Desktop/Tirocinio/TirocinioBadViceGames/Tirocinio_Giuseppe/Content/Environment/Objects/Room_Closet/Type_001/T_RoomCloset_Roughness_Type_001.ubulk" 2856
"C:/Users/cerve/OneDrive/Documenti/Desktop/Tirocinio/TirocinioBadViceGames/Tirocinio_Giuseppe/Content/Environment/Objects/Room_Closet/Type_001/T_RoomCloset_Roughness_Type_001.uasset" 2857
"C:/Users/cerve/OneDrive/Documenti/Desktop/Tirocinio/TirocinioBadViceGames/Tirocinio_Giuseppe/Content/Environment/Objects/Room_Closet/Type_001/T_RoomCloset_Roughness_Type_001.uexp" 2858
"C:/Users/cerve/OneDrive/Documenti/Desktop/Tirocinio/TirocinioBadViceGames/Tirocinio_Giuseppe/Content/Environment/Objects/Room_Closet/Type_001/T_RoomCloset_Normal_Type_001.ubulk" 2859
"C:/Users/cerve/OneDrive/Documenti/Desktop/Tirocinio/TirocinioBadViceGames/Tirocinio_Giuseppe/Content/Environment/Objects/Room_Closet/Type_001/T_RoomCloset_Normal_Type_001.uasset" 2860
"C:/Users/cerve/OneDrive/Documenti/Desktop/Tirocinio/TirocinioBadViceGames/Tirocinio_Giuseppe/Content/Environment/Objects/Room_Closet/Type_001/T_RoomCloset_Normal_Type_001.uexp" 2861
"C:/Users/cerve/OneDrive/Documenti/Desktop/Tirocinio/TirocinioBadViceGames/Tirocinio_Giuseppe/Content/Environment/Objects/Room_Closet/Type_001/T_RoomCloset_BaseColor_Type_001.ubulk" 2862
"C:/Users/cerve/OneDrive/Documenti/Desktop/Tirocinio/TirocinioBadViceGames/Tirocinio_Giuseppe/Content/Environment/Objects/Room_Closet/Type_001/T_RoomCloset_BaseColor_Type_001.uasset" 2863
"C:/Users/cerve/OneDrive/Documenti/Desktop/Tirocinio/TirocinioBadViceGames/Tirocinio_Giuseppe/Content/Environment/Objects/Room_Closet/Type_001/T_RoomCloset_BaseColor_Type_001.uexp" 2864
"C:/Users/cerve/OneDrive/Documenti/Desktop/Tirocinio/TirocinioBadViceGames/Tirocinio_Giuseppe/Content/Environment/Objects/Room_Closet/Type_001/M_RoomCloset_001.uasset" 2865
"C:/Users/cerve/OneDrive/Documenti/Desktop/Tirocinio/TirocinioBadViceGames/Tirocinio_Giuseppe/Content/Environment/Objects/Room_Closet/Type_001/M_RoomCloset_001.uexp" 2866
"C:/Users/cerve/OneDrive/Documenti/Desktop/Tirocinio/TirocinioBadViceGames/Tirocinio_Giuseppe/Content/Environment/Objects/Room_Closet/Type_001/Room_Closet_Type_001.ubulk" 2867
"C:/Users/cerve/OneDrive/Documenti/Desktop/Tirocinio/TirocinioBadViceGames/Tirocinio_Giuseppe/Content/Environment/Objects/Room_Closet/Type_001/Room_Closet_Type_001.uasset" 2868
"C:/Users/cerve/OneDrive/Documenti/Desktop/Tirocinio/TirocinioBadViceGames/Tirocinio_Giuseppe/Content/Environment/Objects/Room_Closet/Type_001/Room_Closet_Type_001.uexp" 2869
"C:/Users/cerve/OneDrive/Documenti/Desktop/Tirocinio/TirocinioBadViceGames/Tirocinio_Giuseppe/Content/Environment/Objects/Room_Closet/Type_002/T_RoomCloset_Roughness_Type_002.ubulk" 2870
"C:/Users/cerve/OneDrive/Documenti/Desktop/Tirocinio/TirocinioBadViceGames/Tirocinio_Giuseppe/Content/Environment/Objects/Room_Closet/Type_002/T_RoomCloset_Roughness_Type_002.uasset" 2871
"C:/Users/cerve/OneDrive/Documenti/Desktop/Tirocinio/TirocinioBadViceGames/Tirocinio_Giuseppe/Content/Environment/Objects/Room_Closet/Type_002/T_RoomCloset_Roughness_Type_002.uexp" 2872
"C:/Users/cerve/OneDrive/Documenti/Desktop/Tirocinio/TirocinioBadViceGames/Tirocinio_Giuseppe/Content/Environment/Objects/Room_Closet/Type_002/T_RoomCloset_Normal_Type_002.ubulk" 2873
"C:/Users/cerve/OneDrive/Documenti/Desktop/Tirocinio/TirocinioBadViceGames/Tirocinio_Giuseppe/Content/Environment/Objects/Room_Closet/Type_002/T_RoomCloset_Normal_Type_002.uasset" 2874
"C:/Users/cerve/OneDrive/Documenti/Desktop/Tirocinio/TirocinioBadViceGames/Tirocinio_Giuseppe/Content/Environment/Objects/Room_Closet/Type_002/T_RoomCloset_Normal_Type_002.uexp" 2875
"C:/Users/cerve/OneDrive/Documenti/Desktop/Tirocinio/TirocinioBadViceGames/Tirocinio_Giuseppe/Content/Environment/Objects/Room_Closet/Type_002/T_RoomCloset_BaseColor_Type_002.ubulk" 2876
"C:/Users/cerve/OneDrive/Documenti/Desktop/Tirocinio/TirocinioBadViceGames/Tirocinio_Giuseppe/Content/Environment/Objects/Room_Closet/Type_002/T_RoomCloset_BaseColor_Type_002.uasset" 2877
"C:/Users/cerve/OneDrive/Documenti/Desktop/Tirocinio/TirocinioBadViceGames/Tirocinio_Giuseppe/Content/Environment/Objects/Room_Closet/Type_002/T_RoomCloset_BaseColor_Type_002.uexp" 2878
"C:/Users/cerve/OneDrive/Documenti/Desktop/Tirocinio/TirocinioBadViceGames/Tirocinio_Giuseppe/Content/Environment/Objects/Room_Closet/Type_002/M_RoomCloset_002.uasset" 2879
"C:/Users/cerve/OneDrive/Documenti/Desktop/Tirocinio/TirocinioBadViceGames/Tirocinio_Giuseppe/Content/Environment/Objects/Room_Closet/Type_002/M_RoomCloset_002.uexp" 2880
"C:/Users/cerve/OneDrive/Documenti/Desktop/Tirocinio/TirocinioBadViceGames/Tirocinio_Giuseppe/Content/Environment/Objects/Room_Closet/Type_002/Room_Closet_Type_002.ubulk" 2881
"C:/Users/cerve/OneDrive/Documenti/Desktop/Tirocinio/TirocinioBadViceGames/Tirocinio_Giuseppe/Content/Environment/Objects/Room_Closet/Type_002/Room_Closet_Type_002.uasset" 2882
"C:/Users/cerve/OneDrive/Documenti/Desktop/Tirocinio/TirocinioBadViceGames/Tirocinio_Giuseppe/Content/Environment/Objects/Room_Closet/Type_002/Room_Closet_Type_002.uexp" 2883
"C:/Users/cerve/OneDrive/Documenti/Desktop/Tirocinio/TirocinioBadViceGames/Tirocinio_Giuseppe/Content/Environment/Objects/Room_Closet/Type_003/T_RoomCloset_Roughness_Type_003.ubulk" 2884
"C:/Users/cerve/OneDrive/Documenti/Desktop/Tirocinio/TirocinioBadViceGames/Tirocinio_Giuseppe/Content/Environment/Objects/Room_Closet/Type_003/T_RoomCloset_Roughness_Type_003.uasset" 2885
"C:/Users/cerve/OneDrive/Documenti/Desktop/Tirocinio/TirocinioBadViceGames/Tirocinio_Giuseppe/Content/Environment/Objects/Room_Closet/Type_003/T_RoomCloset_Roughness_Type_003.uexp" 2886
"C:/Users/cerve/OneDrive/Documenti/Desktop/Tirocinio/TirocinioBadViceGames/Tirocinio_Giuseppe/Content/Environment/Objects/Room_Closet/Type_003/T_RoomCloset_Normal_Type_003.ubulk" 2887
"C:/Users/cerve/OneDrive/Documenti/Desktop/Tirocinio/TirocinioBadViceGames/Tirocinio_Giuseppe/Content/Environment/Objects/Room_Closet/Type_003/T_RoomCloset_Normal_Type_003.uasset" 2888
"C:/Users/cerve/OneDrive/Documenti/Desktop/Tirocinio/TirocinioBadViceGames/Tirocinio_Giuseppe/Content/Environment/Objects/Room_Closet/Type_003/T_RoomCloset_Normal_Type_003.uexp" 2889
"C:/Users/cerve/OneDrive/Documenti/Desktop/Tirocinio/TirocinioBadViceGames/Tirocinio_Giuseppe/Content/Environment/Objects/Room_Closet/Type_003/T_RoomCloset_BaseColor_Type_003.ubulk" 2890
"C:/Users/cerve/OneDrive/Documenti/Desktop/Tirocinio/TirocinioBadViceGames/Tirocinio_Giuseppe/Content/Environment/Objects/Room_Closet/Type_003/T_RoomCloset_BaseColor_Type_003.uasset" 2891
"C:/Users/cerve/OneDrive/Documenti/Desktop/Tirocinio/TirocinioBadViceGames/Tirocinio_Giuseppe/Content/Environment/Objects/Room_Closet/Type_003/T_RoomCloset_BaseColor_Type_003.uexp" 2892
"C:/Users/cerve/OneDrive/Documenti/Desktop/Tirocinio/TirocinioBadViceGames/Tirocinio_Giuseppe/Content/Environment/Objects/Room_Closet/Type_003/M_RoomCloset_003.uasset" 2893
"C:/Users/cerve/OneDrive/Documenti/Desktop/Tirocinio/TirocinioBadViceGames/Tirocinio_Giuseppe/Content/Environment/Objects/Room_Closet/Type_003/M_RoomCloset_003.uexp" 2894
"C:/Users/cerve/OneDrive/Documenti/Desktop/Tirocinio/TirocinioBadViceGames/Tirocinio_Giuseppe/Content/Environment/Objects/Room_Closet/Type_003/Room_Closet_Type_003.ubulk" 2895
"C:/Users/cerve/OneDrive/Documenti/Desktop/Tirocinio/TirocinioBadViceGames/Tirocinio_Giuseppe/Content/Environment/Objects/Room_Closet/Type_003/Room_Closet_Type_003.uasset" 2896
"C:/Users/cerve/OneDrive/Documenti/Desktop/Tirocinio/TirocinioBadViceGames/Tirocinio_Giuseppe/Content/Environment/Objects/Room_Closet/Type_003/Room_Closet_Type_003.uexp" 2897
"C:/Users/cerve/OneDrive/Documenti/Desktop/Tirocinio/TirocinioBadViceGames/Tirocinio_Giuseppe/Content/Environment/Objects/Room_Closet/Type_004/T_RoomCloset_Roughness_Type_004.ubulk" 2898
"C:/Users/cerve/OneDrive/Documenti/Desktop/Tirocinio/TirocinioBadViceGames/Tirocinio_Giuseppe/Content/Environment/Objects/Room_Closet/Type_004/T_RoomCloset_Roughness_Type_004.uasset" 2899
"C:/Users/cerve/OneDrive/Documenti/Desktop/Tirocinio/TirocinioBadViceGames/Tirocinio_Giuseppe/Content/Environment/Objects/Room_Closet/Type_004/T_RoomCloset_Roughness_Type_004.uexp" 2900
"C:/Users/cerve/OneDrive/Documenti/Desktop/Tirocinio/TirocinioBadViceGames/Tirocinio_Giuseppe/Content/Environment/Objects/Room_Closet/Type_004/T_RoomCloset_Normal_Type_004.ubulk" 2901
"C:/Users/cerve/OneDrive/Documenti/Desktop/Tirocinio/TirocinioBadViceGames/Tirocinio_Giuseppe/Content/Environment/Objects/Room_Closet/Type_004/T_RoomCloset_Normal_Type_004.uasset" 2902
"C:/Users/cerve/OneDrive/Documenti/Desktop/Tirocinio/TirocinioBadViceGames/Tirocinio_Giuseppe/Content/Environment/Objects/Room_Closet/Type_004/T_RoomCloset_Normal_Type_004.uexp" 2903
"C:/Users/cerve/OneDrive/Documenti/Desktop/Tirocinio/TirocinioBadViceGames/Tirocinio_Giuseppe/Content/Environment/Objects/Room_Closet/Type_004/T_RoomCloset_BaseColor_Type_004.ubulk" 2904
"C:/Users/cerve/OneDrive/Documenti/Desktop/Tirocinio/TirocinioBadViceGames/Tirocinio_Giuseppe/Content/Environment/Objects/Room_Closet/Type_004/T_RoomCloset_BaseColor_Type_004.uasset" 2905
"C:/Users/cerve/OneDrive/Documenti/Desktop/Tirocinio/TirocinioBadViceGames/Tirocinio_Giuseppe/Content/Environment/Objects/Room_Closet/Type_004/T_RoomCloset_BaseColor_Type_004.uexp" 2906
"C:/Users/cerve/OneDrive/Documenti/Desktop/Tirocinio/TirocinioBadViceGames/Tirocinio_Giuseppe/Content/Environment/Objects/Room_Closet/Type_004/M_RoomCloset_004.uasset" 2907
"C:/Users/cerve/OneDrive/Documenti/Desktop/Tirocinio/TirocinioBadViceGames/Tirocinio_Giuseppe/Content/Environment/Objects/Room_Closet/Type_004/M_RoomCloset_004.uexp" 2908
"C:/Users/cerve/OneDrive/Documenti/Desktop/Tirocinio/TirocinioBadViceGames/Tirocinio_Giuseppe/Content/Environment/Objects/Room_Closet/Type_004/Room_Closet_Type_004.ubulk" 2909
"C:/Users/cerve/OneDrive/Documenti/Desktop/Tirocinio/TirocinioBadViceGames/Tirocinio_Giuseppe/Content/Environment/Objects/Room_Closet/Type_004/Room_Closet_Type_004.uasset" 2910
"C:/Users/cerve/OneDrive/Documenti/Desktop/Tirocinio/TirocinioBadViceGames/Tirocinio_Giuseppe/Content/Environment/Objects/Room_Closet/Type_004/Room_Closet_Type_004.uexp" 2911
"C:/Users/cerve/OneDrive/Documenti/Desktop/Tirocinio/TirocinioBadViceGames/Tirocinio_Giuseppe/Content/Environment/Objects/Room_Night_Table/Room_NightTable_001_Roughness.ubulk" 2912
"C:/Users/cerve/OneDrive/Documenti/Desktop/Tirocinio/TirocinioBadViceGames/Tirocinio_Giuseppe/Content/Environment/Objects/Room_Night_Table/Room_NightTable_001_Roughness.uasset" 2913
"C:/Users/cerve/OneDrive/Documenti/Desktop/Tirocinio/TirocinioBadViceGames/Tirocinio_Giuseppe/Content/Environment/Objects/Room_Night_Table/Room_NightTable_001_Roughness.uexp" 2914
"C:/Users/cerve/OneDrive/Documenti/Desktop/Tirocinio/TirocinioBadViceGames/Tirocinio_Giuseppe/Content/Environment/Objects/Room_Night_Table/Room_NightTable_001_Normal_OpenGL.ubulk" 2915
"C:/Users/cerve/OneDrive/Documenti/Desktop/Tirocinio/TirocinioBadViceGames/Tirocinio_Giuseppe/Content/Environment/Objects/Room_Night_Table/Room_NightTable_001_Normal_OpenGL.uasset" 2916
"C:/Users/cerve/OneDrive/Documenti/Desktop/Tirocinio/TirocinioBadViceGames/Tirocinio_Giuseppe/Content/Environment/Objects/Room_Night_Table/Room_NightTable_001_Normal_OpenGL.uexp" 2917
"C:/Users/cerve/OneDrive/Documenti/Desktop/Tirocinio/TirocinioBadViceGames/Tirocinio_Giuseppe/Content/Environment/Objects/Room_Night_Table/Room_NightTable_001_Base_color.ubulk" 2918
"C:/Users/cerve/OneDrive/Documenti/Desktop/Tirocinio/TirocinioBadViceGames/Tirocinio_Giuseppe/Content/Environment/Objects/Room_Night_Table/Room_NightTable_001_Base_color.uasset" 2919
"C:/Users/cerve/OneDrive/Documenti/Desktop/Tirocinio/TirocinioBadViceGames/Tirocinio_Giuseppe/Content/Environment/Objects/Room_Night_Table/Room_NightTable_001_Base_color.uexp" 2920
"C:/Users/cerve/OneDrive/Documenti/Desktop/Tirocinio/TirocinioBadViceGames/Tirocinio_Giuseppe/Content/Environment/Objects/Room_Night_Table/Room_NightTable_001_AO.ubulk" 2921
"C:/Users/cerve/OneDrive/Documenti/Desktop/Tirocinio/TirocinioBadViceGames/Tirocinio_Giuseppe/Content/Environment/Objects/Room_Night_Table/Room_NightTable_001_AO.uasset" 2922
"C:/Users/cerve/OneDrive/Documenti/Desktop/Tirocinio/TirocinioBadViceGames/Tirocinio_Giuseppe/Content/Environment/Objects/Room_Night_Table/Room_NightTable_001_AO.uexp" 2923
"C:/Users/cerve/OneDrive/Documenti/Desktop/Tirocinio/TirocinioBadViceGames/Tirocinio_Giuseppe/Content/Environment/Objects/Room_Night_Table/M_Room_Night_Table.uasset" 2924
"C:/Users/cerve/OneDrive/Documenti/Desktop/Tirocinio/TirocinioBadViceGames/Tirocinio_Giuseppe/Content/Environment/Objects/Room_Night_Table/M_Room_Night_Table.uexp" 2925
"C:/Users/cerve/OneDrive/Documenti/Desktop/Tirocinio/TirocinioBadViceGames/Tirocinio_Giuseppe/Content/Environment/Objects/Room_Night_Table/Room_NightTable_Type_001.ubulk" 2926
"C:/Users/cerve/OneDrive/Documenti/Desktop/Tirocinio/TirocinioBadViceGames/Tirocinio_Giuseppe/Content/Environment/Objects/Room_Night_Table/Room_NightTable_Type_001.uasset" 2927
"C:/Users/cerve/OneDrive/Documenti/Desktop/Tirocinio/TirocinioBadViceGames/Tirocinio_Giuseppe/Content/Environment/Objects/Room_Night_Table/Room_NightTable_Type_001.uexp" 2928
"C:/Users/cerve/OneDrive/Documenti/Desktop/Tirocinio/TirocinioBadViceGames/Tirocinio_Giuseppe/Content/Environment/Objects/Room_Phon/Room_Phon_001_Roughness.ubulk" 2929
"C:/Users/cerve/OneDrive/Documenti/Desktop/Tirocinio/TirocinioBadViceGames/Tirocinio_Giuseppe/Content/Environment/Objects/Room_Phon/Room_Phon_001_Roughness.uasset" 2930
"C:/Users/cerve/OneDrive/Documenti/Desktop/Tirocinio/TirocinioBadViceGames/Tirocinio_Giuseppe/Content/Environment/Objects/Room_Phon/Room_Phon_001_Roughness.uexp" 2931
"C:/Users/cerve/OneDrive/Documenti/Desktop/Tirocinio/TirocinioBadViceGames/Tirocinio_Giuseppe/Content/Environment/Objects/Room_Phon/Room_Phon_001_Normal_OpenGL.ubulk" 2932
"C:/Users/cerve/OneDrive/Documenti/Desktop/Tirocinio/TirocinioBadViceGames/Tirocinio_Giuseppe/Content/Environment/Objects/Room_Phon/Room_Phon_001_Normal_OpenGL.uasset" 2933
"C:/Users/cerve/OneDrive/Documenti/Desktop/Tirocinio/TirocinioBadViceGames/Tirocinio_Giuseppe/Content/Environment/Objects/Room_Phon/Room_Phon_001_Normal_OpenGL.uexp" 2934
"C:/Users/cerve/OneDrive/Documenti/Desktop/Tirocinio/TirocinioBadViceGames/Tirocinio_Giuseppe/Content/Environment/Objects/Room_Phon/Room_Phon_001_Mixed_AO.ubulk" 2935
"C:/Users/cerve/OneDrive/Documenti/Desktop/Tirocinio/TirocinioBadViceGames/Tirocinio_Giuseppe/Content/Environment/Objects/Room_Phon/Room_Phon_001_Mixed_AO.uasset" 2936
"C:/Users/cerve/OneDrive/Documenti/Desktop/Tirocinio/TirocinioBadViceGames/Tirocinio_Giuseppe/Content/Environment/Objects/Room_Phon/Room_Phon_001_Mixed_AO.uexp" 2937
"C:/Users/cerve/OneDrive/Documenti/Desktop/Tirocinio/TirocinioBadViceGames/Tirocinio_Giuseppe/Content/Environment/Objects/Room_Phon/Room_Phon_001_Metallic.ubulk" 2938
"C:/Users/cerve/OneDrive/Documenti/Desktop/Tirocinio/TirocinioBadViceGames/Tirocinio_Giuseppe/Content/Environment/Objects/Room_Phon/Room_Phon_001_Metallic.uasset" 2939
"C:/Users/cerve/OneDrive/Documenti/Desktop/Tirocinio/TirocinioBadViceGames/Tirocinio_Giuseppe/Content/Environment/Objects/Room_Phon/Room_Phon_001_Metallic.uexp" 2940
"C:/Users/cerve/OneDrive/Documenti/Desktop/Tirocinio/TirocinioBadViceGames/Tirocinio_Giuseppe/Content/Environment/Objects/Room_Phon/Room_Phon_001_Base_color.ubulk" 2941
"C:/Users/cerve/OneDrive/Documenti/Desktop/Tirocinio/TirocinioBadViceGames/Tirocinio_Giuseppe/Content/Environment/Objects/Room_Phon/Room_Phon_001_Base_color.uasset" 2942
"C:/Users/cerve/OneDrive/Documenti/Desktop/Tirocinio/TirocinioBadViceGames/Tirocinio_Giuseppe/Content/Environment/Objects/Room_Phon/Room_Phon_001_Base_color.uexp" 2943
"C:/Users/cerve/OneDrive/Documenti/Desktop/Tirocinio/TirocinioBadViceGames/Tirocinio_Giuseppe/Content/Environment/Objects/Room_Phon/M_Room_Phon.uasset" 2944
"C:/Users/cerve/OneDrive/Documenti/Desktop/Tirocinio/TirocinioBadViceGames/Tirocinio_Giuseppe/Content/Environment/Objects/Room_Phon/M_Room_Phon.uexp" 2945
"C:/Users/cerve/OneDrive/Documenti/Desktop/Tirocinio/TirocinioBadViceGames/Tirocinio_Giuseppe/Content/Environment/Objects/Room_Phon/Room_Phon_Type_001_.ubulk" 2946
"C:/Users/cerve/OneDrive/Documenti/Desktop/Tirocinio/TirocinioBadViceGames/Tirocinio_Giuseppe/Content/Environment/Objects/Room_Phon/Room_Phon_Type_001_.uasset" 2947
"C:/Users/cerve/OneDrive/Documenti/Desktop/Tirocinio/TirocinioBadViceGames/Tirocinio_Giuseppe/Content/Environment/Objects/Room_Phon/Room_Phon_Type_001_.uexp" 2948
"C:/Users/cerve/OneDrive/Documenti/Desktop/Tirocinio/TirocinioBadViceGames/Tirocinio_Giuseppe/Content/Environment/Objects/Room_Single_Bed/Single_Bed_Roughness.ubulk" 2949
"C:/Users/cerve/OneDrive/Documenti/Desktop/Tirocinio/TirocinioBadViceGames/Tirocinio_Giuseppe/Content/Environment/Objects/Room_Single_Bed/Single_Bed_Roughness.uasset" 2950
"C:/Users/cerve/OneDrive/Documenti/Desktop/Tirocinio/TirocinioBadViceGames/Tirocinio_Giuseppe/Content/Environment/Objects/Room_Single_Bed/Single_Bed_Roughness.uexp" 2951
"C:/Users/cerve/OneDrive/Documenti/Desktop/Tirocinio/TirocinioBadViceGames/Tirocinio_Giuseppe/Content/Environment/Objects/Room_Single_Bed/Single_Bed_Normal_OpenGL.ubulk" 2952
"C:/Users/cerve/OneDrive/Documenti/Desktop/Tirocinio/TirocinioBadViceGames/Tirocinio_Giuseppe/Content/Environment/Objects/Room_Single_Bed/Single_Bed_Normal_OpenGL.uasset" 2953
"C:/Users/cerve/OneDrive/Documenti/Desktop/Tirocinio/TirocinioBadViceGames/Tirocinio_Giuseppe/Content/Environment/Objects/Room_Single_Bed/Single_Bed_Normal_OpenGL.uexp" 2954
"C:/Users/cerve/OneDrive/Documenti/Desktop/Tirocinio/TirocinioBadViceGames/Tirocinio_Giuseppe/Content/Environment/Objects/Room_Single_Bed/Single_Bed_Mixed_AO.ubulk" 2955
"C:/Users/cerve/OneDrive/Documenti/Desktop/Tirocinio/TirocinioBadViceGames/Tirocinio_Giuseppe/Content/Environment/Objects/Room_Single_Bed/Single_Bed_Mixed_AO.uasset" 2956
"C:/Users/cerve/OneDrive/Documenti/Desktop/Tirocinio/TirocinioBadViceGames/Tirocinio_Giuseppe/Content/Environment/Objects/Room_Single_Bed/Single_Bed_Mixed_AO.uexp" 2957
"C:/Users/cerve/OneDrive/Documenti/Desktop/Tirocinio/TirocinioBadViceGames/Tirocinio_Giuseppe/Content/Environment/Objects/Room_Single_Bed/Single_Bed_Metallic.ubulk" 2958
"C:/Users/cerve/OneDrive/Documenti/Desktop/Tirocinio/TirocinioBadViceGames/Tirocinio_Giuseppe/Content/Environment/Objects/Room_Single_Bed/Single_Bed_Metallic.uasset" 2959
"C:/Users/cerve/OneDrive/Documenti/Desktop/Tirocinio/TirocinioBadViceGames/Tirocinio_Giuseppe/Content/Environment/Objects/Room_Single_Bed/Single_Bed_Metallic.uexp" 2960
"C:/Users/cerve/OneDrive/Documenti/Desktop/Tirocinio/TirocinioBadViceGames/Tirocinio_Giuseppe/Content/Environment/Objects/Room_Single_Bed/Single_Bed_Base_color.ubulk" 2961
"C:/Users/cerve/OneDrive/Documenti/Desktop/Tirocinio/TirocinioBadViceGames/Tirocinio_Giuseppe/Content/Environment/Objects/Room_Single_Bed/Single_Bed_Base_color.uasset" 2962
"C:/Users/cerve/OneDrive/Documenti/Desktop/Tirocinio/TirocinioBadViceGames/Tirocinio_Giuseppe/Content/Environment/Objects/Room_Single_Bed/Single_Bed_Base_color.uexp" 2963
"C:/Users/cerve/OneDrive/Documenti/Desktop/Tirocinio/TirocinioBadViceGames/Tirocinio_Giuseppe/Content/Environment/Objects/Room_Single_Bed/M_Room_Signel_Bed_001.uasset" 2964
"C:/Users/cerve/OneDrive/Documenti/Desktop/Tirocinio/TirocinioBadViceGames/Tirocinio_Giuseppe/Content/Environment/Objects/Room_Single_Bed/M_Room_Signel_Bed_001.uexp" 2965
"C:/Users/cerve/OneDrive/Documenti/Desktop/Tirocinio/TirocinioBadViceGames/Tirocinio_Giuseppe/Content/Environment/Objects/Room_Single_Bed/Single_Bed_001.ubulk" 2966
"C:/Users/cerve/OneDrive/Documenti/Desktop/Tirocinio/TirocinioBadViceGames/Tirocinio_Giuseppe/Content/Environment/Objects/Room_Single_Bed/Single_Bed_001.uasset" 2967
"C:/Users/cerve/OneDrive/Documenti/Desktop/Tirocinio/TirocinioBadViceGames/Tirocinio_Giuseppe/Content/Environment/Objects/Room_Single_Bed/Single_Bed_001.uexp" 2968
"C:/Users/cerve/OneDrive/Documenti/Desktop/Tirocinio/TirocinioBadViceGames/Tirocinio_Giuseppe/Content/Environment/Objects/Room_Table/T_RoomTable_Roughness_Type_001.ubulk" 2969
"C:/Users/cerve/OneDrive/Documenti/Desktop/Tirocinio/TirocinioBadViceGames/Tirocinio_Giuseppe/Content/Environment/Objects/Room_Table/T_RoomTable_Roughness_Type_001.uasset" 2970
"C:/Users/cerve/OneDrive/Documenti/Desktop/Tirocinio/TirocinioBadViceGames/Tirocinio_Giuseppe/Content/Environment/Objects/Room_Table/T_RoomTable_Roughness_Type_001.uexp" 2971
"C:/Users/cerve/OneDrive/Documenti/Desktop/Tirocinio/TirocinioBadViceGames/Tirocinio_Giuseppe/Content/Environment/Objects/Room_Table/T_RoomTable_Normal_Type_001.ubulk" 2972
"C:/Users/cerve/OneDrive/Documenti/Desktop/Tirocinio/TirocinioBadViceGames/Tirocinio_Giuseppe/Content/Environment/Objects/Room_Table/T_RoomTable_Normal_Type_001.uasset" 2973
"C:/Users/cerve/OneDrive/Documenti/Desktop/Tirocinio/TirocinioBadViceGames/Tirocinio_Giuseppe/Content/Environment/Objects/Room_Table/T_RoomTable_Normal_Type_001.uexp" 2974
"C:/Users/cerve/OneDrive/Documenti/Desktop/Tirocinio/TirocinioBadViceGames/Tirocinio_Giuseppe/Content/Environment/Objects/Room_Table/T_RoomTable_Metallic_Type_001.ubulk" 2975
"C:/Users/cerve/OneDrive/Documenti/Desktop/Tirocinio/TirocinioBadViceGames/Tirocinio_Giuseppe/Content/Environment/Objects/Room_Table/T_RoomTable_Metallic_Type_001.uasset" 2976
"C:/Users/cerve/OneDrive/Documenti/Desktop/Tirocinio/TirocinioBadViceGames/Tirocinio_Giuseppe/Content/Environment/Objects/Room_Table/T_RoomTable_Metallic_Type_001.uexp" 2977
"C:/Users/cerve/OneDrive/Documenti/Desktop/Tirocinio/TirocinioBadViceGames/Tirocinio_Giuseppe/Content/Environment/Objects/Room_Table/T_RoomTable_BaseColor_Type_001.ubulk" 2978
"C:/Users/cerve/OneDrive/Documenti/Desktop/Tirocinio/TirocinioBadViceGames/Tirocinio_Giuseppe/Content/Environment/Objects/Room_Table/T_RoomTable_BaseColor_Type_001.uasset" 2979
"C:/Users/cerve/OneDrive/Documenti/Desktop/Tirocinio/TirocinioBadViceGames/Tirocinio_Giuseppe/Content/Environment/Objects/Room_Table/T_RoomTable_BaseColor_Type_001.uexp" 2980
"C:/Users/cerve/OneDrive/Documenti/Desktop/Tirocinio/TirocinioBadViceGames/Tirocinio_Giuseppe/Content/Environment/Objects/Room_Table/T_RoomTable_AO_Type_001.ubulk" 2981
"C:/Users/cerve/OneDrive/Documenti/Desktop/Tirocinio/TirocinioBadViceGames/Tirocinio_Giuseppe/Content/Environment/Objects/Room_Table/T_RoomTable_AO_Type_001.uasset" 2982
"C:/Users/cerve/OneDrive/Documenti/Desktop/Tirocinio/TirocinioBadViceGames/Tirocinio_Giuseppe/Content/Environment/Objects/Room_Table/T_RoomTable_AO_Type_001.uexp" 2983
"C:/Users/cerve/OneDrive/Documenti/Desktop/Tirocinio/TirocinioBadViceGames/Tirocinio_Giuseppe/Content/Environment/Objects/Room_Table/M_cigarette_Pack.uasset" 2984
"C:/Users/cerve/OneDrive/Documenti/Desktop/Tirocinio/TirocinioBadViceGames/Tirocinio_Giuseppe/Content/Environment/Objects/Room_Table/M_cigarette_Pack.uexp" 2985
"C:/Users/cerve/OneDrive/Documenti/Desktop/Tirocinio/TirocinioBadViceGames/Tirocinio_Giuseppe/Content/Environment/Objects/Room_Table/Room_Table_Type_001.ubulk" 2986
"C:/Users/cerve/OneDrive/Documenti/Desktop/Tirocinio/TirocinioBadViceGames/Tirocinio_Giuseppe/Content/Environment/Objects/Room_Table/Room_Table_Type_001.uasset" 2987
"C:/Users/cerve/OneDrive/Documenti/Desktop/Tirocinio/TirocinioBadViceGames/Tirocinio_Giuseppe/Content/Environment/Objects/Room_Table/Room_Table_Type_001.uexp" 2988
"C:/Users/cerve/OneDrive/Documenti/Desktop/Tirocinio/TirocinioBadViceGames/Tirocinio_Giuseppe/Content/Environment/Objects/Room_Wall_Lamp/Room_Wall_Lamp_001_Roughness.ubulk" 2989
"C:/Users/cerve/OneDrive/Documenti/Desktop/Tirocinio/TirocinioBadViceGames/Tirocinio_Giuseppe/Content/Environment/Objects/Room_Wall_Lamp/Room_Wall_Lamp_001_Roughness.uasset" 2990
"C:/Users/cerve/OneDrive/Documenti/Desktop/Tirocinio/TirocinioBadViceGames/Tirocinio_Giuseppe/Content/Environment/Objects/Room_Wall_Lamp/Room_Wall_Lamp_001_Roughness.uexp" 2991
"C:/Users/cerve/OneDrive/Documenti/Desktop/Tirocinio/TirocinioBadViceGames/Tirocinio_Giuseppe/Content/Environment/Objects/Room_Wall_Lamp/Room_Wall_Lamp_001_Normal_OpenGL.ubulk" 2992
"C:/Users/cerve/OneDrive/Documenti/Desktop/Tirocinio/TirocinioBadViceGames/Tirocinio_Giuseppe/Content/Environment/Objects/Room_Wall_Lamp/Room_Wall_Lamp_001_Normal_OpenGL.uasset" 2993
"C:/Users/cerve/OneDrive/Documenti/Desktop/Tirocinio/TirocinioBadViceGames/Tirocinio_Giuseppe/Content/Environment/Objects/Room_Wall_Lamp/Room_Wall_Lamp_001_Normal_OpenGL.uexp" 2994
"C:/Users/cerve/OneDrive/Documenti/Desktop/Tirocinio/TirocinioBadViceGames/Tirocinio_Giuseppe/Content/Environment/Objects/Room_Wall_Lamp/Room_Wall_Lamp_001_Mixed_AO.ubulk" 2995
"C:/Users/cerve/OneDrive/Documenti/Desktop/Tirocinio/TirocinioBadViceGames/Tirocinio_Giuseppe/Content/Environment/Objects/Room_Wall_Lamp/Room_Wall_Lamp_001_Mixed_AO.uasset" 2996
"C:/Users/cerve/OneDrive/Documenti/Desktop/Tirocinio/TirocinioBadViceGames/Tirocinio_Giuseppe/Content/Environment/Objects/Room_Wall_Lamp/Room_Wall_Lamp_001_Mixed_AO.uexp" 2997
"C:/Users/cerve/OneDrive/Documenti/Desktop/Tirocinio/TirocinioBadViceGames/Tirocinio_Giuseppe/Content/Environment/Objects/Room_Wall_Lamp/Room_Wall_Lamp_001_Metallic.ubulk" 2998
"C:/Users/cerve/OneDrive/Documenti/Desktop/Tirocinio/TirocinioBadViceGames/Tirocinio_Giuseppe/Content/Environment/Objects/Room_Wall_Lamp/Room_Wall_Lamp_001_Metallic.uasset" 2999
"C:/Users/cerve/OneDrive/Documenti/Desktop/Tirocinio/TirocinioBadViceGames/Tirocinio_Giuseppe/Content/Environment/Objects/Room_Wall_Lamp/Room_Wall_Lamp_001_Metallic.uexp" 3000
"C:/Users/cerve/OneDrive/Documenti/Desktop/Tirocinio/TirocinioBadViceGames/Tirocinio_Giuseppe/Content/Environment/Objects/Room_Wall_Lamp/Room_Wall_Lamp_001_color.ubulk" 3001
"C:/Users/cerve/OneDrive/Documenti/Desktop/Tirocinio/TirocinioBadViceGames/Tirocinio_Giuseppe/Content/Environment/Objects/Room_Wall_Lamp/Room_Wall_Lamp_001_color.uasset" 3002
"C:/Users/cerve/OneDrive/Documenti/Desktop/Tirocinio/TirocinioBadViceGames/Tirocinio_Giuseppe/Content/Environment/Objects/Room_Wall_Lamp/Room_Wall_Lamp_001_color.uexp" 3003
"C:/Users/cerve/OneDrive/Documenti/Desktop/Tirocinio/TirocinioBadViceGames/Tirocinio_Giuseppe/Content/Environment/Objects/Room_Wall_Lamp/M_RoomSink_001.uasset" 3004
"C:/Users/cerve/OneDrive/Documenti/Desktop/Tirocinio/TirocinioBadViceGames/Tirocinio_Giuseppe/Content/Environment/Objects/Room_Wall_Lamp/M_RoomSink_001.uexp" 3005
"C:/Users/cerve/OneDrive/Documenti/Desktop/Tirocinio/TirocinioBadViceGames/Tirocinio_Giuseppe/Content/Environment/Objects/Room_Wall_Lamp/Room_Wall_Lamp_Type_001.ubulk" 3006
"C:/Users/cerve/OneDrive/Documenti/Desktop/Tirocinio/TirocinioBadViceGames/Tirocinio_Giuseppe/Content/Environment/Objects/Room_Wall_Lamp/Room_Wall_Lamp_Type_001.uasset" 3007
"C:/Users/cerve/OneDrive/Documenti/Desktop/Tirocinio/TirocinioBadViceGames/Tirocinio_Giuseppe/Content/Environment/Objects/Room_Wall_Lamp/Room_Wall_Lamp_Type_001.uexp" 3008
"C:/Users/cerve/OneDrive/Documenti/Desktop/Tirocinio/TirocinioBadViceGames/Tirocinio_Giuseppe/Content/Environment/Objects/TurnTable/T_TurnTableLowPoly_Roughness_Type_001.ubulk" 3009
"C:/Users/cerve/OneDrive/Documenti/Desktop/Tirocinio/TirocinioBadViceGames/Tirocinio_Giuseppe/Content/Environment/Objects/TurnTable/T_TurnTableLowPoly_Roughness_Type_001.uasset" 3010
"C:/Users/cerve/OneDrive/Documenti/Desktop/Tirocinio/TirocinioBadViceGames/Tirocinio_Giuseppe/Content/Environment/Objects/TurnTable/T_TurnTableLowPoly_Roughness_Type_001.uexp" 3011
"C:/Users/cerve/OneDrive/Documenti/Desktop/Tirocinio/TirocinioBadViceGames/Tirocinio_Giuseppe/Content/Environment/Objects/TurnTable/T_TurnTableLowPoly_Normal_Type_001.ubulk" 3012
"C:/Users/cerve/OneDrive/Documenti/Desktop/Tirocinio/TirocinioBadViceGames/Tirocinio_Giuseppe/Content/Environment/Objects/TurnTable/T_TurnTableLowPoly_Normal_Type_001.uasset" 3013
"C:/Users/cerve/OneDrive/Documenti/Desktop/Tirocinio/TirocinioBadViceGames/Tirocinio_Giuseppe/Content/Environment/Objects/TurnTable/T_TurnTableLowPoly_Normal_Type_001.uexp" 3014
"C:/Users/cerve/OneDrive/Documenti/Desktop/Tirocinio/TirocinioBadViceGames/Tirocinio_Giuseppe/Content/Environment/Objects/TurnTable/T_TurnTableLowPoly_Metallic_Type_001.ubulk" 3015
"C:/Users/cerve/OneDrive/Documenti/Desktop/Tirocinio/TirocinioBadViceGames/Tirocinio_Giuseppe/Content/Environment/Objects/TurnTable/T_TurnTableLowPoly_Metallic_Type_001.uasset" 3016
"C:/Users/cerve/OneDrive/Documenti/Desktop/Tirocinio/TirocinioBadViceGames/Tirocinio_Giuseppe/Content/Environment/Objects/TurnTable/T_TurnTableLowPoly_Metallic_Type_001.uexp" 3017
"C:/Users/cerve/OneDrive/Documenti/Desktop/Tirocinio/TirocinioBadViceGames/Tirocinio_Giuseppe/Content/Environment/Objects/TurnTable/T_TurnTableLowPoly_BaseColor_Type_001.ubulk" 3018
"C:/Users/cerve/OneDrive/Documenti/Desktop/Tirocinio/TirocinioBadViceGames/Tirocinio_Giuseppe/Content/Environment/Objects/TurnTable/T_TurnTableLowPoly_BaseColor_Type_001.uasset" 3019
"C:/Users/cerve/OneDrive/Documenti/Desktop/Tirocinio/TirocinioBadViceGames/Tirocinio_Giuseppe/Content/Environment/Objects/TurnTable/T_TurnTableLowPoly_BaseColor_Type_001.uexp" 3020
"C:/Users/cerve/OneDrive/Documenti/Desktop/Tirocinio/TirocinioBadViceGames/Tirocinio_Giuseppe/Content/Environment/Objects/TurnTable/T_TurnTableLowPoly_AO_Type_001.ubulk" 3021
"C:/Users/cerve/OneDrive/Documenti/Desktop/Tirocinio/TirocinioBadViceGames/Tirocinio_Giuseppe/Content/Environment/Objects/TurnTable/T_TurnTableLowPoly_AO_Type_001.uasset" 3022
"C:/Users/cerve/OneDrive/Documenti/Desktop/Tirocinio/TirocinioBadViceGames/Tirocinio_Giuseppe/Content/Environment/Objects/TurnTable/T_TurnTableLowPoly_AO_Type_001.uexp" 3023
"C:/Users/cerve/OneDrive/Documenti/Desktop/Tirocinio/TirocinioBadViceGames/Tirocinio_Giuseppe/Content/Environment/Objects/TurnTable/M_TurnTable.uasset" 3024
"C:/Users/cerve/OneDrive/Documenti/Desktop/Tirocinio/TirocinioBadViceGames/Tirocinio_Giuseppe/Content/Environment/Objects/TurnTable/M_TurnTable.uexp" 3025
"C:/Users/cerve/OneDrive/Documenti/Desktop/Tirocinio/TirocinioBadViceGames/Tirocinio_Giuseppe/Content/Environment/Objects/TurnTable/Base_001.ubulk" 3026
"C:/Users/cerve/OneDrive/Documenti/Desktop/Tirocinio/TirocinioBadViceGames/Tirocinio_Giuseppe/Content/Environment/Objects/TurnTable/Base_001.uasset" 3027
"C:/Users/cerve/OneDrive/Documenti/Desktop/Tirocinio/TirocinioBadViceGames/Tirocinio_Giuseppe/Content/Environment/Objects/TurnTable/Base_001.uexp" 3028
"C:/Users/cerve/OneDrive/Documenti/Desktop/Tirocinio/TirocinioBadViceGames/Tirocinio_Giuseppe/Content/Environment/Objects/TurnTable/dirty_glass_43_92_glossiness.uasset" 3029
"C:/Users/cerve/OneDrive/Documenti/Desktop/Tirocinio/TirocinioBadViceGames/Tirocinio_Giuseppe/Content/Environment/Objects/TurnTable/dirty_glass_43_92_glossiness.uexp" 3030
"C:/Users/cerve/OneDrive/Documenti/Desktop/Tirocinio/TirocinioBadViceGames/Tirocinio_Giuseppe/Content/Materials/MM_Glass.uasset" 3031
"C:/Users/cerve/OneDrive/Documenti/Desktop/Tirocinio/TirocinioBadViceGames/Tirocinio_Giuseppe/Content/Materials/MM_Glass.uexp" 3032
"C:/Users/cerve/OneDrive/Documenti/Desktop/Tirocinio/TirocinioBadViceGames/Tirocinio_Giuseppe/Content/Environment/Objects/TurnTable/M_Glass_TurnTable.uasset" 3033
"C:/Users/cerve/OneDrive/Documenti/Desktop/Tirocinio/TirocinioBadViceGames/Tirocinio_Giuseppe/Content/Environment/Objects/TurnTable/M_Glass_TurnTable.uexp" 3034
"C:/Users/cerve/OneDrive/Documenti/Desktop/Tirocinio/TirocinioBadViceGames/Tirocinio_Giuseppe/Content/Environment/Objects/TurnTable/Cube_001.ubulk" 3035
"C:/Users/cerve/OneDrive/Documenti/Desktop/Tirocinio/TirocinioBadViceGames/Tirocinio_Giuseppe/Content/Environment/Objects/TurnTable/Cube_001.uasset" 3036
"C:/Users/cerve/OneDrive/Documenti/Desktop/Tirocinio/TirocinioBadViceGames/Tirocinio_Giuseppe/Content/Environment/Objects/TurnTable/Cube_001.uexp" 3037
"C:/Users/cerve/OneDrive/Documenti/Desktop/Tirocinio/TirocinioBadViceGames/Tirocinio_Giuseppe/Content/Environment/Room/Materials/M_BaseBoard_Room.uasset" 3038
"C:/Users/cerve/OneDrive/Documenti/Desktop/Tirocinio/TirocinioBadViceGames/Tirocinio_Giuseppe/Content/Environment/Room/Materials/M_BaseBoard_Room.uexp" 3039
"C:/Users/cerve/OneDrive/Documenti/Desktop/Tirocinio/TirocinioBadViceGames/Tirocinio_Giuseppe/Content/Environment/Room/Big_Room/Battiscopa_Stanza_grande.ubulk" 3040
"C:/Users/cerve/OneDrive/Documenti/Desktop/Tirocinio/TirocinioBadViceGames/Tirocinio_Giuseppe/Content/Environment/Room/Big_Room/Battiscopa_Stanza_grande.uasset" 3041
"C:/Users/cerve/OneDrive/Documenti/Desktop/Tirocinio/TirocinioBadViceGames/Tirocinio_Giuseppe/Content/Environment/Room/Big_Room/Battiscopa_Stanza_grande.uexp" 3042
"C:/Users/cerve/OneDrive/Documenti/Desktop/Tirocinio/TirocinioBadViceGames/Tirocinio_Giuseppe/Content/Environment/Room/Big_Room/Battiscopa_Stanza_grande_SX.ubulk" 3043
"C:/Users/cerve/OneDrive/Documenti/Desktop/Tirocinio/TirocinioBadViceGames/Tirocinio_Giuseppe/Content/Environment/Room/Big_Room/Battiscopa_Stanza_grande_SX.uasset" 3044
"C:/Users/cerve/OneDrive/Documenti/Desktop/Tirocinio/TirocinioBadViceGames/Tirocinio_Giuseppe/Content/Environment/Room/Big_Room/Battiscopa_Stanza_grande_SX.uexp" 3045
"C:/Users/cerve/OneDrive/Documenti/Desktop/Tirocinio/TirocinioBadViceGames/Tirocinio_Giuseppe/Content/Environment/Room/Materials/M_Room_Ceiling.uasset" 3046
"C:/Users/cerve/OneDrive/Documenti/Desktop/Tirocinio/TirocinioBadViceGames/Tirocinio_Giuseppe/Content/Environment/Room/Materials/M_Room_Ceiling.uexp" 3047
"C:/Users/cerve/OneDrive/Documenti/Desktop/Tirocinio/TirocinioBadViceGames/Tirocinio_Giuseppe/Content/Environment/Room/Big_Room/BigRoom_Ceiling.ubulk" 3048
"C:/Users/cerve/OneDrive/Documenti/Desktop/Tirocinio/TirocinioBadViceGames/Tirocinio_Giuseppe/Content/Environment/Room/Big_Room/BigRoom_Ceiling.uasset" 3049
"C:/Users/cerve/OneDrive/Documenti/Desktop/Tirocinio/TirocinioBadViceGames/Tirocinio_Giuseppe/Content/Environment/Room/Big_Room/BigRoom_Ceiling.uexp" 3050
"C:/Users/cerve/OneDrive/Documenti/Desktop/Tirocinio/TirocinioBadViceGames/Tirocinio_Giuseppe/Content/Environment/Room/Materials/M_Floor_Room.uasset" 3051
"C:/Users/cerve/OneDrive/Documenti/Desktop/Tirocinio/TirocinioBadViceGames/Tirocinio_Giuseppe/Content/Environment/Room/Materials/M_Floor_Room.uexp" 3052
"C:/Users/cerve/OneDrive/Documenti/Desktop/Tirocinio/TirocinioBadViceGames/Tirocinio_Giuseppe/Content/Environment/Room/Big_Room/BigRoom_Floor.ubulk" 3053
"C:/Users/cerve/OneDrive/Documenti/Desktop/Tirocinio/TirocinioBadViceGames/Tirocinio_Giuseppe/Content/Environment/Room/Big_Room/BigRoom_Floor.uasset" 3054
"C:/Users/cerve/OneDrive/Documenti/Desktop/Tirocinio/TirocinioBadViceGames/Tirocinio_Giuseppe/Content/Environment/Room/Big_Room/BigRoom_Floor.uexp" 3055
"C:/Users/cerve/OneDrive/Documenti/Desktop/Tirocinio/TirocinioBadViceGames/Tirocinio_Giuseppe/Content/Environment/Room/Textures/Bedroom/T_Room_Spec.uasset" 3056
"C:/Users/cerve/OneDrive/Documenti/Desktop/Tirocinio/TirocinioBadViceGames/Tirocinio_Giuseppe/Content/Environment/Room/Textures/Bedroom/T_Room_Spec.uexp" 3057
"C:/Users/cerve/OneDrive/Documenti/Desktop/Tirocinio/TirocinioBadViceGames/Tirocinio_Giuseppe/Content/Environment/Room/Textures/Bedroom/T_Room_N.uasset" 3058
"C:/Users/cerve/OneDrive/Documenti/Desktop/Tirocinio/TirocinioBadViceGames/Tirocinio_Giuseppe/Content/Environment/Room/Textures/Bedroom/T_Room_N.uexp" 3059
"C:/Users/cerve/OneDrive/Documenti/Desktop/Tirocinio/TirocinioBadViceGames/Tirocinio_Giuseppe/Content/Environment/Room/Textures/Bedroom/T_Room_BC.uasset" 3060
"C:/Users/cerve/OneDrive/Documenti/Desktop/Tirocinio/TirocinioBadViceGames/Tirocinio_Giuseppe/Content/Environment/Room/Textures/Bedroom/T_Room_BC.uexp" 3061
"C:/Users/cerve/OneDrive/Documenti/Desktop/Tirocinio/TirocinioBadViceGames/Tirocinio_Giuseppe/Content/Environment/Room/Textures/Bedroom/T_Room_AO.uasset" 3062
"C:/Users/cerve/OneDrive/Documenti/Desktop/Tirocinio/TirocinioBadViceGames/Tirocinio_Giuseppe/Content/Environment/Room/Textures/Bedroom/T_Room_AO.uexp" 3063
"C:/Users/cerve/OneDrive/Documenti/Desktop/Tirocinio/TirocinioBadViceGames/Tirocinio_Giuseppe/Content/Environment/Room/Materials/M_Wall_Room.uasset" 3064
"C:/Users/cerve/OneDrive/Documenti/Desktop/Tirocinio/TirocinioBadViceGames/Tirocinio_Giuseppe/Content/Environment/Room/Materials/M_Wall_Room.uexp" 3065
"C:/Users/cerve/OneDrive/Documenti/Desktop/Tirocinio/TirocinioBadViceGames/Tirocinio_Giuseppe/Content/Environment/Room/Big_Room/BigRoom_Floor_SX.ubulk" 3066
"C:/Users/cerve/OneDrive/Documenti/Desktop/Tirocinio/TirocinioBadViceGames/Tirocinio_Giuseppe/Content/Environment/Room/Big_Room/BigRoom_Floor_SX.uasset" 3067
"C:/Users/cerve/OneDrive/Documenti/Desktop/Tirocinio/TirocinioBadViceGames/Tirocinio_Giuseppe/Content/Environment/Room/Big_Room/BigRoom_Floor_SX.uexp" 3068
"C:/Users/cerve/OneDrive/Documenti/Desktop/Tirocinio/TirocinioBadViceGames/Tirocinio_Giuseppe/Content/Environment/Room/Big_Room/BigRoom_Wall.ubulk" 3069
"C:/Users/cerve/OneDrive/Documenti/Desktop/Tirocinio/TirocinioBadViceGames/Tirocinio_Giuseppe/Content/Environment/Room/Big_Room/BigRoom_Wall.uasset" 3070
"C:/Users/cerve/OneDrive/Documenti/Desktop/Tirocinio/TirocinioBadViceGames/Tirocinio_Giuseppe/Content/Environment/Room/Big_Room/BigRoom_Wall.uexp" 3071
"C:/Users/cerve/OneDrive/Documenti/Desktop/Tirocinio/TirocinioBadViceGames/Tirocinio_Giuseppe/Content/Environment/Room/Big_Room/Muro_Bagno_Grande.ubulk" 3072
"C:/Users/cerve/OneDrive/Documenti/Desktop/Tirocinio/TirocinioBadViceGames/Tirocinio_Giuseppe/Content/Environment/Room/Big_Room/Muro_Bagno_Grande.uasset" 3073
"C:/Users/cerve/OneDrive/Documenti/Desktop/Tirocinio/TirocinioBadViceGames/Tirocinio_Giuseppe/Content/Environment/Room/Big_Room/Muro_Bagno_Grande.uexp" 3074
"C:/Users/cerve/OneDrive/Documenti/Desktop/Tirocinio/TirocinioBadViceGames/Tirocinio_Giuseppe/Content/Environment/Room/Big_Room/Muro_Bagno_grande_SX.ubulk" 3075
"C:/Users/cerve/OneDrive/Documenti/Desktop/Tirocinio/TirocinioBadViceGames/Tirocinio_Giuseppe/Content/Environment/Room/Big_Room/Muro_Bagno_grande_SX.uasset" 3076
"C:/Users/cerve/OneDrive/Documenti/Desktop/Tirocinio/TirocinioBadViceGames/Tirocinio_Giuseppe/Content/Environment/Room/Big_Room/Muro_Bagno_grande_SX.uexp" 3077
"C:/Users/cerve/OneDrive/Documenti/Desktop/Tirocinio/TirocinioBadViceGames/Tirocinio_Giuseppe/Content/Environment/Room/Big_Room/Spessore_Muro_Bagno_Grande.ubulk" 3078
"C:/Users/cerve/OneDrive/Documenti/Desktop/Tirocinio/TirocinioBadViceGames/Tirocinio_Giuseppe/Content/Environment/Room/Big_Room/Spessore_Muro_Bagno_Grande.uasset" 3079
"C:/Users/cerve/OneDrive/Documenti/Desktop/Tirocinio/TirocinioBadViceGames/Tirocinio_Giuseppe/Content/Environment/Room/Big_Room/Spessore_Muro_Bagno_Grande.uexp" 3080
"C:/Users/cerve/OneDrive/Documenti/Desktop/Tirocinio/TirocinioBadViceGames/Tirocinio_Giuseppe/Content/Environment/Room/Big_Room/Spessore_Muro_Bagno_grande_SX.ubulk" 3081
"C:/Users/cerve/OneDrive/Documenti/Desktop/Tirocinio/TirocinioBadViceGames/Tirocinio_Giuseppe/Content/Environment/Room/Big_Room/Spessore_Muro_Bagno_grande_SX.uasset" 3082
"C:/Users/cerve/OneDrive/Documenti/Desktop/Tirocinio/TirocinioBadViceGames/Tirocinio_Giuseppe/Content/Environment/Room/Big_Room/Spessore_Muro_Bagno_grande_SX.uexp" 3083
"C:/Users/cerve/OneDrive/Documenti/Desktop/Tirocinio/TirocinioBadViceGames/Tirocinio_Giuseppe/Content/Environment/Room/Textures/Restroom/Floor/T_Restroom_Floor_Spec.uasset" 3084
"C:/Users/cerve/OneDrive/Documenti/Desktop/Tirocinio/TirocinioBadViceGames/Tirocinio_Giuseppe/Content/Environment/Room/Textures/Restroom/Floor/T_Restroom_Floor_Spec.uexp" 3085
"C:/Users/cerve/OneDrive/Documenti/Desktop/Tirocinio/TirocinioBadViceGames/Tirocinio_Giuseppe/Content/Environment/Room/Textures/Restroom/Floor/T_Restroom_Floor_N.uasset" 3086
"C:/Users/cerve/OneDrive/Documenti/Desktop/Tirocinio/TirocinioBadViceGames/Tirocinio_Giuseppe/Content/Environment/Room/Textures/Restroom/Floor/T_Restroom_Floor_N.uexp" 3087
"C:/Users/cerve/OneDrive/Documenti/Desktop/Tirocinio/TirocinioBadViceGames/Tirocinio_Giuseppe/Content/Environment/Room/Textures/Restroom/Floor/T_Restroom_Floor_BC.uasset" 3088
"C:/Users/cerve/OneDrive/Documenti/Desktop/Tirocinio/TirocinioBadViceGames/Tirocinio_Giuseppe/Content/Environment/Room/Textures/Restroom/Floor/T_Restroom_Floor_BC.uexp" 3089
"C:/Users/cerve/OneDrive/Documenti/Desktop/Tirocinio/TirocinioBadViceGames/Tirocinio_Giuseppe/Content/Environment/Room/Textures/Restroom/Floor/T_Restroom_Floor_AO.uasset" 3090
"C:/Users/cerve/OneDrive/Documenti/Desktop/Tirocinio/TirocinioBadViceGames/Tirocinio_Giuseppe/Content/Environment/Room/Textures/Restroom/Floor/T_Restroom_Floor_AO.uexp" 3091
"C:/Users/cerve/OneDrive/Documenti/Desktop/Tirocinio/TirocinioBadViceGames/Tirocinio_Giuseppe/Content/Environment/Room/Materials/M_Room_Restroom_Floor.uasset" 3092
"C:/Users/cerve/OneDrive/Documenti/Desktop/Tirocinio/TirocinioBadViceGames/Tirocinio_Giuseppe/Content/Environment/Room/Materials/M_Room_Restroom_Floor.uexp" 3093
"C:/Users/cerve/OneDrive/Documenti/Desktop/Tirocinio/TirocinioBadViceGames/Tirocinio_Giuseppe/Content/Environment/Room/Small_Room/Battiscopa_Stanza_P.ubulk" 3094
"C:/Users/cerve/OneDrive/Documenti/Desktop/Tirocinio/TirocinioBadViceGames/Tirocinio_Giuseppe/Content/Environment/Room/Small_Room/Battiscopa_Stanza_P.uasset" 3095
"C:/Users/cerve/OneDrive/Documenti/Desktop/Tirocinio/TirocinioBadViceGames/Tirocinio_Giuseppe/Content/Environment/Room/Small_Room/Battiscopa_Stanza_P.uexp" 3096
"C:/Users/cerve/OneDrive/Documenti/Desktop/Tirocinio/TirocinioBadViceGames/Tirocinio_Giuseppe/Content/Environment/Room/Small_Room/SmallRoom_BathRoom.ubulk" 3097
"C:/Users/cerve/OneDrive/Documenti/Desktop/Tirocinio/TirocinioBadViceGames/Tirocinio_Giuseppe/Content/Environment/Room/Small_Room/SmallRoom_BathRoom.uasset" 3098
"C:/Users/cerve/OneDrive/Documenti/Desktop/Tirocinio/TirocinioBadViceGames/Tirocinio_Giuseppe/Content/Environment/Room/Small_Room/SmallRoom_BathRoom.uexp" 3099
"C:/Users/cerve/OneDrive/Documenti/Desktop/Tirocinio/TirocinioBadViceGames/Tirocinio_Giuseppe/Content/Environment/Room/Small_Room/SmallRoom_Ceiling.ubulk" 3100
"C:/Users/cerve/OneDrive/Documenti/Desktop/Tirocinio/TirocinioBadViceGames/Tirocinio_Giuseppe/Content/Environment/Room/Small_Room/SmallRoom_Ceiling.uasset" 3101
"C:/Users/cerve/OneDrive/Documenti/Desktop/Tirocinio/TirocinioBadViceGames/Tirocinio_Giuseppe/Content/Environment/Room/Small_Room/SmallRoom_Ceiling.uexp" 3102
"C:/Users/cerve/OneDrive/Documenti/Desktop/Tirocinio/TirocinioBadViceGames/Tirocinio_Giuseppe/Content/Environment/Room/Small_Room/SmallRoom_Floor.ubulk" 3103
"C:/Users/cerve/OneDrive/Documenti/Desktop/Tirocinio/TirocinioBadViceGames/Tirocinio_Giuseppe/Content/Environment/Room/Small_Room/SmallRoom_Floor.uasset" 3104
"C:/Users/cerve/OneDrive/Documenti/Desktop/Tirocinio/TirocinioBadViceGames/Tirocinio_Giuseppe/Content/Environment/Room/Small_Room/SmallRoom_Floor.uexp" 3105
"C:/Users/cerve/OneDrive/Documenti/Desktop/Tirocinio/TirocinioBadViceGames/Tirocinio_Giuseppe/Content/Environment/Room/Small_Room/SmallRoom_Wall.ubulk" 3106
"C:/Users/cerve/OneDrive/Documenti/Desktop/Tirocinio/TirocinioBadViceGames/Tirocinio_Giuseppe/Content/Environment/Room/Small_Room/SmallRoom_Wall.uasset" 3107
"C:/Users/cerve/OneDrive/Documenti/Desktop/Tirocinio/TirocinioBadViceGames/Tirocinio_Giuseppe/Content/Environment/Room/Small_Room/SmallRoom_Wall.uexp" 3108
"C:/Users/cerve/OneDrive/Documenti/Desktop/Tirocinio/TirocinioBadViceGames/Tirocinio_Giuseppe/Content/Environment/Room/Small_Room/Spessore_Muro_Bagno_P.ubulk" 3109
"C:/Users/cerve/OneDrive/Documenti/Desktop/Tirocinio/TirocinioBadViceGames/Tirocinio_Giuseppe/Content/Environment/Room/Small_Room/Spessore_Muro_Bagno_P.uasset" 3110
"C:/Users/cerve/OneDrive/Documenti/Desktop/Tirocinio/TirocinioBadViceGames/Tirocinio_Giuseppe/Content/Environment/Room/Small_Room/Spessore_Muro_Bagno_P.uexp" 3111
"C:/Users/cerve/OneDrive/Documenti/Desktop/Tirocinio/TirocinioBadViceGames/Tirocinio_Giuseppe/Content/Environment/Objects/Body_Parts/Bones/Skull/Type_001/T_Skull_AO_Type_001.ubulk" 3112
"C:/Users/cerve/OneDrive/Documenti/Desktop/Tirocinio/TirocinioBadViceGames/Tirocinio_Giuseppe/Content/Environment/Objects/Body_Parts/Bones/Skull/Type_001/T_Skull_AO_Type_001.uasset" 3113
"C:/Users/cerve/OneDrive/Documenti/Desktop/Tirocinio/TirocinioBadViceGames/Tirocinio_Giuseppe/Content/Environment/Objects/Body_Parts/Bones/Skull/Type_001/T_Skull_AO_Type_001.uexp" 3114
"C:/Users/cerve/OneDrive/Documenti/Desktop/Tirocinio/TirocinioBadViceGames/Tirocinio_Giuseppe/Content/Environment/Objects/Body_Parts/Bones/Skull/Type_001/T_Skull_Roughness_Type_001.ubulk" 3115
"C:/Users/cerve/OneDrive/Documenti/Desktop/Tirocinio/TirocinioBadViceGames/Tirocinio_Giuseppe/Content/Environment/Objects/Body_Parts/Bones/Skull/Type_001/T_Skull_Roughness_Type_001.uasset" 3116
"C:/Users/cerve/OneDrive/Documenti/Desktop/Tirocinio/TirocinioBadViceGames/Tirocinio_Giuseppe/Content/Environment/Objects/Body_Parts/Bones/Skull/Type_001/T_Skull_Roughness_Type_001.uexp" 3117
"C:/Users/cerve/OneDrive/Documenti/Desktop/Tirocinio/TirocinioBadViceGames/Tirocinio_Giuseppe/Content/Environment/Objects/Body_Parts/Bones/Skull/Type_001/T_Skull_Normal_Type_001.ubulk" 3118
"C:/Users/cerve/OneDrive/Documenti/Desktop/Tirocinio/TirocinioBadViceGames/Tirocinio_Giuseppe/Content/Environment/Objects/Body_Parts/Bones/Skull/Type_001/T_Skull_Normal_Type_001.uasset" 3119
"C:/Users/cerve/OneDrive/Documenti/Desktop/Tirocinio/TirocinioBadViceGames/Tirocinio_Giuseppe/Content/Environment/Objects/Body_Parts/Bones/Skull/Type_001/T_Skull_Normal_Type_001.uexp" 3120
"C:/Users/cerve/OneDrive/Documenti/Desktop/Tirocinio/TirocinioBadViceGames/Tirocinio_Giuseppe/Content/Environment/Objects/Body_Parts/Bones/Skull/Type_001/T_Skull_BaseColor_Type_001.ubulk" 3121
"C:/Users/cerve/OneDrive/Documenti/Desktop/Tirocinio/TirocinioBadViceGames/Tirocinio_Giuseppe/Content/Environment/Objects/Body_Parts/Bones/Skull/Type_001/T_Skull_BaseColor_Type_001.uasset" 3122
"C:/Users/cerve/OneDrive/Documenti/Desktop/Tirocinio/TirocinioBadViceGames/Tirocinio_Giuseppe/Content/Environment/Objects/Body_Parts/Bones/Skull/Type_001/T_Skull_BaseColor_Type_001.uexp" 3123
"C:/Users/cerve/OneDrive/Documenti/Desktop/Tirocinio/TirocinioBadViceGames/Tirocinio_Giuseppe/Content/Environment/Objects/Body_Parts/Bones/Skull/Type_001/M_Skull_001.uasset" 3124
"C:/Users/cerve/OneDrive/Documenti/Desktop/Tirocinio/TirocinioBadViceGames/Tirocinio_Giuseppe/Content/Environment/Objects/Body_Parts/Bones/Skull/Type_001/M_Skull_001.uexp" 3125
"C:/Users/cerve/OneDrive/Documenti/Desktop/Tirocinio/TirocinioBadViceGames/Tirocinio_Giuseppe/Content/Environment/Objects/Body_Parts/Bones/Skull/Type_001/Human_Half_Skull.ubulk" 3126
"C:/Users/cerve/OneDrive/Documenti/Desktop/Tirocinio/TirocinioBadViceGames/Tirocinio_Giuseppe/Content/Environment/Objects/Body_Parts/Bones/Skull/Type_001/Human_Half_Skull.uasset" 3127
"C:/Users/cerve/OneDrive/Documenti/Desktop/Tirocinio/TirocinioBadViceGames/Tirocinio_Giuseppe/Content/Environment/Objects/Body_Parts/Bones/Skull/Type_001/Human_Half_Skull.uexp" 3128
"C:/Users/cerve/OneDrive/Documenti/Desktop/Tirocinio/TirocinioBadViceGames/Tirocinio_Giuseppe/Content/Blueprints/Objects/Trash/All_Trash/BodyParts/BP_Bones/BP_Half_Skull.uasset" 3129
"C:/Users/cerve/OneDrive/Documenti/Desktop/Tirocinio/TirocinioBadViceGames/Tirocinio_Giuseppe/Content/Blueprints/Objects/Trash/All_Trash/BodyParts/BP_Bones/BP_Half_Skull.uexp" 3130
"C:/Users/cerve/OneDrive/Documenti/Desktop/Tirocinio/TirocinioBadViceGames/Tirocinio_Giuseppe/Content/Environment/Objects/Body_Parts/Bones/Type_001/T_FemorBone_AO_Type_001.ubulk" 3131
"C:/Users/cerve/OneDrive/Documenti/Desktop/Tirocinio/TirocinioBadViceGames/Tirocinio_Giuseppe/Content/Environment/Objects/Body_Parts/Bones/Type_001/T_FemorBone_AO_Type_001.uasset" 3132
"C:/Users/cerve/OneDrive/Documenti/Desktop/Tirocinio/TirocinioBadViceGames/Tirocinio_Giuseppe/Content/Environment/Objects/Body_Parts/Bones/Type_001/T_FemorBone_AO_Type_001.uexp" 3133
"C:/Users/cerve/OneDrive/Documenti/Desktop/Tirocinio/TirocinioBadViceGames/Tirocinio_Giuseppe/Content/Environment/Objects/Body_Parts/Bones/Type_001/T_FemorBone_Roughness_Type_001.ubulk" 3134
"C:/Users/cerve/OneDrive/Documenti/Desktop/Tirocinio/TirocinioBadViceGames/Tirocinio_Giuseppe/Content/Environment/Objects/Body_Parts/Bones/Type_001/T_FemorBone_Roughness_Type_001.uasset" 3135
"C:/Users/cerve/OneDrive/Documenti/Desktop/Tirocinio/TirocinioBadViceGames/Tirocinio_Giuseppe/Content/Environment/Objects/Body_Parts/Bones/Type_001/T_FemorBone_Roughness_Type_001.uexp" 3136
"C:/Users/cerve/OneDrive/Documenti/Desktop/Tirocinio/TirocinioBadViceGames/Tirocinio_Giuseppe/Content/Environment/Objects/Body_Parts/Bones/Type_001/T_FemorBone_Normal_Type_001.ubulk" 3137
"C:/Users/cerve/OneDrive/Documenti/Desktop/Tirocinio/TirocinioBadViceGames/Tirocinio_Giuseppe/Content/Environment/Objects/Body_Parts/Bones/Type_001/T_FemorBone_Normal_Type_001.uasset" 3138
"C:/Users/cerve/OneDrive/Documenti/Desktop/Tirocinio/TirocinioBadViceGames/Tirocinio_Giuseppe/Content/Environment/Objects/Body_Parts/Bones/Type_001/T_FemorBone_Normal_Type_001.uexp" 3139
"C:/Users/cerve/OneDrive/Documenti/Desktop/Tirocinio/TirocinioBadViceGames/Tirocinio_Giuseppe/Content/Environment/Objects/Body_Parts/Bones/Type_001/T_FemorBone_BaseColor_Type_001.ubulk" 3140
"C:/Users/cerve/OneDrive/Documenti/Desktop/Tirocinio/TirocinioBadViceGames/Tirocinio_Giuseppe/Content/Environment/Objects/Body_Parts/Bones/Type_001/T_FemorBone_BaseColor_Type_001.uasset" 3141
"C:/Users/cerve/OneDrive/Documenti/Desktop/Tirocinio/TirocinioBadViceGames/Tirocinio_Giuseppe/Content/Environment/Objects/Body_Parts/Bones/Type_001/T_FemorBone_BaseColor_Type_001.uexp" 3142
"C:/Users/cerve/OneDrive/Documenti/Desktop/Tirocinio/TirocinioBadViceGames/Tirocinio_Giuseppe/Content/Environment/Objects/Body_Parts/Bones/Type_001/M_Bone_001.uasset" 3143
"C:/Users/cerve/OneDrive/Documenti/Desktop/Tirocinio/TirocinioBadViceGames/Tirocinio_Giuseppe/Content/Environment/Objects/Body_Parts/Bones/Type_001/M_Bone_001.uexp" 3144
"C:/Users/cerve/OneDrive/Documenti/Desktop/Tirocinio/TirocinioBadViceGames/Tirocinio_Giuseppe/Content/Environment/Objects/Body_Parts/Bones/Type_001/Femor_HumanBones.ubulk" 3145
"C:/Users/cerve/OneDrive/Documenti/Desktop/Tirocinio/TirocinioBadViceGames/Tirocinio_Giuseppe/Content/Environment/Objects/Body_Parts/Bones/Type_001/Femor_HumanBones.uasset" 3146
"C:/Users/cerve/OneDrive/Documenti/Desktop/Tirocinio/TirocinioBadViceGames/Tirocinio_Giuseppe/Content/Environment/Objects/Body_Parts/Bones/Type_001/Femor_HumanBones.uexp" 3147
"C:/Users/cerve/OneDrive/Documenti/Desktop/Tirocinio/TirocinioBadViceGames/Tirocinio_Giuseppe/Content/Blueprints/Objects/Trash/All_Trash/BodyParts/BP_Bones/BP_HumanBone_001.uasset" 3148
"C:/Users/cerve/OneDrive/Documenti/Desktop/Tirocinio/TirocinioBadViceGames/Tirocinio_Giuseppe/Content/Blueprints/Objects/Trash/All_Trash/BodyParts/BP_Bones/BP_HumanBone_001.uexp" 3149
"C:/Users/cerve/OneDrive/Documenti/Desktop/Tirocinio/TirocinioBadViceGames/Tirocinio_Giuseppe/Content/Environment/Objects/Body_Parts/Bones/Type_002/T_FemorBone_Roughness_Type_002.ubulk" 3150
"C:/Users/cerve/OneDrive/Documenti/Desktop/Tirocinio/TirocinioBadViceGames/Tirocinio_Giuseppe/Content/Environment/Objects/Body_Parts/Bones/Type_002/T_FemorBone_Roughness_Type_002.uasset" 3151
"C:/Users/cerve/OneDrive/Documenti/Desktop/Tirocinio/TirocinioBadViceGames/Tirocinio_Giuseppe/Content/Environment/Objects/Body_Parts/Bones/Type_002/T_FemorBone_Roughness_Type_002.uexp" 3152
"C:/Users/cerve/OneDrive/Documenti/Desktop/Tirocinio/TirocinioBadViceGames/Tirocinio_Giuseppe/Content/Environment/Objects/Body_Parts/Bones/Type_002/T_FemorBone_Normal_Type_002.ubulk" 3153
"C:/Users/cerve/OneDrive/Documenti/Desktop/Tirocinio/TirocinioBadViceGames/Tirocinio_Giuseppe/Content/Environment/Objects/Body_Parts/Bones/Type_002/T_FemorBone_Normal_Type_002.uasset" 3154
"C:/Users/cerve/OneDrive/Documenti/Desktop/Tirocinio/TirocinioBadViceGames/Tirocinio_Giuseppe/Content/Environment/Objects/Body_Parts/Bones/Type_002/T_FemorBone_Normal_Type_002.uexp" 3155
"C:/Users/cerve/OneDrive/Documenti/Desktop/Tirocinio/TirocinioBadViceGames/Tirocinio_Giuseppe/Content/Environment/Objects/Body_Parts/Bones/Type_002/T_FemorBone_BaseColor_Type_002.ubulk" 3156
"C:/Users/cerve/OneDrive/Documenti/Desktop/Tirocinio/TirocinioBadViceGames/Tirocinio_Giuseppe/Content/Environment/Objects/Body_Parts/Bones/Type_002/T_FemorBone_BaseColor_Type_002.uasset" 3157
"C:/Users/cerve/OneDrive/Documenti/Desktop/Tirocinio/TirocinioBadViceGames/Tirocinio_Giuseppe/Content/Environment/Objects/Body_Parts/Bones/Type_002/T_FemorBone_BaseColor_Type_002.uexp" 3158
"C:/Users/cerve/OneDrive/Documenti/Desktop/Tirocinio/TirocinioBadViceGames/Tirocinio_Giuseppe/Content/Environment/Objects/Body_Parts/Bones/Type_002/M_Bone_002.uasset" 3159
"C:/Users/cerve/OneDrive/Documenti/Desktop/Tirocinio/TirocinioBadViceGames/Tirocinio_Giuseppe/Content/Environment/Objects/Body_Parts/Bones/Type_002/M_Bone_002.uexp" 3160
"C:/Users/cerve/OneDrive/Documenti/Desktop/Tirocinio/TirocinioBadViceGames/Tirocinio_Giuseppe/Content/Blueprints/Objects/Trash/All_Trash/BodyParts/BP_Bones/BP_HumanBone_002.uasset" 3161
"C:/Users/cerve/OneDrive/Documenti/Desktop/Tirocinio/TirocinioBadViceGames/Tirocinio_Giuseppe/Content/Blueprints/Objects/Trash/All_Trash/BodyParts/BP_Bones/BP_HumanBone_002.uexp" 3162
"C:/Users/cerve/OneDrive/Documenti/Desktop/Tirocinio/TirocinioBadViceGames/Tirocinio_Giuseppe/Content/Environment/Objects/Body_Parts/Bones/Type_004/T_Forearm_Roughness_Type_002.ubulk" 3163
"C:/Users/cerve/OneDrive/Documenti/Desktop/Tirocinio/TirocinioBadViceGames/Tirocinio_Giuseppe/Content/Environment/Objects/Body_Parts/Bones/Type_004/T_Forearm_Roughness_Type_002.uasset" 3164
"C:/Users/cerve/OneDrive/Documenti/Desktop/Tirocinio/TirocinioBadViceGames/Tirocinio_Giuseppe/Content/Environment/Objects/Body_Parts/Bones/Type_004/T_Forearm_Roughness_Type_002.uexp" 3165
"C:/Users/cerve/OneDrive/Documenti/Desktop/Tirocinio/TirocinioBadViceGames/Tirocinio_Giuseppe/Content/Environment/Objects/Body_Parts/Bones/Type_004/T_Forearm_Normal_Type_002.ubulk" 3166
"C:/Users/cerve/OneDrive/Documenti/Desktop/Tirocinio/TirocinioBadViceGames/Tirocinio_Giuseppe/Content/Environment/Objects/Body_Parts/Bones/Type_004/T_Forearm_Normal_Type_002.uasset" 3167
"C:/Users/cerve/OneDrive/Documenti/Desktop/Tirocinio/TirocinioBadViceGames/Tirocinio_Giuseppe/Content/Environment/Objects/Body_Parts/Bones/Type_004/T_Forearm_Normal_Type_002.uexp" 3168
"C:/Users/cerve/OneDrive/Documenti/Desktop/Tirocinio/TirocinioBadViceGames/Tirocinio_Giuseppe/Content/Environment/Objects/Body_Parts/Bones/Type_004/T_Forearm_BaseColor_Type_002.ubulk" 3169
"C:/Users/cerve/OneDrive/Documenti/Desktop/Tirocinio/TirocinioBadViceGames/Tirocinio_Giuseppe/Content/Environment/Objects/Body_Parts/Bones/Type_004/T_Forearm_BaseColor_Type_002.uasset" 3170
"C:/Users/cerve/OneDrive/Documenti/Desktop/Tirocinio/TirocinioBadViceGames/Tirocinio_Giuseppe/Content/Environment/Objects/Body_Parts/Bones/Type_004/T_Forearm_BaseColor_Type_002.uexp" 3171
"C:/Users/cerve/OneDrive/Documenti/Desktop/Tirocinio/TirocinioBadViceGames/Tirocinio_Giuseppe/Content/Environment/Objects/Body_Parts/Bones/Type_003/T_Forearm_AO_Type_001.ubulk" 3172
"C:/Users/cerve/OneDrive/Documenti/Desktop/Tirocinio/TirocinioBadViceGames/Tirocinio_Giuseppe/Content/Environment/Objects/Body_Parts/Bones/Type_003/T_Forearm_AO_Type_001.uasset" 3173
"C:/Users/cerve/OneDrive/Documenti/Desktop/Tirocinio/TirocinioBadViceGames/Tirocinio_Giuseppe/Content/Environment/Objects/Body_Parts/Bones/Type_003/T_Forearm_AO_Type_001.uexp" 3174
"C:/Users/cerve/OneDrive/Documenti/Desktop/Tirocinio/TirocinioBadViceGames/Tirocinio_Giuseppe/Content/Environment/Objects/Body_Parts/Bones/Type_004/M_Bone_004.uasset" 3175
"C:/Users/cerve/OneDrive/Documenti/Desktop/Tirocinio/TirocinioBadViceGames/Tirocinio_Giuseppe/Content/Environment/Objects/Body_Parts/Bones/Type_004/M_Bone_004.uexp" 3176
"C:/Users/cerve/OneDrive/Documenti/Desktop/Tirocinio/TirocinioBadViceGames/Tirocinio_Giuseppe/Content/Environment/Objects/Body_Parts/Bones/Type_004/Forearm_HumanBones.ubulk" 3177
"C:/Users/cerve/OneDrive/Documenti/Desktop/Tirocinio/TirocinioBadViceGames/Tirocinio_Giuseppe/Content/Environment/Objects/Body_Parts/Bones/Type_004/Forearm_HumanBones.uasset" 3178
"C:/Users/cerve/OneDrive/Documenti/Desktop/Tirocinio/TirocinioBadViceGames/Tirocinio_Giuseppe/Content/Environment/Objects/Body_Parts/Bones/Type_004/Forearm_HumanBones.uexp" 3179
"C:/Users/cerve/OneDrive/Documenti/Desktop/Tirocinio/TirocinioBadViceGames/Tirocinio_Giuseppe/Content/Environment/Objects/Body_Parts/Bones/Type_003/T_Forearm_Roughness_Type_001.ubulk" 3180
"C:/Users/cerve/OneDrive/Documenti/Desktop/Tirocinio/TirocinioBadViceGames/Tirocinio_Giuseppe/Content/Environment/Objects/Body_Parts/Bones/Type_003/T_Forearm_Roughness_Type_001.uasset" 3181
"C:/Users/cerve/OneDrive/Documenti/Desktop/Tirocinio/TirocinioBadViceGames/Tirocinio_Giuseppe/Content/Environment/Objects/Body_Parts/Bones/Type_003/T_Forearm_Roughness_Type_001.uexp" 3182
"C:/Users/cerve/OneDrive/Documenti/Desktop/Tirocinio/TirocinioBadViceGames/Tirocinio_Giuseppe/Content/Environment/Objects/Body_Parts/Bones/Type_003/T_Forearm_Normal_Type_001.ubulk" 3183
"C:/Users/cerve/OneDrive/Documenti/Desktop/Tirocinio/TirocinioBadViceGames/Tirocinio_Giuseppe/Content/Environment/Objects/Body_Parts/Bones/Type_003/T_Forearm_Normal_Type_001.uasset" 3184
"C:/Users/cerve/OneDrive/Documenti/Desktop/Tirocinio/TirocinioBadViceGames/Tirocinio_Giuseppe/Content/Environment/Objects/Body_Parts/Bones/Type_003/T_Forearm_Normal_Type_001.uexp" 3185
"C:/Users/cerve/OneDrive/Documenti/Desktop/Tirocinio/TirocinioBadViceGames/Tirocinio_Giuseppe/Content/Environment/Objects/Body_Parts/Bones/Type_003/T_Forearm_BaseColor_Type_001.ubulk" 3186
"C:/Users/cerve/OneDrive/Documenti/Desktop/Tirocinio/TirocinioBadViceGames/Tirocinio_Giuseppe/Content/Environment/Objects/Body_Parts/Bones/Type_003/T_Forearm_BaseColor_Type_001.uasset" 3187
"C:/Users/cerve/OneDrive/Documenti/Desktop/Tirocinio/TirocinioBadViceGames/Tirocinio_Giuseppe/Content/Environment/Objects/Body_Parts/Bones/Type_003/T_Forearm_BaseColor_Type_001.uexp" 3188
"C:/Users/cerve/OneDrive/Documenti/Desktop/Tirocinio/TirocinioBadViceGames/Tirocinio_Giuseppe/Content/Environment/Objects/Body_Parts/Bones/Type_003/M_Bone_003.uasset" 3189
"C:/Users/cerve/OneDrive/Documenti/Desktop/Tirocinio/TirocinioBadViceGames/Tirocinio_Giuseppe/Content/Environment/Objects/Body_Parts/Bones/Type_003/M_Bone_003.uexp" 3190
"C:/Users/cerve/OneDrive/Documenti/Desktop/Tirocinio/TirocinioBadViceGames/Tirocinio_Giuseppe/Content/Blueprints/Objects/Trash/All_Trash/BodyParts/BP_Bones/BP_HumanBone_003.uasset" 3191
"C:/Users/cerve/OneDrive/Documenti/Desktop/Tirocinio/TirocinioBadViceGames/Tirocinio_Giuseppe/Content/Blueprints/Objects/Trash/All_Trash/BodyParts/BP_Bones/BP_HumanBone_003.uexp" 3192
"C:/Users/cerve/OneDrive/Documenti/Desktop/Tirocinio/TirocinioBadViceGames/Tirocinio_Giuseppe/Content/Blueprints/Objects/Trash/All_Trash/BodyParts/BP_Bones/BP_HumanBone_004.uasset" 3193
"C:/Users/cerve/OneDrive/Documenti/Desktop/Tirocinio/TirocinioBadViceGames/Tirocinio_Giuseppe/Content/Blueprints/Objects/Trash/All_Trash/BodyParts/BP_Bones/BP_HumanBone_004.uexp" 3194
"C:/Users/cerve/OneDrive/Documenti/Desktop/Tirocinio/TirocinioBadViceGames/Tirocinio_Giuseppe/Content/Environment/Objects/Body_Parts/Bones/Type_005/T_HandBones_AO_Type_001.ubulk" 3195
"C:/Users/cerve/OneDrive/Documenti/Desktop/Tirocinio/TirocinioBadViceGames/Tirocinio_Giuseppe/Content/Environment/Objects/Body_Parts/Bones/Type_005/T_HandBones_AO_Type_001.uasset" 3196
"C:/Users/cerve/OneDrive/Documenti/Desktop/Tirocinio/TirocinioBadViceGames/Tirocinio_Giuseppe/Content/Environment/Objects/Body_Parts/Bones/Type_005/T_HandBones_AO_Type_001.uexp" 3197
"C:/Users/cerve/OneDrive/Documenti/Desktop/Tirocinio/TirocinioBadViceGames/Tirocinio_Giuseppe/Content/Environment/Objects/Body_Parts/Bones/Type_005/T_HandBones_Roughness_Type_001.ubulk" 3198
"C:/Users/cerve/OneDrive/Documenti/Desktop/Tirocinio/TirocinioBadViceGames/Tirocinio_Giuseppe/Content/Environment/Objects/Body_Parts/Bones/Type_005/T_HandBones_Roughness_Type_001.uasset" 3199
"C:/Users/cerve/OneDrive/Documenti/Desktop/Tirocinio/TirocinioBadViceGames/Tirocinio_Giuseppe/Content/Environment/Objects/Body_Parts/Bones/Type_005/T_HandBones_Roughness_Type_001.uexp" 3200
"C:/Users/cerve/OneDrive/Documenti/Desktop/Tirocinio/TirocinioBadViceGames/Tirocinio_Giuseppe/Content/Environment/Objects/Body_Parts/Bones/Type_005/T_HandBones_Normal_Type_001.ubulk" 3201
"C:/Users/cerve/OneDrive/Documenti/Desktop/Tirocinio/TirocinioBadViceGames/Tirocinio_Giuseppe/Content/Environment/Objects/Body_Parts/Bones/Type_005/T_HandBones_Normal_Type_001.uasset" 3202
"C:/Users/cerve/OneDrive/Documenti/Desktop/Tirocinio/TirocinioBadViceGames/Tirocinio_Giuseppe/Content/Environment/Objects/Body_Parts/Bones/Type_005/T_HandBones_Normal_Type_001.uexp" 3203
"C:/Users/cerve/OneDrive/Documenti/Desktop/Tirocinio/TirocinioBadViceGames/Tirocinio_Giuseppe/Content/Environment/Objects/Body_Parts/Bones/Type_005/T_HandBones_BaseColor_Type_001.ubulk" 3204
"C:/Users/cerve/OneDrive/Documenti/Desktop/Tirocinio/TirocinioBadViceGames/Tirocinio_Giuseppe/Content/Environment/Objects/Body_Parts/Bones/Type_005/T_HandBones_BaseColor_Type_001.uasset" 3205
"C:/Users/cerve/OneDrive/Documenti/Desktop/Tirocinio/TirocinioBadViceGames/Tirocinio_Giuseppe/Content/Environment/Objects/Body_Parts/Bones/Type_005/T_HandBones_BaseColor_Type_001.uexp" 3206
"C:/Users/cerve/OneDrive/Documenti/Desktop/Tirocinio/TirocinioBadViceGames/Tirocinio_Giuseppe/Content/Environment/Objects/Body_Parts/Bones/Type_005/M_Bone_005.uasset" 3207
"C:/Users/cerve/OneDrive/Documenti/Desktop/Tirocinio/TirocinioBadViceGames/Tirocinio_Giuseppe/Content/Environment/Objects/Body_Parts/Bones/Type_005/M_Bone_005.uexp" 3208
"C:/Users/cerve/OneDrive/Documenti/Desktop/Tirocinio/TirocinioBadViceGames/Tirocinio_Giuseppe/Content/Environment/Objects/Body_Parts/Bones/Type_005/Hand_Bone.ubulk" 3209
"C:/Users/cerve/OneDrive/Documenti/Desktop/Tirocinio/TirocinioBadViceGames/Tirocinio_Giuseppe/Content/Environment/Objects/Body_Parts/Bones/Type_005/Hand_Bone.uasset" 3210
"C:/Users/cerve/OneDrive/Documenti/Desktop/Tirocinio/TirocinioBadViceGames/Tirocinio_Giuseppe/Content/Environment/Objects/Body_Parts/Bones/Type_005/Hand_Bone.uexp" 3211
"C:/Users/cerve/OneDrive/Documenti/Desktop/Tirocinio/TirocinioBadViceGames/Tirocinio_Giuseppe/Content/Blueprints/Objects/Trash/All_Trash/BodyParts/BP_Bones/BP_HumanBone_005.uasset" 3212
"C:/Users/cerve/OneDrive/Documenti/Desktop/Tirocinio/TirocinioBadViceGames/Tirocinio_Giuseppe/Content/Blueprints/Objects/Trash/All_Trash/BodyParts/BP_Bones/BP_HumanBone_005.uexp" 3213
"C:/Users/cerve/OneDrive/Documenti/Desktop/Tirocinio/TirocinioBadViceGames/Tirocinio_Giuseppe/Content/Environment/Objects/Body_Parts/Bones/Type_006/T_HandBones_Roughness_Type_002.ubulk" 3214
"C:/Users/cerve/OneDrive/Documenti/Desktop/Tirocinio/TirocinioBadViceGames/Tirocinio_Giuseppe/Content/Environment/Objects/Body_Parts/Bones/Type_006/T_HandBones_Roughness_Type_002.uasset" 3215
"C:/Users/cerve/OneDrive/Documenti/Desktop/Tirocinio/TirocinioBadViceGames/Tirocinio_Giuseppe/Content/Environment/Objects/Body_Parts/Bones/Type_006/T_HandBones_Roughness_Type_002.uexp" 3216
"C:/Users/cerve/OneDrive/Documenti/Desktop/Tirocinio/TirocinioBadViceGames/Tirocinio_Giuseppe/Content/Environment/Objects/Body_Parts/Bones/Type_006/T_HandBones_Normal_Type_002.ubulk" 3217
"C:/Users/cerve/OneDrive/Documenti/Desktop/Tirocinio/TirocinioBadViceGames/Tirocinio_Giuseppe/Content/Environment/Objects/Body_Parts/Bones/Type_006/T_HandBones_Normal_Type_002.uasset" 3218
"C:/Users/cerve/OneDrive/Documenti/Desktop/Tirocinio/TirocinioBadViceGames/Tirocinio_Giuseppe/Content/Environment/Objects/Body_Parts/Bones/Type_006/T_HandBones_Normal_Type_002.uexp" 3219
"C:/Users/cerve/OneDrive/Documenti/Desktop/Tirocinio/TirocinioBadViceGames/Tirocinio_Giuseppe/Content/Environment/Objects/Body_Parts/Bones/Type_006/T_HandBones_BaseColor_Type_002.ubulk" 3220
"C:/Users/cerve/OneDrive/Documenti/Desktop/Tirocinio/TirocinioBadViceGames/Tirocinio_Giuseppe/Content/Environment/Objects/Body_Parts/Bones/Type_006/T_HandBones_BaseColor_Type_002.uasset" 3221
"C:/Users/cerve/OneDrive/Documenti/Desktop/Tirocinio/TirocinioBadViceGames/Tirocinio_Giuseppe/Content/Environment/Objects/Body_Parts/Bones/Type_006/T_HandBones_BaseColor_Type_002.uexp" 3222
"C:/Users/cerve/OneDrive/Documenti/Desktop/Tirocinio/TirocinioBadViceGames/Tirocinio_Giuseppe/Content/Environment/Objects/Body_Parts/Bones/Type_006/M_Bone_006.uasset" 3223
"C:/Users/cerve/OneDrive/Documenti/Desktop/Tirocinio/TirocinioBadViceGames/Tirocinio_Giuseppe/Content/Environment/Objects/Body_Parts/Bones/Type_006/M_Bone_006.uexp" 3224
"C:/Users/cerve/OneDrive/Documenti/Desktop/Tirocinio/TirocinioBadViceGames/Tirocinio_Giuseppe/Content/Blueprints/Objects/Trash/All_Trash/BodyParts/BP_Bones/BP_HumanBone_006.uasset" 3225
"C:/Users/cerve/OneDrive/Documenti/Desktop/Tirocinio/TirocinioBadViceGames/Tirocinio_Giuseppe/Content/Blueprints/Objects/Trash/All_Trash/BodyParts/BP_Bones/BP_HumanBone_006.uexp" 3226
"C:/Users/cerve/OneDrive/Documenti/Desktop/Tirocinio/TirocinioBadViceGames/Tirocinio_Giuseppe/Content/Environment/Objects/Body_Parts/Bones/Type_007/T_Arm_AO_Type_001.ubulk" 3227
"C:/Users/cerve/OneDrive/Documenti/Desktop/Tirocinio/TirocinioBadViceGames/Tirocinio_Giuseppe/Content/Environment/Objects/Body_Parts/Bones/Type_007/T_Arm_AO_Type_001.uasset" 3228
"C:/Users/cerve/OneDrive/Documenti/Desktop/Tirocinio/TirocinioBadViceGames/Tirocinio_Giuseppe/Content/Environment/Objects/Body_Parts/Bones/Type_007/T_Arm_AO_Type_001.uexp" 3229
"C:/Users/cerve/OneDrive/Documenti/Desktop/Tirocinio/TirocinioBadViceGames/Tirocinio_Giuseppe/Content/Environment/Objects/Body_Parts/Bones/Type_007/T_Arm_Roughness_Type_001.ubulk" 3230
"C:/Users/cerve/OneDrive/Documenti/Desktop/Tirocinio/TirocinioBadViceGames/Tirocinio_Giuseppe/Content/Environment/Objects/Body_Parts/Bones/Type_007/T_Arm_Roughness_Type_001.uasset" 3231
"C:/Users/cerve/OneDrive/Documenti/Desktop/Tirocinio/TirocinioBadViceGames/Tirocinio_Giuseppe/Content/Environment/Objects/Body_Parts/Bones/Type_007/T_Arm_Roughness_Type_001.uexp" 3232
"C:/Users/cerve/OneDrive/Documenti/Desktop/Tirocinio/TirocinioBadViceGames/Tirocinio_Giuseppe/Content/Environment/Objects/Body_Parts/Bones/Type_007/T_Arm_Normal_Type_001.ubulk" 3233
"C:/Users/cerve/OneDrive/Documenti/Desktop/Tirocinio/TirocinioBadViceGames/Tirocinio_Giuseppe/Content/Environment/Objects/Body_Parts/Bones/Type_007/T_Arm_Normal_Type_001.uasset" 3234
"C:/Users/cerve/OneDrive/Documenti/Desktop/Tirocinio/TirocinioBadViceGames/Tirocinio_Giuseppe/Content/Environment/Objects/Body_Parts/Bones/Type_007/T_Arm_Normal_Type_001.uexp" 3235
"C:/Users/cerve/OneDrive/Documenti/Desktop/Tirocinio/TirocinioBadViceGames/Tirocinio_Giuseppe/Content/Environment/Objects/Body_Parts/Bones/Type_007/T_Arm_BaseColor_Type_001.ubulk" 3236
"C:/Users/cerve/OneDrive/Documenti/Desktop/Tirocinio/TirocinioBadViceGames/Tirocinio_Giuseppe/Content/Environment/Objects/Body_Parts/Bones/Type_007/T_Arm_BaseColor_Type_001.uasset" 3237
"C:/Users/cerve/OneDrive/Documenti/Desktop/Tirocinio/TirocinioBadViceGames/Tirocinio_Giuseppe/Content/Environment/Objects/Body_Parts/Bones/Type_007/T_Arm_BaseColor_Type_001.uexp" 3238
"C:/Users/cerve/OneDrive/Documenti/Desktop/Tirocinio/TirocinioBadViceGames/Tirocinio_Giuseppe/Content/Environment/Objects/Body_Parts/Bones/Type_007/M_Bone_007.uasset" 3239
"C:/Users/cerve/OneDrive/Documenti/Desktop/Tirocinio/TirocinioBadViceGames/Tirocinio_Giuseppe/Content/Environment/Objects/Body_Parts/Bones/Type_007/M_Bone_007.uexp" 3240
"C:/Users/cerve/OneDrive/Documenti/Desktop/Tirocinio/TirocinioBadViceGames/Tirocinio_Giuseppe/Content/Environment/Objects/Body_Parts/Bones/Type_007/Arm_And_Forearm_Bone.ubulk" 3241
"C:/Users/cerve/OneDrive/Documenti/Desktop/Tirocinio/TirocinioBadViceGames/Tirocinio_Giuseppe/Content/Environment/Objects/Body_Parts/Bones/Type_007/Arm_And_Forearm_Bone.uasset" 3242
"C:/Users/cerve/OneDrive/Documenti/Desktop/Tirocinio/TirocinioBadViceGames/Tirocinio_Giuseppe/Content/Environment/Objects/Body_Parts/Bones/Type_007/Arm_And_Forearm_Bone.uexp" 3243
"C:/Users/cerve/OneDrive/Documenti/Desktop/Tirocinio/TirocinioBadViceGames/Tirocinio_Giuseppe/Content/Blueprints/Objects/Trash/All_Trash/BodyParts/BP_Bones/BP_HumanBone_007.uasset" 3244
"C:/Users/cerve/OneDrive/Documenti/Desktop/Tirocinio/TirocinioBadViceGames/Tirocinio_Giuseppe/Content/Blueprints/Objects/Trash/All_Trash/BodyParts/BP_Bones/BP_HumanBone_007.uexp" 3245
"C:/Users/cerve/OneDrive/Documenti/Desktop/Tirocinio/TirocinioBadViceGames/Tirocinio_Giuseppe/Content/Environment/Objects/Body_Parts/Bones/Type_008/T_Arm_Roughness_Type_002.ubulk" 3246
"C:/Users/cerve/OneDrive/Documenti/Desktop/Tirocinio/TirocinioBadViceGames/Tirocinio_Giuseppe/Content/Environment/Objects/Body_Parts/Bones/Type_008/T_Arm_Roughness_Type_002.uasset" 3247
"C:/Users/cerve/OneDrive/Documenti/Desktop/Tirocinio/TirocinioBadViceGames/Tirocinio_Giuseppe/Content/Environment/Objects/Body_Parts/Bones/Type_008/T_Arm_Roughness_Type_002.uexp" 3248
"C:/Users/cerve/OneDrive/Documenti/Desktop/Tirocinio/TirocinioBadViceGames/Tirocinio_Giuseppe/Content/Environment/Objects/Body_Parts/Bones/Type_008/T_Arm_Normal_Type_002.ubulk" 3249
"C:/Users/cerve/OneDrive/Documenti/Desktop/Tirocinio/TirocinioBadViceGames/Tirocinio_Giuseppe/Content/Environment/Objects/Body_Parts/Bones/Type_008/T_Arm_Normal_Type_002.uasset" 3250
"C:/Users/cerve/OneDrive/Documenti/Desktop/Tirocinio/TirocinioBadViceGames/Tirocinio_Giuseppe/Content/Environment/Objects/Body_Parts/Bones/Type_008/T_Arm_Normal_Type_002.uexp" 3251
"C:/Users/cerve/OneDrive/Documenti/Desktop/Tirocinio/TirocinioBadViceGames/Tirocinio_Giuseppe/Content/Environment/Objects/Body_Parts/Bones/Type_008/T_Arm_BaseColor_Type_002.ubulk" 3252
"C:/Users/cerve/OneDrive/Documenti/Desktop/Tirocinio/TirocinioBadViceGames/Tirocinio_Giuseppe/Content/Environment/Objects/Body_Parts/Bones/Type_008/T_Arm_BaseColor_Type_002.uasset" 3253
"C:/Users/cerve/OneDrive/Documenti/Desktop/Tirocinio/TirocinioBadViceGames/Tirocinio_Giuseppe/Content/Environment/Objects/Body_Parts/Bones/Type_008/T_Arm_BaseColor_Type_002.uexp" 3254
"C:/Users/cerve/OneDrive/Documenti/Desktop/Tirocinio/TirocinioBadViceGames/Tirocinio_Giuseppe/Content/Environment/Objects/Body_Parts/Bones/Type_008/M_Bone_008.uasset" 3255
"C:/Users/cerve/OneDrive/Documenti/Desktop/Tirocinio/TirocinioBadViceGames/Tirocinio_Giuseppe/Content/Environment/Objects/Body_Parts/Bones/Type_008/M_Bone_008.uexp" 3256
"C:/Users/cerve/OneDrive/Documenti/Desktop/Tirocinio/TirocinioBadViceGames/Tirocinio_Giuseppe/Content/Environment/Objects/Body_Parts/Bones/Type_008/Arm_And_Forearm_Bone.ubulk" 3257
"C:/Users/cerve/OneDrive/Documenti/Desktop/Tirocinio/TirocinioBadViceGames/Tirocinio_Giuseppe/Content/Environment/Objects/Body_Parts/Bones/Type_008/Arm_And_Forearm_Bone.uasset" 3258
"C:/Users/cerve/OneDrive/Documenti/Desktop/Tirocinio/TirocinioBadViceGames/Tirocinio_Giuseppe/Content/Environment/Objects/Body_Parts/Bones/Type_008/Arm_And_Forearm_Bone.uexp" 3259
"C:/Users/cerve/OneDrive/Documenti/Desktop/Tirocinio/TirocinioBadViceGames/Tirocinio_Giuseppe/Content/Blueprints/Objects/Trash/All_Trash/BodyParts/BP_Bones/BP_HumanBone_008.uasset" 3260
"C:/Users/cerve/OneDrive/Documenti/Desktop/Tirocinio/TirocinioBadViceGames/Tirocinio_Giuseppe/Content/Blueprints/Objects/Trash/All_Trash/BodyParts/BP_Bones/BP_HumanBone_008.uexp" 3261
"C:/Users/cerve/OneDrive/Documenti/Desktop/Tirocinio/TirocinioBadViceGames/Tirocinio_Giuseppe/Content/Environment/Objects/Body_Parts/Bones/Ribs/T_Ribs_Roughness_Type_002.ubulk" 3262
"C:/Users/cerve/OneDrive/Documenti/Desktop/Tirocinio/TirocinioBadViceGames/Tirocinio_Giuseppe/Content/Environment/Objects/Body_Parts/Bones/Ribs/T_Ribs_Roughness_Type_002.uasset" 3263
"C:/Users/cerve/OneDrive/Documenti/Desktop/Tirocinio/TirocinioBadViceGames/Tirocinio_Giuseppe/Content/Environment/Objects/Body_Parts/Bones/Ribs/T_Ribs_Roughness_Type_002.uexp" 3264
"C:/Users/cerve/OneDrive/Documenti/Desktop/Tirocinio/TirocinioBadViceGames/Tirocinio_Giuseppe/Content/Environment/Objects/Body_Parts/Bones/Ribs/T_Ribs_Normal_Type_002.ubulk" 3265
"C:/Users/cerve/OneDrive/Documenti/Desktop/Tirocinio/TirocinioBadViceGames/Tirocinio_Giuseppe/Content/Environment/Objects/Body_Parts/Bones/Ribs/T_Ribs_Normal_Type_002.uasset" 3266
"C:/Users/cerve/OneDrive/Documenti/Desktop/Tirocinio/TirocinioBadViceGames/Tirocinio_Giuseppe/Content/Environment/Objects/Body_Parts/Bones/Ribs/T_Ribs_Normal_Type_002.uexp" 3267
"C:/Users/cerve/OneDrive/Documenti/Desktop/Tirocinio/TirocinioBadViceGames/Tirocinio_Giuseppe/Content/Environment/Objects/Body_Parts/Bones/Ribs/T_Ribs_BaseColor_Type_002.ubulk" 3268
"C:/Users/cerve/OneDrive/Documenti/Desktop/Tirocinio/TirocinioBadViceGames/Tirocinio_Giuseppe/Content/Environment/Objects/Body_Parts/Bones/Ribs/T_Ribs_BaseColor_Type_002.uasset" 3269
"C:/Users/cerve/OneDrive/Documenti/Desktop/Tirocinio/TirocinioBadViceGames/Tirocinio_Giuseppe/Content/Environment/Objects/Body_Parts/Bones/Ribs/T_Ribs_BaseColor_Type_002.uexp" 3270
"C:/Users/cerve/OneDrive/Documenti/Desktop/Tirocinio/TirocinioBadViceGames/Tirocinio_Giuseppe/Content/Environment/Objects/Body_Parts/Bones/Ribs/T_Ribs_AO_Type_001.ubulk" 3271
"C:/Users/cerve/OneDrive/Documenti/Desktop/Tirocinio/TirocinioBadViceGames/Tirocinio_Giuseppe/Content/Environment/Objects/Body_Parts/Bones/Ribs/T_Ribs_AO_Type_001.uasset" 3272
"C:/Users/cerve/OneDrive/Documenti/Desktop/Tirocinio/TirocinioBadViceGames/Tirocinio_Giuseppe/Content/Environment/Objects/Body_Parts/Bones/Ribs/T_Ribs_AO_Type_001.uexp" 3273
"C:/Users/cerve/OneDrive/Documenti/Desktop/Tirocinio/TirocinioBadViceGames/Tirocinio_Giuseppe/Content/Environment/Objects/Body_Parts/Bones/Ribs/M_Ribs_002.uasset" 3274
"C:/Users/cerve/OneDrive/Documenti/Desktop/Tirocinio/TirocinioBadViceGames/Tirocinio_Giuseppe/Content/Environment/Objects/Body_Parts/Bones/Ribs/M_Ribs_002.uexp" 3275
"C:/Users/cerve/OneDrive/Documenti/Desktop/Tirocinio/TirocinioBadViceGames/Tirocinio_Giuseppe/Content/Environment/Objects/Body_Parts/Bones/Ribs/Chest_Ribs.ubulk" 3276
"C:/Users/cerve/OneDrive/Documenti/Desktop/Tirocinio/TirocinioBadViceGames/Tirocinio_Giuseppe/Content/Environment/Objects/Body_Parts/Bones/Ribs/Chest_Ribs.uasset" 3277
"C:/Users/cerve/OneDrive/Documenti/Desktop/Tirocinio/TirocinioBadViceGames/Tirocinio_Giuseppe/Content/Environment/Objects/Body_Parts/Bones/Ribs/Chest_Ribs.uexp" 3278
"C:/Users/cerve/OneDrive/Documenti/Desktop/Tirocinio/TirocinioBadViceGames/Tirocinio_Giuseppe/Content/Blueprints/Objects/Trash/All_Trash/BodyParts/BP_Bones/BP_Ribs_001.uasset" 3279
"C:/Users/cerve/OneDrive/Documenti/Desktop/Tirocinio/TirocinioBadViceGames/Tirocinio_Giuseppe/Content/Blueprints/Objects/Trash/All_Trash/BodyParts/BP_Bones/BP_Ribs_001.uexp" 3280
"C:/Users/cerve/OneDrive/Documenti/Desktop/Tirocinio/TirocinioBadViceGames/Tirocinio_Giuseppe/Content/Environment/Objects/Body_Parts/Bones/Ribs/Chest_Ribs3.ubulk" 3281
"C:/Users/cerve/OneDrive/Documenti/Desktop/Tirocinio/TirocinioBadViceGames/Tirocinio_Giuseppe/Content/Environment/Objects/Body_Parts/Bones/Ribs/Chest_Ribs3.uasset" 3282
"C:/Users/cerve/OneDrive/Documenti/Desktop/Tirocinio/TirocinioBadViceGames/Tirocinio_Giuseppe/Content/Environment/Objects/Body_Parts/Bones/Ribs/Chest_Ribs3.uexp" 3283
"C:/Users/cerve/OneDrive/Documenti/Desktop/Tirocinio/TirocinioBadViceGames/Tirocinio_Giuseppe/Content/Blueprints/Objects/Trash/All_Trash/BodyParts/BP_Bones/BP_Ribs_002.uasset" 3284
"C:/Users/cerve/OneDrive/Documenti/Desktop/Tirocinio/TirocinioBadViceGames/Tirocinio_Giuseppe/Content/Blueprints/Objects/Trash/All_Trash/BodyParts/BP_Bones/BP_Ribs_002.uexp" 3285
"C:/Users/cerve/OneDrive/Documenti/Desktop/Tirocinio/TirocinioBadViceGames/Tirocinio_Giuseppe/Content/Environment/Objects/Body_Parts/Bones/Ribs/T_Ribs_Roughness_Type_001.ubulk" 3286
"C:/Users/cerve/OneDrive/Documenti/Desktop/Tirocinio/TirocinioBadViceGames/Tirocinio_Giuseppe/Content/Environment/Objects/Body_Parts/Bones/Ribs/T_Ribs_Roughness_Type_001.uasset" 3287
"C:/Users/cerve/OneDrive/Documenti/Desktop/Tirocinio/TirocinioBadViceGames/Tirocinio_Giuseppe/Content/Environment/Objects/Body_Parts/Bones/Ribs/T_Ribs_Roughness_Type_001.uexp" 3288
"C:/Users/cerve/OneDrive/Documenti/Desktop/Tirocinio/TirocinioBadViceGames/Tirocinio_Giuseppe/Content/Environment/Objects/Body_Parts/Bones/Ribs/T_Ribs_Normal_Type_001.ubulk" 3289
"C:/Users/cerve/OneDrive/Documenti/Desktop/Tirocinio/TirocinioBadViceGames/Tirocinio_Giuseppe/Content/Environment/Objects/Body_Parts/Bones/Ribs/T_Ribs_Normal_Type_001.uasset" 3290
"C:/Users/cerve/OneDrive/Documenti/Desktop/Tirocinio/TirocinioBadViceGames/Tirocinio_Giuseppe/Content/Environment/Objects/Body_Parts/Bones/Ribs/T_Ribs_Normal_Type_001.uexp" 3291
"C:/Users/cerve/OneDrive/Documenti/Desktop/Tirocinio/TirocinioBadViceGames/Tirocinio_Giuseppe/Content/Environment/Objects/Body_Parts/Bones/Ribs/T_Ribs_BaseColor_Type_001.ubulk" 3292
"C:/Users/cerve/OneDrive/Documenti/Desktop/Tirocinio/TirocinioBadViceGames/Tirocinio_Giuseppe/Content/Environment/Objects/Body_Parts/Bones/Ribs/T_Ribs_BaseColor_Type_001.uasset" 3293
"C:/Users/cerve/OneDrive/Documenti/Desktop/Tirocinio/TirocinioBadViceGames/Tirocinio_Giuseppe/Content/Environment/Objects/Body_Parts/Bones/Ribs/T_Ribs_BaseColor_Type_001.uexp" 3294
"C:/Users/cerve/OneDrive/Documenti/Desktop/Tirocinio/TirocinioBadViceGames/Tirocinio_Giuseppe/Content/Environment/Objects/Body_Parts/Bones/Ribs/M_Ribs_001.uasset" 3295
"C:/Users/cerve/OneDrive/Documenti/Desktop/Tirocinio/TirocinioBadViceGames/Tirocinio_Giuseppe/Content/Environment/Objects/Body_Parts/Bones/Ribs/M_Ribs_001.uexp" 3296
"C:/Users/cerve/OneDrive/Documenti/Desktop/Tirocinio/TirocinioBadViceGames/Tirocinio_Giuseppe/Content/Blueprints/Objects/Trash/All_Trash/BodyParts/BP_Bones/BP_Ribs_003.uasset" 3297
"C:/Users/cerve/OneDrive/Documenti/Desktop/Tirocinio/TirocinioBadViceGames/Tirocinio_Giuseppe/Content/Blueprints/Objects/Trash/All_Trash/BodyParts/BP_Bones/BP_Ribs_003.uexp" 3298
"C:/Users/cerve/OneDrive/Documenti/Desktop/Tirocinio/TirocinioBadViceGames/Tirocinio_Giuseppe/Content/Environment/Objects/Body_Parts/Bones/Skull/Type_003/T_Skull_Roughness_Type_003.ubulk" 3299
"C:/Users/cerve/OneDrive/Documenti/Desktop/Tirocinio/TirocinioBadViceGames/Tirocinio_Giuseppe/Content/Environment/Objects/Body_Parts/Bones/Skull/Type_003/T_Skull_Roughness_Type_003.uasset" 3300
"C:/Users/cerve/OneDrive/Documenti/Desktop/Tirocinio/TirocinioBadViceGames/Tirocinio_Giuseppe/Content/Environment/Objects/Body_Parts/Bones/Skull/Type_003/T_Skull_Roughness_Type_003.uexp" 3301
"C:/Users/cerve/OneDrive/Documenti/Desktop/Tirocinio/TirocinioBadViceGames/Tirocinio_Giuseppe/Content/Environment/Objects/Body_Parts/Bones/Skull/Type_003/T_Skull_Normal_Type_003.ubulk" 3302
"C:/Users/cerve/OneDrive/Documenti/Desktop/Tirocinio/TirocinioBadViceGames/Tirocinio_Giuseppe/Content/Environment/Objects/Body_Parts/Bones/Skull/Type_003/T_Skull_Normal_Type_003.uasset" 3303
"C:/Users/cerve/OneDrive/Documenti/Desktop/Tirocinio/TirocinioBadViceGames/Tirocinio_Giuseppe/Content/Environment/Objects/Body_Parts/Bones/Skull/Type_003/T_Skull_Normal_Type_003.uexp" 3304
"C:/Users/cerve/OneDrive/Documenti/Desktop/Tirocinio/TirocinioBadViceGames/Tirocinio_Giuseppe/Content/Environment/Objects/Body_Parts/Bones/Skull/Type_003/T_Skull_BaseColor_Type_003.ubulk" 3305
"C:/Users/cerve/OneDrive/Documenti/Desktop/Tirocinio/TirocinioBadViceGames/Tirocinio_Giuseppe/Content/Environment/Objects/Body_Parts/Bones/Skull/Type_003/T_Skull_BaseColor_Type_003.uasset" 3306
"C:/Users/cerve/OneDrive/Documenti/Desktop/Tirocinio/TirocinioBadViceGames/Tirocinio_Giuseppe/Content/Environment/Objects/Body_Parts/Bones/Skull/Type_003/T_Skull_BaseColor_Type_003.uexp" 3307
"C:/Users/cerve/OneDrive/Documenti/Desktop/Tirocinio/TirocinioBadViceGames/Tirocinio_Giuseppe/Content/Environment/Objects/Body_Parts/Bones/Skull/Type_003/M_Skull_003.uasset" 3308
"C:/Users/cerve/OneDrive/Documenti/Desktop/Tirocinio/TirocinioBadViceGames/Tirocinio_Giuseppe/Content/Environment/Objects/Body_Parts/Bones/Skull/Type_003/M_Skull_003.uexp" 3309
"C:/Users/cerve/OneDrive/Documenti/Desktop/Tirocinio/TirocinioBadViceGames/Tirocinio_Giuseppe/Content/Environment/Objects/Body_Parts/Bones/Skull/Type_003/Human_Skull.ubulk" 3310
"C:/Users/cerve/OneDrive/Documenti/Desktop/Tirocinio/TirocinioBadViceGames/Tirocinio_Giuseppe/Content/Environment/Objects/Body_Parts/Bones/Skull/Type_003/Human_Skull.uasset" 3311
"C:/Users/cerve/OneDrive/Documenti/Desktop/Tirocinio/TirocinioBadViceGames/Tirocinio_Giuseppe/Content/Environment/Objects/Body_Parts/Bones/Skull/Type_003/Human_Skull.uexp" 3312
"C:/Users/cerve/OneDrive/Documenti/Desktop/Tirocinio/TirocinioBadViceGames/Tirocinio_Giuseppe/Content/Blueprints/Objects/Trash/All_Trash/BodyParts/BP_Bones/BP_Skull.uasset" 3313
"C:/Users/cerve/OneDrive/Documenti/Desktop/Tirocinio/TirocinioBadViceGames/Tirocinio_Giuseppe/Content/Blueprints/Objects/Trash/All_Trash/BodyParts/BP_Bones/BP_Skull.uexp" 3314
"C:/Users/cerve/OneDrive/Documenti/Desktop/Tirocinio/TirocinioBadViceGames/Tirocinio_Giuseppe/Content/Environment/Objects/Body_Parts/Gore/Brain/Type_001/T_HumanBrain_AO_Type_001.ubulk" 3315
"C:/Users/cerve/OneDrive/Documenti/Desktop/Tirocinio/TirocinioBadViceGames/Tirocinio_Giuseppe/Content/Environment/Objects/Body_Parts/Gore/Brain/Type_001/T_HumanBrain_AO_Type_001.uasset" 3316
"C:/Users/cerve/OneDrive/Documenti/Desktop/Tirocinio/TirocinioBadViceGames/Tirocinio_Giuseppe/Content/Environment/Objects/Body_Parts/Gore/Brain/Type_001/T_HumanBrain_AO_Type_001.uexp" 3317
"C:/Users/cerve/OneDrive/Documenti/Desktop/Tirocinio/TirocinioBadViceGames/Tirocinio_Giuseppe/Content/Environment/Objects/Body_Parts/Gore/Brain/Type_001/T_HumanBrain_Roughness_Type_001.ubulk" 3318
"C:/Users/cerve/OneDrive/Documenti/Desktop/Tirocinio/TirocinioBadViceGames/Tirocinio_Giuseppe/Content/Environment/Objects/Body_Parts/Gore/Brain/Type_001/T_HumanBrain_Roughness_Type_001.uasset" 3319
"C:/Users/cerve/OneDrive/Documenti/Desktop/Tirocinio/TirocinioBadViceGames/Tirocinio_Giuseppe/Content/Environment/Objects/Body_Parts/Gore/Brain/Type_001/T_HumanBrain_Roughness_Type_001.uexp" 3320
"C:/Users/cerve/OneDrive/Documenti/Desktop/Tirocinio/TirocinioBadViceGames/Tirocinio_Giuseppe/Content/Environment/Objects/Body_Parts/Gore/Brain/Type_001/T_HumanBrain_Normal_Type_001.ubulk" 3321
"C:/Users/cerve/OneDrive/Documenti/Desktop/Tirocinio/TirocinioBadViceGames/Tirocinio_Giuseppe/Content/Environment/Objects/Body_Parts/Gore/Brain/Type_001/T_HumanBrain_Normal_Type_001.uasset" 3322
"C:/Users/cerve/OneDrive/Documenti/Desktop/Tirocinio/TirocinioBadViceGames/Tirocinio_Giuseppe/Content/Environment/Objects/Body_Parts/Gore/Brain/Type_001/T_HumanBrain_Normal_Type_001.uexp" 3323
"C:/Users/cerve/OneDrive/Documenti/Desktop/Tirocinio/TirocinioBadViceGames/Tirocinio_Giuseppe/Content/Environment/Objects/Body_Parts/Gore/Brain/Type_001/T_HumanBrain_BaseColor_Type_001.ubulk" 3324
"C:/Users/cerve/OneDrive/Documenti/Desktop/Tirocinio/TirocinioBadViceGames/Tirocinio_Giuseppe/Content/Environment/Objects/Body_Parts/Gore/Brain/Type_001/T_HumanBrain_BaseColor_Type_001.uasset" 3325
"C:/Users/cerve/OneDrive/Documenti/Desktop/Tirocinio/TirocinioBadViceGames/Tirocinio_Giuseppe/Content/Environment/Objects/Body_Parts/Gore/Brain/Type_001/T_HumanBrain_BaseColor_Type_001.uexp" 3326
"C:/Users/cerve/OneDrive/Documenti/Desktop/Tirocinio/TirocinioBadViceGames/Tirocinio_Giuseppe/Content/Environment/Objects/Body_Parts/Gore/Brain/Type_001/M_Brain_001.uasset" 3327
"C:/Users/cerve/OneDrive/Documenti/Desktop/Tirocinio/TirocinioBadViceGames/Tirocinio_Giuseppe/Content/Environment/Objects/Body_Parts/Gore/Brain/Type_001/M_Brain_001.uexp" 3328
"C:/Users/cerve/OneDrive/Documenti/Desktop/Tirocinio/TirocinioBadViceGames/Tirocinio_Giuseppe/Content/Environment/Objects/Body_Parts/Gore/Brain/Type_001/Human_Brain.ubulk" 3329
"C:/Users/cerve/OneDrive/Documenti/Desktop/Tirocinio/TirocinioBadViceGames/Tirocinio_Giuseppe/Content/Environment/Objects/Body_Parts/Gore/Brain/Type_001/Human_Brain.uasset" 3330
"C:/Users/cerve/OneDrive/Documenti/Desktop/Tirocinio/TirocinioBadViceGames/Tirocinio_Giuseppe/Content/Environment/Objects/Body_Parts/Gore/Brain/Type_001/Human_Brain.uexp" 3331
"C:/Users/cerve/OneDrive/Documenti/Desktop/Tirocinio/TirocinioBadViceGames/Tirocinio_Giuseppe/Content/Blueprints/Objects/Trash/All_Trash/BodyParts/Gore/Brain/BP_Brain_001.uasset" 3332
"C:/Users/cerve/OneDrive/Documenti/Desktop/Tirocinio/TirocinioBadViceGames/Tirocinio_Giuseppe/Content/Blueprints/Objects/Trash/All_Trash/BodyParts/Gore/Brain/BP_Brain_001.uexp" 3333
"C:/Users/cerve/OneDrive/Documenti/Desktop/Tirocinio/TirocinioBadViceGames/Tirocinio_Giuseppe/Content/Environment/Objects/Body_Parts/Gore/Brain/Type_002/T_HumanBrain_Roughness_Type_002.ubulk" 3334
"C:/Users/cerve/OneDrive/Documenti/Desktop/Tirocinio/TirocinioBadViceGames/Tirocinio_Giuseppe/Content/Environment/Objects/Body_Parts/Gore/Brain/Type_002/T_HumanBrain_Roughness_Type_002.uasset" 3335
"C:/Users/cerve/OneDrive/Documenti/Desktop/Tirocinio/TirocinioBadViceGames/Tirocinio_Giuseppe/Content/Environment/Objects/Body_Parts/Gore/Brain/Type_002/T_HumanBrain_Roughness_Type_002.uexp" 3336
"C:/Users/cerve/OneDrive/Documenti/Desktop/Tirocinio/TirocinioBadViceGames/Tirocinio_Giuseppe/Content/Environment/Objects/Body_Parts/Gore/Brain/Type_002/T_HumanBrain_Normal_Type_002.ubulk" 3337
"C:/Users/cerve/OneDrive/Documenti/Desktop/Tirocinio/TirocinioBadViceGames/Tirocinio_Giuseppe/Content/Environment/Objects/Body_Parts/Gore/Brain/Type_002/T_HumanBrain_Normal_Type_002.uasset" 3338
"C:/Users/cerve/OneDrive/Documenti/Desktop/Tirocinio/TirocinioBadViceGames/Tirocinio_Giuseppe/Content/Environment/Objects/Body_Parts/Gore/Brain/Type_002/T_HumanBrain_Normal_Type_002.uexp" 3339
"C:/Users/cerve/OneDrive/Documenti/Desktop/Tirocinio/TirocinioBadViceGames/Tirocinio_Giuseppe/Content/Environment/Objects/Body_Parts/Gore/Brain/Type_002/T_HumanBrain_BaseColor_Type_002.ubulk" 3340
"C:/Users/cerve/OneDrive/Documenti/Desktop/Tirocinio/TirocinioBadViceGames/Tirocinio_Giuseppe/Content/Environment/Objects/Body_Parts/Gore/Brain/Type_002/T_HumanBrain_BaseColor_Type_002.uasset" 3341
"C:/Users/cerve/OneDrive/Documenti/Desktop/Tirocinio/TirocinioBadViceGames/Tirocinio_Giuseppe/Content/Environment/Objects/Body_Parts/Gore/Brain/Type_002/T_HumanBrain_BaseColor_Type_002.uexp" 3342
"C:/Users/cerve/OneDrive/Documenti/Desktop/Tirocinio/TirocinioBadViceGames/Tirocinio_Giuseppe/Content/Environment/Objects/Body_Parts/Gore/Brain/Type_002/M_Brain_002.uasset" 3343
"C:/Users/cerve/OneDrive/Documenti/Desktop/Tirocinio/TirocinioBadViceGames/Tirocinio_Giuseppe/Content/Environment/Objects/Body_Parts/Gore/Brain/Type_002/M_Brain_002.uexp" 3344
"C:/Users/cerve/OneDrive/Documenti/Desktop/Tirocinio/TirocinioBadViceGames/Tirocinio_Giuseppe/Content/Environment/Objects/Body_Parts/Gore/Brain/Type_002/Human_Brain.ubulk" 3345
"C:/Users/cerve/OneDrive/Documenti/Desktop/Tirocinio/TirocinioBadViceGames/Tirocinio_Giuseppe/Content/Environment/Objects/Body_Parts/Gore/Brain/Type_002/Human_Brain.uasset" 3346
"C:/Users/cerve/OneDrive/Documenti/Desktop/Tirocinio/TirocinioBadViceGames/Tirocinio_Giuseppe/Content/Environment/Objects/Body_Parts/Gore/Brain/Type_002/Human_Brain.uexp" 3347
"C:/Users/cerve/OneDrive/Documenti/Desktop/Tirocinio/TirocinioBadViceGames/Tirocinio_Giuseppe/Content/Blueprints/Objects/Trash/All_Trash/BodyParts/Gore/Brain/BP_Brain_002.uasset" 3348
"C:/Users/cerve/OneDrive/Documenti/Desktop/Tirocinio/TirocinioBadViceGames/Tirocinio_Giuseppe/Content/Blueprints/Objects/Trash/All_Trash/BodyParts/Gore/Brain/BP_Brain_002.uexp" 3349
"C:/Users/cerve/OneDrive/Documenti/Desktop/Tirocinio/TirocinioBadViceGames/Tirocinio_Giuseppe/Content/Levels/Livello_Arte.uexp" 3350
"C:/Users/cerve/OneDrive/Documenti/Desktop/Tirocinio/TirocinioBadViceGames/Tirocinio_Giuseppe/Content/Levels/Livello_Arte.umap" 3351
