"D:/TirocinioBadViceGames/Tirocinio_Giuseppe/Tirocinio_Giuseppe.uproject" 1
"../../../../TirocinioBadViceGames/Tirocinio_Giuseppe/Binaries/Win64/UnrealEditor.modules" 2
"../../../Engine/Plugins/AudioGameplay/AudioGameplay.uplugin" 3
"../../../Engine/Plugins/AudioGameplayVolume/AudioGameplayVolume.uplugin" 4
"../../../Engine/Plugins/AudioInsights/AudioInsights.uplugin" 5
"../../../Engine/Plugins/BlueprintFileUtils/BlueprintFileUtils.uplugin" 6
"../../../Engine/Plugins/Bridge/Bridge.uplugin" 7
"../../../Engine/Plugins/ChaosCloth/ChaosCloth.uplugin" 8
"../../../Engine/Plugins/ChaosInsights/ChaosInsights.uplugin" 9
"../../../Engine/Plugins/ChaosClothAssetEditor/ChaosClothAssetEditor.uplugin" 10
"../../../Engine/Plugins/ChaosClothAsset/ChaosClothAsset.uplugin" 11
"../../../Engine/Plugins/ChaosVD/ChaosVD.uplugin" 12
"../../../Engine/Plugins/Chooser/Chooser.uplugin" 13
"../../../Engine/Plugins/CmdLinkServer/CmdLinkServer.uplugin" 14
"../../../Engine/Plugins/DiscoveryBeaconReceiver/DiscoveryBeaconReceiver.uplugin" 15
"../../../Engine/Plugins/EnhancedInput/EnhancedInput.uplugin" 16
"../../../Engine/Plugins/Fab/Fab.uplugin" 17
"../../../Engine/Plugins/FastBuildController/FastBuildController.uplugin" 18
"../../../Engine/Plugins/IoStoreInsights/IoStoreInsights.uplugin" 19
"../../../Engine/Plugins/MassInsights/MassInsights.uplugin" 20
"../../../Engine/Plugins/LightWeightInstancesEditor/LightWeightInstancesEditor.uplugin" 21
"../../../Engine/Plugins/JsonBlueprintUtilities/JsonBlueprintUtilities.uplugin" 22
"../../../Engine/Plugins/Mutable/Mutable.uplugin" 23
"../../../Engine/Plugins/PCG/PCG.uplugin" 24
"../../../Engine/Plugins/MemoryUsageQueries/MemoryUsageQueries.uplugin" 25
"../../../Engine/Plugins/WorldMetrics/WorldMetrics.uplugin" 26
"../../../Engine/Plugins/XGEController/XGEController.uplugin" 27
"../../../Engine/Plugins/MeshPainting/MeshPainting.uplugin" 28
"../../../Engine/Plugins/RenderGraphInsights/RenderGraphInsights.uplugin" 29
"../../../Engine/Plugins/ScriptPlugin/ScriptPlugin.uplugin" 30
"../../../Engine/Plugins/TextureGraph/TextureGraph.uplugin" 31
"../../../Engine/Plugins/FX/CascadeToNiagaraConverter/CascadeToNiagaraConverter.uplugin" 32
"../../../Engine/Plugins/FX/Cascade/Cascade.uplugin" 33
"../../../Engine/Plugins/FX/Niagara/Niagara.uplugin" 34
"../../../Engine/Plugins/UbaController/UbaController.uplugin" 35
"../../../Engine/Plugins/FX/ExampleCustomDataInterface/ExampleCustomDataInterface.uplugin" 36
"../../../Engine/Plugins/TraceUtilities/TraceUtilities.uplugin" 37
"../../../Engine/Plugins/FX/NiagaraFluids/NiagaraFluids.uplugin" 38
"../../../Engine/Plugins/FX/NiagaraSimCaching/NiagaraSimCaching.uplugin" 39
"../../../Engine/Plugins/FX/NiagaraMRQ/NiagaraMRQ.uplugin" 40
"../../../Engine/Plugins/Importers/AlembicHairImporter/AlembicHairImporter.uplugin" 41
"../../../Engine/Plugins/Importers/AlembicImporter/AlembicImporter.uplugin" 42
"../../../Engine/Plugins/Importers/USDImporterMDL/USDImporterMDL.uplugin" 43
"../../../Engine/Plugins/Messaging/MessagingDebugger/MessagingDebugger.uplugin" 44
"../../../Engine/Plugins/Importers/USDImporter/USDImporter.uplugin" 45
"../../../Engine/Plugins/Importers/USDMultiUser/USDMultiUser.uplugin" 46
"../../../Engine/Plugins/Messaging/TcpMessaging/TcpMessaging.uplugin" 47
"../../../Engine/Plugins/NNE/NNEDenoiser/NNEDenoiser.uplugin" 48
"../../../Engine/Plugins/Messaging/UdpMessaging/UdpMessaging.uplugin" 49
"../../../Engine/Plugins/NNE/NNERuntimeORT/NNERuntimeORT.uplugin" 50
"../../../Engine/Plugins/Protocols/MQTT/MQTT.uplugin" 51
"../../../Engine/Plugins/Slate/SlateScripting/SlateScripting.uplugin" 52
"../../../Engine/Plugins/Performance/AutomatedPerfTesting/AutomatedPerfTesting.uplugin" 53
"../../../Engine/Plugins/Performance/PerformanceMonitor/PerformanceMonitor.uplugin" 54
"../../../Engine/Plugins/Slate/SlateInsights/SlateInsights.uplugin" 55
"../../../Engine/Plugins/Web/HttpBlueprint/HttpBlueprint.uplugin" 56
"../../../Engine/Plugins/AI/AISupport/AISupport.uplugin" 57
"../../../Engine/Plugins/AI/MassCrowd/MassCrowd.uplugin" 58
"../../../Engine/Plugins/AI/HTNPlanner/HTNPlanner.uplugin" 59
"../../../Engine/Plugins/AI/MLAdapter/MLAdapter.uplugin" 60
"../../../Engine/Plugins/Animation/AnimationData/AnimationData.uplugin" 61
"../../../Engine/Plugins/AI/EnvironmentQueryEditor/EnvironmentQueryEditor.uplugin" 62
"../../../Engine/Plugins/2D/Paper2D/Paper2D.uplugin" 63
"../../../Engine/Plugins/Animation/ACLPlugin/ACLPlugin.uplugin" 64
"../../../Engine/Plugins/AI/MassAI/MassAI.uplugin" 65
"../../../Engine/Plugins/Animation/AnimationLocomotionLibrary/AnimationLocomotionLibrary.uplugin" 66
"../../../Engine/Plugins/Animation/AnimationModifierLibrary/AnimationModifierLibrary.uplugin" 67
"../../../Engine/Plugins/Animation/AnimatorKit/AnimatorKit.uplugin" 68
"../../../Engine/Plugins/Animation/BlendStack/BlendStack.uplugin" 69
"../../../Engine/Plugins/Animation/BlendSpaceMotionAnalysis/BlendSpaceMotionAnalysis.uplugin" 70
"../../../Engine/Plugins/Animation/ControlRig/ControlRig.uplugin" 71
"../../../Engine/Plugins/Animation/AnimationWarping/AnimationWarping.uplugin" 72
"../../../Engine/Plugins/Animation/ControlRigSpline/ControlRigSpline.uplugin" 73
"../../../Engine/Plugins/Animation/ControlRigModules/ControlRigModules.uplugin" 74
"../../../Engine/Plugins/Animation/DeformerGraph/DeformerGraph.uplugin" 75
"../../../Engine/Plugins/Animation/GameplayInsights/GameplayInsights.uplugin" 76
"../../../Engine/Plugins/Animation/DNACalib/DNACalib.uplugin" 77
"../../../Engine/Plugins/Animation/GeneSplicer/GeneSplicer.uplugin" 78
"../../../Engine/Plugins/Animation/IKRig/IKRig.uplugin" 79
"../../../Engine/Plugins/Animation/LiveLink/LiveLink.uplugin" 80
"../../../Engine/Plugins/Animation/LiveLinkDevice/LiveLinkDevice.uplugin" 81
"../../../Engine/Plugins/Animation/LiveLinkCurveDebugUI/LiveLinkCurveDebugUI.uplugin" 82
"../../../Engine/Plugins/Animation/MotionWarping/MotionWarping.uplugin" 83
"../../../Engine/Plugins/Animation/LiveLinkHub/LiveLinkHub.uplugin" 84
"../../../Engine/Plugins/Animation/PerformanceCaptureCore/PerformanceCaptureCore.uplugin" 85
"../../../Engine/Plugins/Animation/LiveLinkExampleDevice/LiveLinkExampleDevice.uplugin" 86
"../../../Engine/Plugins/Animation/TweeningUtils/TweeningUtils.uplugin" 87
"../../../Engine/Plugins/Animation/PoseSearch/PoseSearch.uplugin" 88
"../../../Engine/Plugins/Animation/SkeletalMeshModelingTools/SkeletalMeshModelingTools.uplugin" 89
"../../../Engine/Plugins/Cameras/CameraShakePreviewer/CameraShakePreviewer.uplugin" 90
"../../../Engine/Plugins/Cameras/GameplayCameras/GameplayCameras.uplugin" 91
"../../../Engine/Plugins/Cameras/EngineCameras/EngineCameras.uplugin" 92
"../../../Engine/Plugins/Animation/RigLogic/RigLogic.uplugin" 93
"../../../Engine/Plugins/Compositing/LensDistortion/LensDistortion.uplugin" 94
"../../../Engine/Plugins/Compositing/OpenCVLensDistortion/OpenCVLensDistortion.uplugin" 95
"../../../Engine/Plugins/Compression/OodleNetwork/OodleNetwork.uplugin" 96
"../../../Engine/Plugins/Compositing/Composure/Composure.uplugin" 97
"../../../Engine/Plugins/Compositing/OpenColorIO/OpenColorIO.uplugin" 98
"../../../Engine/Plugins/Developer/BlankPlugin/BlankPlugin.uplugin" 99
"../../../Engine/Plugins/Developer/DirectoryPlaceholder/DirectoryPlaceholder.uplugin" 100
"../../../Engine/Plugins/Developer/CLionSourceCodeAccess/CLionSourceCodeAccess.uplugin" 101
"../../../Engine/Plugins/Developer/AnimationSharing/AnimationSharing.uplugin" 102
"../../../Engine/Plugins/Developer/DumpGPUServices/DumpGPUServices.uplugin" 103
"../../../Engine/Plugins/Developer/CodeLiteSourceCodeAccess/CodeLiteSourceCodeAccess.uplugin" 104
"../../../Engine/Plugins/Developer/NamingTokens/NamingTokens.uplugin" 105
"../../../Engine/Plugins/Developer/GitSourceControl/GitSourceControl.uplugin" 106
"../../../Engine/Plugins/Developer/KDevelopSourceCodeAccess/KDevelopSourceCodeAccess.uplugin" 107
"../../../Engine/Plugins/Developer/N10XSourceCodeAccess/N10XSourceCodeAccess.uplugin" 108
"../../../Engine/Plugins/Developer/NullSourceCodeAccess/NullSourceCodeAccess.uplugin" 109
"../../../Engine/Plugins/Developer/OneSkyLocalizationService/OneSkyLocalizationService.uplugin" 110
"../../../Engine/Plugins/Developer/PerforceSourceControl/PerforceSourceControl.uplugin" 111
"../../../Engine/Plugins/Developer/PixWinPlugin/PixWinPlugin.uplugin" 112
"../../../Engine/Plugins/Developer/PlasticSourceControl/PlasticSourceControl.uplugin" 113
"../../../Engine/Plugins/Developer/PluginUtils/PluginUtils.uplugin" 114
"../../../Engine/Plugins/Developer/PropertyAccessNode/PropertyAccessNode.uplugin" 115
"../../../Engine/Plugins/Developer/FieldNotificationTrace/FieldNotificationTrace.uplugin" 116
"../../../Engine/Plugins/Developer/RenderDocPlugin/RenderDocPlugin.uplugin" 117
"../../../Engine/Plugins/Developer/SubversionSourceControl/SubversionSourceControl.uplugin" 118
"../../../Engine/Plugins/Developer/RiderSourceCodeAccess/RiderSourceCodeAccess.uplugin" 119
"../../../Engine/Plugins/Developer/UObjectPlugin/UObjectPlugin.uplugin" 120
"../../../Engine/Plugins/Developer/VisualStudioCodeSourceCodeAccess/VisualStudioCodeSourceCodeAccess.uplugin" 121
"../../../Engine/Plugins/Developer/TraceDataFiltering/TraceDataFilters.uplugin" 122
"../../../Engine/Plugins/Developer/ProjectLauncher/ProjectLauncher.uplugin" 123
"../../../Engine/Plugins/Developer/TraceSourceFiltering/TraceSourceFilters.uplugin" 124
"../../../Engine/Plugins/Developer/TextureFormatOodle/TextureFormatOodle.uplugin" 125
"../../../Engine/Plugins/Editor/AssetManagerEditor/AssetManagerEditor.uplugin" 126
"../../../Engine/Plugins/Developer/VisualStudioSourceCodeAccess/VisualStudioSourceCodeAccess.uplugin" 127
"../../../Engine/Plugins/Developer/XCodeSourceCodeAccess/XCodeSourceCodeAccess.uplugin" 128
"../../../Engine/Plugins/Editor/AssetReferenceRestrictions/AssetReferenceRestrictions.uplugin" 129
"../../../Engine/Plugins/Editor/AssetSearch/AssetSearch.uplugin" 130
"../../../Engine/Plugins/Editor/AssetRegistryExport/AssetRegistryExport.uplugin" 131
"../../../Engine/Plugins/Developer/XcodeGPUDebuggerPlugin/XcodeGPUDebuggerPlugin.uplugin" 132
"../../../Engine/Plugins/Editor/BlueprintMaterialTextureNodes/BlueprintMaterialTextureNodes.uplugin" 133
"../../../Engine/Plugins/Editor/ChangelistReview/ChangelistReview.uplugin" 134
"../../../Engine/Plugins/Editor/ColorGrading/ColorGrading.uplugin" 135
"../../../Engine/Plugins/Editor/ConsoleVariablesEditor/ConsoleVariables.uplugin" 136
"../../../Engine/Plugins/Editor/CryptoKeys/CryptoKeys.uplugin" 137
"../../../Engine/Plugins/Editor/BlueprintHeaderView/BlueprintHeaderView.uplugin" 138
"../../../Engine/Plugins/Editor/CurveEditorTools/CurveEditorTools.uplugin" 139
"../../../Engine/Plugins/Editor/DisplayClusterLaunch/DisplayClusterLaunch.uplugin" 140
"../../../Engine/Plugins/Editor/DataValidation/DataValidation.uplugin" 141
"../../../Engine/Plugins/Editor/EditorDebugTools/EditorDebugTools.uplugin" 142
"../../../Engine/Plugins/Editor/EditorSysConfigAssistant/EditorSysConfigAssistant.uplugin" 143
"../../../Engine/Plugins/Editor/EditorScriptingUtilities/EditorScriptingUtilities.uplugin" 144
"../../../Engine/Plugins/Editor/GameplayTagsEditor/GameplayTagsEditor.uplugin" 145
"../../../Engine/Plugins/Editor/FacialAnimation/FacialAnimation.uplugin" 146
"../../../Engine/Plugins/Editor/LiveUpdateForSlate/LiveUpdateForSlate.uplugin" 147
"../../../Engine/Plugins/Editor/EngineAssetDefinitions/EngineAssetDefinitions.uplugin" 148
"../../../Engine/Plugins/Editor/MacGraphicsSwitching/MacGraphicsSwitching.uplugin" 149
"../../../Engine/Plugins/Editor/GuidedTutorials/GuidedTutorials.uplugin" 150
"../../../Engine/Plugins/Editor/MakeCookedEditorAsDLC/MakeCookedEditorAsDLC.uplugin" 151
"../../../Engine/Plugins/Editor/MaterialAnalyzer/MaterialAnalyzer.uplugin" 152
"../../../Engine/Plugins/Editor/ModelingToolsEditorMode/ModelingToolsEditorMode.uplugin" 153
"../../../Engine/Plugins/Editor/ModelViewViewModelPreview/ModelViewViewModelPreview.uplugin" 154
"../../../Engine/Plugins/Editor/ProxyLODPlugin/ProxyLODPlugin.uplugin" 155
"../../../Engine/Plugins/Editor/MobileLauncherProfileWizard/MobileLauncherProfileWizard.uplugin" 156
"../../../Engine/Plugins/Editor/PluginBrowser/PluginBrowser.uplugin" 157
"../../../Engine/Plugins/Editor/SampleToolsEditorMode/SampleToolsEditorMode.uplugin" 158
"../../../Engine/Plugins/Editor/GeometryMode/GeometryMode.uplugin" 159
"../../../Engine/Plugins/Editor/SequencerAnimTools/SequencerAnimTools.uplugin" 160
"../../../Engine/Plugins/Editor/SpeedTreeImporter/SpeedTreeImporter.uplugin" 161
"../../../Engine/Plugins/Editor/StaticMeshEditorModeling/StaticMeshEditorModeling.uplugin" 162
"../../../Engine/Plugins/Editor/ScriptableToolsEditorMode/ScriptableToolsEditorMode.uplugin" 163
"../../../Engine/Plugins/Editor/UVEditor/UVEditor.uplugin" 164
"../../../Engine/Plugins/Editor/UMGWidgetPreview/UMGWidgetPreview.uplugin" 165
"../../../Engine/Plugins/Editor/MeshLODToolset/MeshLODToolset.uplugin" 166
"../../../Engine/Plugins/Editor/WaveformEditor/WaveformEditor.uplugin" 167
"../../../Engine/Plugins/Editor/StylusInput/StylusInput.uplugin" 168
"../../../Engine/Plugins/Enterprise/AxFImporter/AxFImporter.uplugin" 169
"../../../Engine/Plugins/Editor/WorldPartitionHLODUtilities/WorldPartitionHLODUtilities.uplugin" 170
"../../../Engine/Plugins/Enterprise/DataprepEditor/DataprepEditor.uplugin" 171
"../../../Engine/Plugins/Enterprise/DatasmithC4DImporter/DatasmithC4DImporter.uplugin" 172
"../../../Engine/Plugins/Enterprise/DatasmithContent/DatasmithContent.uplugin" 173
"../../../Engine/Plugins/Enterprise/DatasmithImporter/DatasmithImporter.uplugin" 174
"../../../Engine/Plugins/Enterprise/GLTFExporter/GLTFExporter.uplugin" 175
"../../../Engine/Plugins/Enterprise/LidarPointCloud/LidarPointCloud.uplugin" 176
"../../../Engine/Plugins/Enterprise/MDLImporter/MDLImporter.uplugin" 177
"../../../Engine/Plugins/Enterprise/DatasmithCADImporter/DatasmithCADImporter.uplugin" 178
"../../../Engine/Plugins/Enterprise/DatasmithFBXImporter/DatasmithFBXImporter.uplugin" 179
"../../../Engine/Plugins/Enterprise/VariantManager/VariantManager.uplugin" 180
"../../../Engine/Plugins/Experimental/ActorPalette/ActorPalette.uplugin" 181
"../../../Engine/Plugins/Experimental/AnimNext/AnimNext.uplugin" 182
"../../../Engine/Plugins/Enterprise/VariantManagerContent/VariantManagerContent.uplugin" 183
"../../../Engine/Plugins/Experimental/AbilitySystemGameFeatureActions/AbilitySystemGameFeatureActions.uplugin" 184
"../../../Engine/Plugins/Experimental/AnimNextAnimGraph/AnimNextAnimGraph.uplugin" 185
"../../../Engine/Plugins/Experimental/AdvancedRenamer/AdvancedRenamer.uplugin" 186
"../../../Engine/Plugins/Experimental/AnimNextChooser/AnimNextChooser.uplugin" 187
"../../../Engine/Plugins/Experimental/AnimNextControlRig/AnimNextControlRig.uplugin" 188
"../../../Engine/Plugins/Experimental/AnimNextStateTree/AnimNextStateTree.uplugin" 189
"../../../Engine/Plugins/Experimental/AsyncMessageSystem/AsyncMessageSystem.uplugin" 190
"../../../Engine/Plugins/Experimental/AnimNextWarping/AnimNextWarping.uplugin" 191
"../../../Engine/Plugins/Experimental/AnimToTexture/AnimToTexture.uplugin" 192
"../../../Engine/Plugins/Experimental/AutomationUtils/AutomationUtils.uplugin" 193
"../../../Engine/Plugins/Experimental/AvalancheSceneState/AvalancheSceneState.uplugin" 194
"../../../Engine/Plugins/Experimental/BackChannel/BackChannel.uplugin" 195
"../../../Engine/Plugins/Experimental/AsyncMessageSystemTests/AsyncMessageSystemTests.uplugin" 196
"../../../Engine/Plugins/Experimental/CelestialVault/CelestialVault.uplugin" 197
"../../../Engine/Plugins/Experimental/AvalancheDataLink/AvalancheDataLink.uplugin" 198
"../../../Engine/Plugins/Experimental/ChaosCaching/ChaosCaching.uplugin" 199
"../../../Engine/Plugins/Experimental/AnimNextPoseSearch/AnimNextPoseSearch.uplugin" 200
"../../../Engine/Plugins/Experimental/AvalancheDisplayCluster/AvalancheDisplayCluster.uplugin" 201
"../../../Engine/Plugins/Experimental/BlueprintStats/BlueprintStats.uplugin" 202
"../../../Engine/Plugins/Experimental/ChaosCachingUSD/ChaosCachingUSD.uplugin" 203
"../../../Engine/Plugins/Experimental/BlueprintSnapNodes/BlueprintSnapNodes.uplugin" 204
"../../../Engine/Plugins/Experimental/ChaosEditor/ChaosEditor.uplugin" 205
"../../../Engine/Plugins/Experimental/ChaosClothEditor/ChaosClothEditor.uplugin" 206
"../../../Engine/Plugins/Experimental/ChaosFlesh/ChaosFlesh.uplugin" 207
"../../../Engine/Plugins/Experimental/ChaosModularVehicleExamples/ChaosModularVehicleExamples.uplugin" 208
"../../../Engine/Plugins/Experimental/ChaosModularVehicle/ChaosModularVehicle.uplugin" 209
"../../../Engine/Plugins/Experimental/ChaosMover/ChaosMover.uplugin" 210
"../../../Engine/Plugins/Experimental/ChaosNiagara/ChaosNiagara.uplugin" 211
"../../../Engine/Plugins/Experimental/ChaosOutfitAsset/ChaosOutfitAsset.uplugin" 212
"../../../Engine/Plugins/Experimental/ChaosSolverPlugin/ChaosSolverPlugin.uplugin" 213
"../../../Engine/Plugins/Experimental/ChaosUserDataPT/ChaosUserDataPT.uplugin" 214
"../../../Engine/Plugins/Experimental/ChaosVehiclesPlugin/ChaosVehiclesPlugin.uplugin" 215
"../../../Engine/Plugins/Experimental/CharacterAI/CharacterAI.uplugin" 216
"../../../Engine/Plugins/Experimental/CineCameraSceneCapture/CineCameraSceneCapture.uplugin" 217
"../../../Engine/Plugins/Experimental/CineCameraRigs/CineCameraRigs.uplugin" 218
"../../../Engine/Plugins/Experimental/CinematicPrestreaming/CinematicPrestreaming.uplugin" 219
"../../../Engine/Plugins/Experimental/CodeEditor/CodeEditor.uplugin" 220
"../../../Engine/Plugins/Experimental/ColorCorrectRegions/ColorCorrectRegions.uplugin" 221
"../../../Engine/Plugins/Experimental/CodeView/CodeView.uplugin" 222
"../../../Engine/Plugins/Experimental/CommonConversation/CommonConversation.uplugin" 223
"../../../Engine/Plugins/Experimental/ControlFlows/ControlFlows.uplugin" 224
"../../../Engine/Plugins/Experimental/Dataflow/Dataflow.uplugin" 225
"../../../Engine/Plugins/Experimental/DataLink/DataLink.uplugin" 226
"../../../Engine/Plugins/Experimental/DataLinkOAuth/DataLinkOAuth.uplugin" 227
"../../../Engine/Plugins/Experimental/DaySequence/DaySequence.uplugin" 228
"../../../Engine/Plugins/Experimental/AvalancheSequenceNavigator/AvalancheSequenceNavigator.uplugin" 229
"../../../Engine/Plugins/Experimental/DefaultInstallBundleManager/DefaultInstallBundleManager.uplugin" 230
"../../../Engine/Plugins/Experimental/Buoyancy/Buoyancy.uplugin" 231
"../../../Engine/Plugins/Experimental/DynamicMaterialMediaStreamBridge/DynamicMaterialMediaStreamBridge.uplugin" 232
"../../../Engine/Plugins/Experimental/EditorDataStorage/EditorDataStorage.uplugin" 233
"../../../Engine/Plugins/Experimental/EditorDataStorageFeatures/EditorDataStorageFeatures.uplugin" 234
"../../../Engine/Plugins/Experimental/EditorPerformance/EditorPerformance.uplugin" 235
"../../../Engine/Plugins/Experimental/EditorTelemetry/EditorTelemetry.uplugin" 236
"../../../Engine/Plugins/Experimental/Fracture/Fracture.uplugin" 237
"../../../Engine/Plugins/Experimental/GameInputWindows/GameInputWindows.uplugin" 238
"../../../Engine/Plugins/Experimental/FullBodyIK/FullBodyIK.uplugin" 239
"../../../Engine/Plugins/Experimental/FastGeoStreaming/FastGeoStreaming.uplugin" 240
"../../../Engine/Plugins/Experimental/GameplayTargetingSystem/TargetingSystem.uplugin" 241
"../../../Engine/Plugins/Experimental/GameplayGraph/GameplayGraph.uplugin" 242
"../../../Engine/Plugins/Experimental/GeometryCacheLevelSequenceBaker/GeometryCacheLevelSequenceBaker.uplugin" 243
"../../../Engine/Plugins/Experimental/FieldSystemPlugin/FieldSystemPlugin.uplugin" 244
"../../../Engine/Plugins/Experimental/GeometryCollectionPlugin/GeometryCollectionPlugin.uplugin" 245
"../../../Engine/Plugins/Experimental/FloatingProperties/FloatingProperties.uplugin" 246
"../../../Engine/Plugins/Experimental/GeometryDataflow/GeometryDataflow.uplugin" 247
"../../../Engine/Plugins/Experimental/GeometryCacheAbcFile/GeometryCacheAbcFile.uplugin" 248
"../../../Engine/Plugins/Experimental/Gauntlet/Gauntlet.uplugin" 249
"../../../Engine/Plugins/Experimental/GPULightmass/GPULightmass.uplugin" 250
"../../../Engine/Plugins/Experimental/GeometryFlow/GeometryFlow.uplugin" 251
"../../../Engine/Plugins/Experimental/HairCardGenerator/HairCardGenerator.uplugin" 252
"../../../Engine/Plugins/Experimental/ImageWidgets/ImageWidgets.uplugin" 253
"../../../Engine/Plugins/Experimental/HairModelingToolset/HairModelingToolset.uplugin" 254
"../../../Engine/Plugins/Experimental/ImpostorBaker/ImpostorBaker.uplugin" 255
"../../../Engine/Plugins/Experimental/EvaluationNotifies/EvaluationNotifies.uplugin" 256
"../../../Engine/Plugins/Experimental/HairStrandsMutable/HairStrandsMutable.uplugin" 257
"../../../Engine/Plugins/Experimental/GizmoEdMode/GizmoEdMode.uplugin" 258
"../../../Engine/Plugins/Experimental/InstanceDataObjectFixupTool/InstanceDataObjectFixupTool.uplugin" 259
"../../../Engine/Plugins/Experimental/InlineMaterialInstance/InlineMaterialInstance.uplugin" 260
"../../../Engine/Plugins/Experimental/InteractionInterface/InteractionInterface.uplugin" 261
"../../../Engine/Plugins/Experimental/Iris/Iris.uplugin" 262
"../../../Engine/Plugins/Experimental/LandscapePatch/LandscapePatch.uplugin" 263
"../../../Engine/Plugins/Experimental/Landmass/Landmass.uplugin" 264
"../../../Engine/Plugins/Experimental/JWT/JWT.uplugin" 265
"../../../Engine/Plugins/Experimental/LearningAgents/LearningAgents.uplugin" 266
"../../../Engine/Plugins/Experimental/LevelSequenceNavigatorBridge/LevelSequenceNavigatorBridge.uplugin" 267
"../../../Engine/Plugins/Experimental/LiveLinkControlRig/LiveLinkControlRig.uplugin" 268
"../../../Engine/Plugins/Experimental/LiveLinkFaceImporter/LiveLinkFaceImporter.uplugin" 269
"../../../Engine/Plugins/Experimental/LocalizableMessage/LocalizableMessage.uplugin" 270
"../../../Engine/Plugins/Experimental/GizmoFramework/GizmoFramework.uplugin" 271
"../../../Engine/Plugins/Experimental/MediaStream/MediaStream.uplugin" 272
"../../../Engine/Plugins/Experimental/LowLevelNetTrace/LowLevelNetTrace.uplugin" 273
"../../../Engine/Plugins/Experimental/MeshModelingToolsetExp/MeshModelingToolsetExp.uplugin" 274
"../../../Engine/Plugins/Experimental/MeshResizing/MeshResizing.uplugin" 275
"../../../Engine/Plugins/Experimental/MotorSimOutputMotoSynth/MotorSimOutputMotoSynth.uplugin" 276
"../../../Engine/Plugins/Experimental/MetasoundExperimental/MetasoundExperimental.uplugin" 277
"../../../Engine/Plugins/Experimental/MLflow/MLflow.uplugin" 278
"../../../Engine/Plugins/Experimental/MoverExamples/MoverExamples.uplugin" 279
"../../../Engine/Plugins/Experimental/GameplayBehaviors/GameplayBehaviors.uplugin" 280
"../../../Engine/Plugins/Experimental/MotoSynth/MotoSynth.uplugin" 281
"../../../Engine/Plugins/Experimental/MoverAnimNext/MoverAnimNext.uplugin" 282
"../../../Engine/Plugins/Experimental/MovieSceneAnimMixer/MovieSceneAnimMixer.uplugin" 283
"../../../Engine/Plugins/Experimental/MutableClothing/MutableClothing.uplugin" 284
"../../../Engine/Plugins/Experimental/MovieScenePoseSearchTracks/MovieScenePoseSearchTracks.uplugin" 285
"../../../Engine/Plugins/Experimental/MoverIntegrations/MoverIntegrations.uplugin" 286
"../../../Engine/Plugins/Experimental/MediaViewer/MediaViewer.uplugin" 287
"../../../Engine/Plugins/Experimental/LiveLinkOpenVR/LiveLinkOpenVR.uplugin" 288
"../../../Engine/Plugins/Experimental/MutablePopulation/MutablePopulation.uplugin" 289
"../../../Engine/Plugins/Experimental/MoverTests/MoverTests.uplugin" 290
"../../../Engine/Plugins/Experimental/NNERuntimeBasicCpu/NNERuntimeBasicCpu.uplugin" 291
"../../../Engine/Plugins/Experimental/NNERuntimeIREE/NNERuntimeIREE.uplugin" 292
"../../../Engine/Plugins/Experimental/NeuralRendering/NeuralRendering.uplugin" 293
"../../../Engine/Plugins/Experimental/NNERuntimeCoreML/NNERuntimeCoreML.uplugin" 294
"../../../Engine/Plugins/Experimental/ImagePlate/ImagePlate.uplugin" 295
"../../../Engine/Plugins/Experimental/OptiXDenoise/OptiXDenoise.uplugin" 296
"../../../Engine/Plugins/Experimental/OpenImageDenoise/OpenImageDenoise.uplugin" 297
"../../../Engine/Plugins/Experimental/NNERuntimeRDG/NNERuntimeRDG.uplugin" 298
"../../../Engine/Plugins/Experimental/NFORDenoise/NFORDenoise.uplugin" 299
"../../../Engine/Plugins/Experimental/PCGBiomeCore/PCGBiomeCore.uplugin" 300
"../../../Engine/Plugins/Experimental/PanoramicCapture/PanoramicCapture.uplugin" 301
"../../../Engine/Plugins/Experimental/PixelStreamingPlayer/PixelStreamingPlayer.uplugin" 302
"../../../Engine/Plugins/Experimental/PCGBiomeSample/PCGBiomeSample.uplugin" 303
"../../../Engine/Plugins/Experimental/PlanarCutPlugin/PlanarCut.uplugin" 304
"../../../Engine/Plugins/Experimental/PlainProps/PlainProps.uplugin" 305
"../../../Engine/Plugins/Experimental/PlainPropsUObject/PlainPropsUObject.uplugin" 306
"../../../Engine/Plugins/Experimental/PluginAudit/PluginAudit.uplugin" 307
"../../../Engine/Plugins/Experimental/PlatformCrypto/PlatformCrypto.uplugin" 308
"../../../Engine/Plugins/Experimental/PhysicsControl/PhysicsControl.uplugin" 309
"../../../Engine/Plugins/Experimental/PluginTemplateTool/PluginTemplateTool.uplugin" 310
"../../../Engine/Plugins/Experimental/PostProcessMaterialChainGraph/PostProcessMaterialChainGraph.uplugin" 311
"../../../Engine/Plugins/Experimental/PythonFoundationPackages/PythonFoundationPackages.uplugin" 312
"../../../Engine/Plugins/Experimental/PSDImporterMaterialDesignerBridge/PSDImporterMaterialDesignerBridge.uplugin" 313
"../../../Engine/Plugins/Experimental/QuicMessaging/QuicMessaging.uplugin" 314
"../../../Engine/Plugins/Experimental/Mover/Mover.uplugin" 315
"../../../Engine/Plugins/Experimental/PythonScriptPlugin/PythonScriptPlugin.uplugin" 316
"../../../Engine/Plugins/Experimental/PSDImporter/PSDImporter.uplugin" 317
"../../../Engine/Plugins/Experimental/RawInput/RawInput.uplugin" 318
"../../../Engine/Plugins/Experimental/RemoteControlComponents/RemoteControlComponents.uplugin" 319
"../../../Engine/Plugins/Experimental/RemoteSession/RemoteSession.uplugin" 320
"../../../Engine/Plugins/Experimental/RigLogicMutable/RigLogicMutable.uplugin" 321
"../../../Engine/Plugins/Experimental/RigLogicAnimNext/RigLogicAnimNext.uplugin" 322
"../../../Engine/Plugins/Experimental/SceneState/SceneState.uplugin" 323
"../../../Engine/Plugins/Experimental/RazerChromaDevices/RazerChromaDevices.uplugin" 324
"../../../Engine/Plugins/Experimental/ScreenReader/ScreenReader.uplugin" 325
"../../../Engine/Plugins/Experimental/SerializationUtils/SerializationUtils.uplugin" 326
"../../../Engine/Plugins/Experimental/Shotgrid/Shotgrid.uplugin" 327
"../../../Engine/Plugins/Experimental/SequenceNavigator/SequenceNavigator.uplugin" 328
"../../../Engine/Plugins/Experimental/RuntimeTelemetry/RuntimeTelemetry.uplugin" 329
"../../../Engine/Plugins/Experimental/RenderGrid/RenderGrid.uplugin" 330
"../../../Engine/Plugins/Experimental/SecuritySandbox/SecuritySandbox.uplugin" 331
"../../../Engine/Plugins/Experimental/SkeletalReduction/SkeletalReduction.uplugin" 332
"../../../Engine/Plugins/Experimental/SlateIM/SlateIM.uplugin" 333
"../../../Engine/Plugins/Experimental/SimpleHMD/SimpleHMD.uplugin" 334
"../../../Engine/Plugins/Experimental/StateGraph/StateGraph.uplugin" 335
"../../../Engine/Plugins/Experimental/SlateModelViewViewModel/SlateModelViewViewModel.uplugin" 336
"../../../Engine/Plugins/Experimental/SpatialReadiness/SpatialReadiness.uplugin" 337
"../../../Engine/Plugins/Experimental/StructUtils/StructUtils.uplugin" 338
"../../../Engine/Plugins/Experimental/SurfaceEffects/SurfaceEffects.uplugin" 339
"../../../Engine/Plugins/Experimental/SubtitlesAndClosedCaptions/SubtitlesAndClosedCaptions.uplugin" 340
"../../../Engine/Plugins/Experimental/TargetDeviceServicesScripting/TargetDeviceServicesScripting.uplugin" 341
"../../../Engine/Plugins/Experimental/NaniteDisplacedMesh/NaniteDisplacedMesh.uplugin" 342
"../../../Engine/Plugins/Experimental/PluginReferenceViewer/PluginReferenceViewer.uplugin" 343
"../../../Engine/Plugins/Experimental/SVGImporter/SVGImporter.uplugin" 344
"../../../Engine/Plugins/Experimental/Tensorboard/Tensorboard.uplugin" 345
"../../../Engine/Plugins/Experimental/SlateScreenReader/SlateScreenReader.uplugin" 346
"../../../Engine/Plugins/Experimental/TetMeshing/TetMeshing.uplugin" 347
"../../../Engine/Plugins/Experimental/Text3D/Text3D.uplugin" 348
"../../../Engine/Plugins/Experimental/TechAudioTools/TechAudioTools.uplugin" 349
"../../../Engine/Plugins/Experimental/TextToSpeech/TextToSpeech.uplugin" 350
"../../../Engine/Plugins/Experimental/UIFramework/UIFramework.uplugin" 351
"../../../Engine/Plugins/Experimental/UserToolBoxBasicCommand/UserToolBoxBasicCommand.uplugin" 352
"../../../Engine/Plugins/Experimental/ToolPresets/ToolPresets.uplugin" 353
"../../../Engine/Plugins/Experimental/VirtualHeightfieldMesh/VirtualHeightfieldMesh.uplugin" 354
"../../../Engine/Plugins/Experimental/Volumetrics/Volumetrics.uplugin" 355
"../../../Engine/Plugins/Experimental/VirtualProductionUtilities/VirtualProductionUtilities.uplugin" 356
"../../../Engine/Plugins/Experimental/Water/Water.uplugin" 357
"../../../Engine/Plugins/Experimental/SubmitToolEditor/SubmitToolEditor.uplugin" 358
"../../../Engine/Plugins/Experimental/UserToolBoxCore/UserToolBoxCore.uplugin" 359
"../../../Engine/Plugins/Experimental/WaterExtras/WaterExtras.uplugin" 360
"../../../Engine/Plugins/Experimental/WaterAdvanced/WaterAdvanced.uplugin" 361
"../../../Engine/Plugins/Experimental/WaveFunctionCollapse/WaveFunctionCollapse.uplugin" 362
"../../../Engine/Plugins/Experimental/WebSocketMessaging/WebSocketMessaging.uplugin" 363
"../../../Engine/Plugins/Experimental/WidgetEditorToolPalette/WidgetEditorToolPalette.uplugin" 364
"../../../Engine/Plugins/Experimental/WebSocketNetworking/WebSocketNetworking.uplugin" 365
"../../../Engine/Plugins/Interchange/Assets/InterchangeAssets.uplugin" 366
"../../../Engine/Plugins/Experimental/XRCreativeFramework/XRCreativeFramework.uplugin" 367
"../../../Engine/Plugins/Interchange/Runtime/Interchange.uplugin" 368
"../../../Engine/Plugins/Media/AndroidCamera/AndroidCamera.uplugin" 369
"../../../Engine/Plugins/Media/AjaMedia/AjaMedia.uplugin" 370
"../../../Engine/Plugins/Interchange/Editor/InterchangeEditor.uplugin" 371
"../../../Engine/Plugins/Experimental/Workspace/Workspace.uplugin" 372
"../../../Engine/Plugins/Media/AndroidMedia/AndroidMedia.uplugin" 373
"../../../Engine/Plugins/Marketplace/AsyncLoabb9e7e751a1fV12/AsyncLoadingScreen.uplugin" 374
"../../../Engine/Plugins/Media/AppleProResMedia/AppleProResMedia.uplugin" 375
"../../../Engine/Plugins/Media/AvfMedia/AvfMedia.uplugin" 376
"../../../Engine/Plugins/Media/AppleProResDecoderElectra/AppleProResDecoderElectra.uplugin" 377
"../../../Engine/Plugins/Media/AvidDNxHDDecoderElectra/AvidDNxHDDecoderElectra.uplugin" 378
"../../../Engine/Plugins/Media/AudioCaptureTimecodeProvider/AudioCaptureTimecodeProvider.uplugin" 379
"../../../Engine/Plugins/Media/BlackmagicMedia/BlackmagicMedia.uplugin" 380
"../../../Engine/Plugins/Media/BinkMedia/BinkMedia.uplugin" 381
"../../../Engine/Plugins/Media/ElectraCDM/ElectraCDM.uplugin" 382
"../../../Engine/Plugins/Media/D3D12VideoDecodersElectra/D3D12VideoDecodersElectra.uplugin" 383
"../../../Engine/Plugins/Media/ElectraCodecs/ElectraCodecs.uplugin" 384
"../../../Engine/Plugins/Media/ElectraPlayer/ElectraPlayer.uplugin" 385
"../../../Engine/Plugins/Media/ElectraUtil/ElectraUtil.uplugin" 386
"../../../Engine/Plugins/Media/ElectraSubtitles/ElectraSubtitles.uplugin" 387
"../../../Engine/Plugins/Media/HAPDecoderElectra/HAPDecoderElectra.uplugin" 388
"../../../Engine/Plugins/Media/AvidDNxMedia/AvidDNxMedia.uplugin" 389
"../../../Engine/Plugins/Media/HardwareEncoders/HardwareEncoders.uplugin" 390
"../../../Engine/Plugins/Media/HAPMedia/HAPMedia.uplugin" 391
"../../../Engine/Plugins/Media/LinearTimecode/LinearTimecode.uplugin" 392
"../../../Engine/Plugins/Media/MediaFrameworkUtilities/MediaFrameworkUtilities.uplugin" 393
"../../../Engine/Plugins/Media/MediaCompositing/MediaCompositing.uplugin" 394
"../../../Engine/Plugins/Media/MediaIOFramework/MediaIOFramework.uplugin" 395
"../../../Engine/Plugins/Media/MediaMovieStreamer/MediaMovieStreamer.uplugin" 396
"../../../Engine/Plugins/Experimental/TextureMediaPlayer/TextureMediaPlayer.uplugin" 397
"../../../Engine/Plugins/Media/MediaPlate/MediaPlate.uplugin" 398
"../../../Engine/Plugins/Media/ImgMedia/ImgMedia.uplugin" 399
"../../../Engine/Plugins/Media/PixelStreaming2/PixelStreaming2.uplugin" 400
"../../../Engine/Plugins/Media/TimecodeSynchronizer/TimecodeSynchronizer.uplugin" 401
"../../../Engine/Plugins/Media/PixelCapture/PixelCapture.uplugin" 402
"../../../Engine/Plugins/Media/MfMedia/MfMedia.uplugin" 403
"../../../Engine/Plugins/Media/PixelStreaming/PixelStreaming.uplugin" 404
"../../../Engine/Plugins/Media/VPxDecoderElectra/VPxDecoderElectra.uplugin" 405
"../../../Engine/Plugins/Media/WebMMedia/WebMMedia.uplugin" 406
"../../../Engine/Plugins/MetaHuman/MetaHumanCoreTechLib/MetaHumanCoreTech.uplugin" 407
"../../../Engine/Plugins/Media/WmfMedia/WmfMedia.uplugin" 408
"../../../Engine/Plugins/Media/NDIMedia/NDIMedia.uplugin" 409
"../../../Engine/Plugins/MetaHuman/MetaHumanCalibrationProcessing/MetaHumanCalibrationProcessing.uplugin" 410
"../../../Engine/Plugins/MovieScene/ActorSequence/ActorSequence.uplugin" 411
"../../../Engine/Plugins/MetaHuman/MetaHumanLiveLink/MetaHumanLiveLink.uplugin" 412
"../../../Engine/Plugins/Media/MediaPlayerEditor/MediaPlayerEditor.uplugin" 413
"../../../Engine/Plugins/MetaHuman/MetaHumanSDK/MetaHumanSDK.uplugin" 414
"../../../Engine/Plugins/MovieScene/CustomizableSequencerTracks/CustomizableSequencerTracks.uplugin" 415
"../../../Engine/Plugins/Media/OpusDecoderElectra/OpusDecoderElectra.uplugin" 416
"../../../Engine/Plugins/MovieScene/MovieRenderPipeline/MovieRenderPipeline.uplugin" 417
"../../../Engine/Plugins/MovieScene/TemplateSequence/TemplateSequence.uplugin" 418
"../../../Engine/Plugins/MovieScene/ReplayTracks/ReplayTracks.uplugin" 419
"../../../Engine/Plugins/MovieScene/LevelSequenceEditor/LevelSequenceEditor.uplugin" 420
"../../../Engine/Plugins/NetcodeUnitTest/NetcodeUnitTest/NetcodeUnitTest.uplugin" 421
"../../../Engine/Plugins/MovieScene/MovieSceneTextTrack/MovieSceneTextTrack.uplugin" 422
"../../../Engine/Plugins/Online/EOSOverlayInputProvider/EOSOverlayInputProvider.uplugin" 423
"../../../Engine/Plugins/NetcodeUnitTest/NUTUnrealEngine/NUTUnrealEngine.uplugin" 424
"../../../Engine/Plugins/Online/EOSShared/EOSShared.uplugin" 425
"../../../Engine/Plugins/Online/OnlineBase/OnlineBase.uplugin" 426
"../../../Engine/Plugins/Media/FlacDecoderElectra/FlacDecoderElectra.uplugin" 427
"../../../Engine/Plugins/MovieScene/MoviePipelineMaskRenderPass/MoviePipelineMaskRenderPass.uplugin" 428
"../../../Engine/Plugins/Online/OnlineFramework/OnlineFramework.uplugin" 429
"../../../Engine/Plugins/MetaHuman/MetaHumanAnimator/MetaHuman.uplugin" 430
"../../../Engine/Plugins/Online/OnlineServicesEpicCommon/OnlineServicesEpicCommon.uplugin" 431
"../../../Engine/Plugins/Online/OnlineServicesNull/OnlineServicesNull.uplugin" 432
"../../../Engine/Plugins/Online/OnlineServicesEOSGS/OnlineServicesEOSGS.uplugin" 433
"../../../Engine/Plugins/Online/OnlineServicesEOS/OnlineServicesEOS.uplugin" 434
"../../../Engine/Plugins/Online/OnlineSubsystem/OnlineSubsystem.uplugin" 435
"../../../Engine/Plugins/Online/OnlineSubsystemEOS/OnlineSubsystemEOS.uplugin" 436
"../../../Engine/Plugins/Online/OnlineSubsystemFacebook/OnlineSubsystemFacebook.uplugin" 437
"../../../Engine/Plugins/Online/OnlineSubsystemApple/OnlineSubsystemApple.uplugin" 438
"../../../Engine/Plugins/Online/OnlineSubsystemGoogle/OnlineSubsystemGoogle.uplugin" 439
"../../../Engine/Plugins/Online/OnlineServicesOSSAdapter/OnlineServicesOSSAdapter.uplugin" 440
"../../../Engine/Plugins/Online/OnlineSubsystemNull/OnlineSubsystemNull.uplugin" 441
"../../../Engine/Plugins/Online/OnlineSubsystemSteam/OnlineSubsystemSteam.uplugin" 442
"../../../Engine/Plugins/Online/OnlineServices/OnlineServices.uplugin" 443
"../../../Engine/Plugins/MetaHuman/MetaHumanCharacter/MetaHumanCharacter.uplugin" 444
"../../../Engine/Plugins/Online/OnlineSubsystemAmazon/OnlineSubsystemAmazon.uplugin" 445
"../../../Engine/Plugins/Online/WebAuth/WebAuth.uplugin" 446
"../../../Engine/Plugins/Online/OnlineSubsystemUtils/OnlineSubsystemUtils.uplugin" 447
"../../../Engine/Plugins/PCGInterops/PCGExternalDataInterop/PCGExternalDataInterop.uplugin" 448
"../../../Engine/Plugins/Portal/LauncherChunkInstaller/LauncherChunkInstaller.uplugin" 449
"../../../Engine/Plugins/Online/OnlineSubsystemTencent/OnlineSubsystemTencent.uplugin" 450
"../../../Engine/Plugins/Online/SocketSubsystemSteamIP/SocketSubsystemSteamIP.uplugin" 451
"../../../Engine/Plugins/Runtime/ActorLayerUtilities/ActorLayerUtilities.uplugin" 452
"../../../Engine/Plugins/Runtime/AndroidFileServer/AndroidFileServer.uplugin" 453
"../../../Engine/Plugins/Runtime/ADM/ADM.uplugin" 454
"../../../Engine/Plugins/Online/SocketSubsystemEOS/SocketSubsystemEOS.uplugin" 455
"../../../Engine/Plugins/Runtime/AndroidMoviePlayer/AndroidMoviePlayer.uplugin" 456
"../../../Engine/Plugins/PCGInterops/PCGGeometryScriptInterop/PCGGeometryScriptInterop.uplugin" 457
"../../../Engine/Plugins/Runtime/AndroidPermission/AndroidPermission.uplugin" 458
"../../../Engine/Plugins/Runtime/AppleImageUtils/AppleImageUtils.uplugin" 459
"../../../Engine/Plugins/Runtime/ApexDestruction/ApexDestruction.uplugin" 460
"../../../Engine/Plugins/Runtime/AppleMoviePlayer/AppleMoviePlayer.uplugin" 461
"../../../Engine/Plugins/Runtime/AnimationBudgetAllocator/AnimationBudgetAllocator.uplugin" 462
"../../../Engine/Plugins/Runtime/AssetTags/AssetTags.uplugin" 463
"../../../Engine/Plugins/Runtime/AndroidDeviceProfileSelector/AndroidDeviceProfileSelector.uplugin" 464
"../../../Engine/Plugins/Runtime/AudioCapture/AudioCapture.uplugin" 465
"../../../Engine/Plugins/Runtime/ArchVisCharacter/ArchVisCharacter.uplugin" 466
"../../../Engine/Plugins/Runtime/AudioSynesthesia/AudioSynesthesia.uplugin" 467
"../../../Engine/Plugins/Runtime/ChunkDownloader/ChunkDownloader.uplugin" 468
"../../../Engine/Plugins/Runtime/CableComponent/CableComponent.uplugin" 469
"../../../Engine/Plugins/Runtime/AudioMotorSim/AudioMotorSim.uplugin" 470
"../../../Engine/Plugins/Runtime/AudioModulation/AudioModulation.uplugin" 471
"../../../Engine/Plugins/Runtime/CustomMeshComponent/CustomMeshComponent.uplugin" 472
"../../../Engine/Plugins/Runtime/ComputeFramework/ComputeFramework.uplugin" 473
"../../../Engine/Plugins/Runtime/DataRegistry/DataRegistry.uplugin" 474
"../../../Engine/Plugins/Runtime/ExampleDeviceProfileSelector/ExampleDeviceProfileSelector.uplugin" 475
"../../../Engine/Plugins/Runtime/AndroidBackgroundService/AndroidBackgroundService.uplugin" 476
"../../../Engine/Plugins/Runtime/GameFeatures/GameFeatures.uplugin" 477
"../../../Engine/Plugins/Runtime/GameInput/GameInput.uplugin" 478
"../../../Engine/Plugins/Runtime/CommonUI/CommonUI.uplugin" 479
"../../../Engine/Plugins/Runtime/Firebase/Firebase.uplugin" 480
"../../../Engine/Plugins/Runtime/GameplayBehaviorSmartObjects/GameplayBehaviorSmartObjects.uplugin" 481
"../../../Engine/Plugins/Runtime/AudioWidgets/AudioWidgets.uplugin" 482
"../../../Engine/Plugins/MovieScene/SequencerScripting/SequencerScripting.uplugin" 483
"../../../Engine/Plugins/Runtime/GameplayStateTree/GameplayStateTree.uplugin" 484
"../../../Engine/Plugins/Runtime/GeometryProcessing/GeometryProcessing.uplugin" 485
"../../../Engine/Plugins/Runtime/GameplayInteractions/GameplayInteractions.uplugin" 486
"../../../Engine/Plugins/Runtime/GameplayAbilities/GameplayAbilities.uplugin" 487
"../../../Engine/Plugins/Runtime/GeometryScripting/GeometryScripting.uplugin" 488
"../../../Engine/Plugins/Runtime/GeoReferencing/GeoReferencing.uplugin" 489
"../../../Engine/Plugins/Runtime/HairStrands/HairStrands.uplugin" 490
"../../../Engine/Plugins/Runtime/HPMotionController/HPMotionController.uplugin" 491
"../../../Engine/Plugins/Runtime/GoogleCloudMessaging/GoogleCloudMessaging.uplugin" 492
"../../../Engine/Plugins/Runtime/HDRIBackdrop/HDRIBackdrop.uplugin" 493
"../../../Engine/Plugins/Runtime/Harmonix/Harmonix.uplugin" 494
"../../../Engine/Plugins/Runtime/HTTPChunkInstaller/HTTPChunkInstaller.uplugin" 495
"../../../Engine/Plugins/Runtime/InputDebugging/InputDebugging.uplugin" 496
"../../../Engine/Plugins/Runtime/GooglePAD/GooglePAD.uplugin" 497
"../../../Engine/Plugins/Runtime/GeometryCache/GeometryCache.uplugin" 498
"../../../Engine/Plugins/Runtime/InstancedActors/InstancedActors.uplugin" 499
"../../../Engine/Plugins/Runtime/LinuxDeviceProfileSelector/LinuxDeviceProfileSelector.uplugin" 500
"../../../Engine/Plugins/Runtime/LevelStreamingPersistence/LevelStreamingPersistence.uplugin" 501
"../../../Engine/Plugins/Runtime/MassGameplay/MassGameplay.uplugin" 502
"../../../Engine/Plugins/Runtime/Metasound/Metasound.uplugin" 503
"../../../Engine/Plugins/Runtime/MeshModelingToolset/MeshModelingToolset.uplugin" 504
"../../../Engine/Plugins/Runtime/IOSReplayKit/IOSReplayKit.uplugin" 505
"../../../Engine/Plugins/Runtime/MicrosoftSpatialAudio/MicroSoftSpatialSound.uplugin" 506
"../../../Engine/Plugins/Runtime/IOSDeviceProfileSelector/IOSDeviceProfileSelector.uplugin" 507
"../../../Engine/Plugins/Runtime/LocationServicesAndroidImpl/LocationServicesAndroidImpl.uplugin" 508
"../../../Engine/Plugins/Runtime/MobileFSR/MobileFSR.uplugin" 509
"../../../Engine/Plugins/Runtime/MixedRealityCaptureFramework/MixedRealityCaptureFramework.uplugin" 510
"../../../Engine/Plugins/Runtime/ModelViewViewModel/ModelViewViewModel.uplugin" 511
"../../../Engine/Plugins/Runtime/LocationServicesBPLibrary/LocationServicesBPLibrary.uplugin" 512
"../../../Engine/Plugins/Runtime/MsQuic/MsQuic.uplugin" 513
"../../../Engine/Plugins/Runtime/MobilePatchingUtils/MobilePatchingUtils.uplugin" 514
"../../../Engine/Plugins/Runtime/MultiServerReplication/MultiServerReplication.uplugin" 515
"../../../Engine/Plugins/Runtime/ModularGameplay/ModularGameplay.uplugin" 516
"../../../Engine/Plugins/Runtime/MusicEnvironment/MusicEnvironment.uplugin" 517
"../../../Engine/Plugins/Runtime/nDisplayModularFeatures/nDisplayModularFeatures.uplugin" 518
"../../../Engine/Plugins/Runtime/MIDIDevice/MIDIDevice.uplugin" 519
"../../../Engine/Plugins/Runtime/NetworkPredictionExtras/NetworkPredictionExtras.uplugin" 520
"../../../Engine/Plugins/Runtime/NavCorridor/NavCorridor.uplugin" 521
"../../../Engine/Plugins/Runtime/NetworkPredictionInsights/NetworkPredictionInsights.uplugin" 522
"../../../Engine/Plugins/Runtime/LiveLinkOvernDisplay/LiveLinkOverNDisplay.uplugin" 523
"../../../Engine/Plugins/Runtime/OpenXR/OpenXR.uplugin" 524
"../../../Engine/Plugins/Runtime/MassEntity/MassEntity.uplugin" 525
"../../../Engine/Plugins/Runtime/NetworkPrediction/NetworkPrediction.uplugin" 526
"../../../Engine/Plugins/Runtime/OpenXREyeTracker/OpenXREyeTracker.uplugin" 527
"../../../Engine/Plugins/Runtime/OpenXRHandTracking/OpenXRHandTracking.uplugin" 528
"../../../Engine/Plugins/Runtime/OpenCV/OpenCV.uplugin" 529
"../../../Engine/Plugins/Runtime/OpenXRMsftHandInteraction/OpenXRMsftHandInteraction.uplugin" 530
"../../../Engine/Plugins/Runtime/OptionalMobileFeaturesBPLibrary/OptionalMobileFeaturesBPLibrary.uplugin" 531
"../../../Engine/Plugins/Runtime/OpenXRViveTracker/OpenXRViveTracker.uplugin" 532
"../../../Engine/Plugins/Runtime/OSC/OSC.uplugin" 533
"../../../Engine/Plugins/Runtime/ProceduralMeshComponent/ProceduralMeshComponent.uplugin" 534
"../../../Engine/Plugins/Runtime/LocationServicesIOSImpl/LocationServicesIOSImpl.uplugin" 535
"../../../Engine/Plugins/Runtime/PreLoadScreenMoviePlayer/PreLoadScreenMoviePlayer.uplugin" 536
"../../../Engine/Plugins/Runtime/ReplicationGraph/ReplicationGraph.uplugin" 537
"../../../Engine/Plugins/Runtime/PropertyAccess/PropertyAccessEditor.uplugin" 538
"../../../Engine/Plugins/Runtime/RigVM/RigVM.uplugin" 539
"../../../Engine/Plugins/Runtime/SignificanceManager/SignificanceManager.uplugin" 540
"../../../Engine/Plugins/Runtime/ResonanceAudio/ResonanceAudio.uplugin" 541
"../../../Engine/Plugins/Runtime/SkeletalMerging/SkeletalMerging.uplugin" 542
"../../../Engine/Plugins/Runtime/SmartObjects/SmartObjects.uplugin" 543
"../../../Engine/Plugins/Runtime/SoundFields/SoundFields.uplugin" 544
"../../../Engine/Plugins/Runtime/PropertyBindingUtils/PropertyBindingUtils.uplugin" 545
"../../../Engine/Plugins/Runtime/Soundscape/Soundscape.uplugin" 546
"../../../Engine/Plugins/Runtime/SoundMod/SoundMod.uplugin" 547
"../../../Engine/Plugins/Runtime/ScriptableToolsFramework/ScriptableToolsFramework.uplugin" 548
"../../../Engine/Plugins/Runtime/SoundUtilities/SoundUtilities.uplugin" 549
"../../../Engine/Plugins/Runtime/Spatialization/Spatialization.uplugin" 550
"../../../Engine/Plugins/Runtime/SoundCueTemplates/SoundCueTemplates.uplugin" 551
"../../../Engine/Plugins/Runtime/StateTree/StateTree.uplugin" 552
"../../../Engine/Plugins/Runtime/ReplicationSystemTestPlugin/ReplicationSystemTestPlugin.uplugin" 553
"../../../Engine/Plugins/Runtime/USDCore/USDCore.uplugin" 554
"../../../Engine/Plugins/Runtime/WaveTable/WaveTable.uplugin" 555
"../../../Engine/Plugins/Runtime/RenderTrace/RenderTrace.uplugin" 556
"../../../Engine/Plugins/Runtime/WebBrowserNativeProxy/WebBrowserNativeProxy.uplugin" 557
"../../../Engine/Plugins/Runtime/WebBrowserWidget/WebBrowserWidget.uplugin" 558
"../../../Engine/Plugins/Runtime/nDisplay/nDisplay.uplugin" 559
"../../../Engine/Plugins/Runtime/WindowsDeviceProfileSelector/WindowsDeviceProfileSelector.uplugin" 560
"../../../Engine/Plugins/Runtime/XRBase/XRBase.uplugin" 561
"../../../Engine/Plugins/Runtime/WindowsMoviePlayer/WindowsMoviePlayer.uplugin" 562
"../../../Engine/Plugins/Runtime/Synthesis/Synthesis.uplugin" 563
"../../../Engine/Plugins/Runtime/ZoneGraphAnnotations/ZoneGraphAnnotations.uplugin" 564
"../../../Engine/Plugins/Tests/AutomationDriverTests/AutomationDriverTests.uplugin" 565
"../../../Engine/Plugins/Runtime/WorldConditions/WorldConditions.uplugin" 566
"../../../Engine/Plugins/Tests/CQTestEnhancedInput/CQTestEnhancedInput.uplugin" 567
"../../../Engine/Plugins/Tests/FunctionalTestingEditor/FunctionalTestingEditor.uplugin" 568
"../../../Engine/Plugins/Tests/CQTest/CQTest.uplugin" 569
"../../../Engine/Plugins/Tests/RHITests/RHITests.uplugin" 570
"../../../Engine/Plugins/Tests/EditorTests/EditorTests.uplugin" 571
"../../../Engine/Plugins/Runtime/WebMMoviePlayer/WebMMoviePlayer.uplugin" 572
"../../../Engine/Plugins/Tests/FbxAutomationTestBuilder/FbxAutomationTestBuilder.uplugin" 573
"../../../Engine/Plugins/Tests/InterchangeTests/InterchangeTests.uplugin" 574
"../../../Engine/Plugins/Tests/TestSamples/TestSamples.uplugin" 575
"../../../Engine/Plugins/Tests/TestFramework/TestFramework.uplugin" 576
"../../../Engine/Plugins/VirtualProduction/ActorModifier/ActorModifier.uplugin" 577
"../../../Engine/Plugins/Tests/RuntimeTests/RuntimeTests.uplugin" 578
"../../../Engine/Plugins/Runtime/ZoneGraph/ZoneGraph.uplugin" 579
"../../../Engine/Plugins/Runtime/SunPosition/SunPosition.uplugin" 580
"../../../Engine/Plugins/VirtualProduction/CameraCalibrationCore/CameraCalibrationCore.uplugin" 581
"../../../Engine/Plugins/Runtime/WarpUtils/WarpUtils.uplugin" 582
"../../../Engine/Plugins/VirtualProduction/ActorModifierCore/ActorModifierCore.uplugin" 583
"../../../Engine/Plugins/Tests/PythonAutomationTest/PythonAutomationTest.uplugin" 584
"../../../Engine/Plugins/VirtualProduction/CameraCalibrationML/CameraCalibrationML.uplugin" 585
"../../../Engine/Plugins/VirtualProduction/CaptureData/CaptureData.uplugin" 586
"../../../Engine/Plugins/VirtualProduction/CompositePlane/CompositePlane.uplugin" 587
"../../../Engine/Plugins/VirtualProduction/DataCharts/DataCharts.uplugin" 588
"../../../Engine/Plugins/VirtualProduction/EpicStageApp/EpicStageApp.uplugin" 589
"../../../Engine/Plugins/VirtualProduction/DynamicMaterial/DynamicMaterial.uplugin" 590
"../../../Engine/Plugins/VirtualProduction/GeometryMask/GeometryMask.uplugin" 591
"../../../Engine/Plugins/VirtualProduction/CustomDetailsView/CustomDetailsView.uplugin" 592
"../../../Engine/Plugins/VirtualProduction/CinematicAssemblyTools/CinematicAssemblyTools.uplugin" 593
"../../../Engine/Plugins/VirtualProduction/ICVFX/ICVFX.uplugin" 594
"../../../Engine/Plugins/VirtualProduction/ICVFXTesting/ICVFXTesting.uplugin" 595
"../../../Engine/Plugins/VirtualProduction/LevelSnapshots/LevelSnapshots.uplugin" 596
"../../../Engine/Plugins/VirtualProduction/LiveLinkInputDevice/LiveLinkInputDevice.uplugin" 597
"../../../Engine/Plugins/VirtualProduction/LiveLinkMasterLockit/LiveLinkMasterLockit.uplugin" 598
"../../../Engine/Plugins/VirtualProduction/CameraCalibration/CameraCalibration.uplugin" 599
"../../../Engine/Plugins/VirtualProduction/LensComponent/LensComponent.uplugin" 600
"../../../Engine/Plugins/VirtualProduction/LiveLinkCamera/LiveLinkCamera.uplugin" 601
"../../../Engine/Plugins/VirtualProduction/LiveLinkFreeD/LiveLinkFreeD.uplugin" 602
"../../../Engine/Plugins/VirtualProduction/LiveLinkOpenTrackIO/LiveLinkOpenTrackIO.uplugin" 603
"../../../Engine/Plugins/VirtualProduction/LiveLinkLens/LiveLinkLens.uplugin" 604
"../../../Engine/Plugins/VirtualProduction/LiveLinkVRPN/LiveLinkVRPN.uplugin" 605
"../../../Engine/Plugins/VirtualProduction/LiveLinkXR/LiveLinkXR.uplugin" 606
"../../../Engine/Plugins/VirtualProduction/PerformanceCaptureWorkflow/PerformanceCaptureWorkflow.uplugin" 607
"../../../Engine/Plugins/VirtualProduction/OperatorStack/OperatorStack.uplugin" 608
"../../../Engine/Plugins/VirtualProduction/PropertyAnimator/PropertyAnimator.uplugin" 609
"../../../Engine/Plugins/VirtualProduction/MultiUserTakes/MultiUserTakes.uplugin" 610
"../../../Engine/Plugins/VirtualProduction/PropertyAnimatorCore/PropertyAnimatorCore.uplugin" 611
"../../../Engine/Plugins/VirtualProduction/LiveLinkPrestonMDR/LiveLinkPrestonMDR.uplugin" 612
"../../../Engine/Plugins/VirtualProduction/RemoteControlInterception/RemoteControlInterception.uplugin" 613
"../../../Engine/Plugins/VirtualProduction/RemoteControlProtocolOSC/RemoteControlProtocolOSC.uplugin" 614
"../../../Engine/Plugins/VirtualProduction/RemoteControl/RemoteControl.uplugin" 615
"../../../Engine/Plugins/VirtualProduction/Avalanche/Avalanche.uplugin" 616
"../../../Engine/Plugins/VirtualProduction/SequencerPlaylists/SequencerPlaylists.uplugin" 617
"../../../Engine/Plugins/VirtualProduction/RemoteControlProtocolMIDI/RemoteControlProtocolMIDI.uplugin" 618
"../../../Engine/Plugins/VirtualProduction/StageMonitoring/StageMonitoring.uplugin" 619
"../../../Engine/Plugins/VirtualProduction/StormSync/StormSync.uplugin" 620
"../../../Engine/Plugins/VirtualProduction/RemoteControlProtocolDMX/RemoteControlProtocolDMX.uplugin" 621
"../../../Engine/Plugins/VirtualProduction/RemoteControlWebInterface/RemoteControlWebInterface.uplugin" 622
"../../../Engine/Plugins/VirtualProduction/ClonerEffector/ClonerEffector.uplugin" 623
"../../../Engine/Plugins/VirtualProduction/TextureShare/TextureShare.uplugin" 624
"../../../Engine/Plugins/VirtualProduction/Switchboard/Switchboard.uplugin" 625
"../../../Engine/Plugins/VirtualProduction/TimedDataMonitor/TimedDataMonitor.uplugin" 626
"../../../Engine/Plugins/VirtualProduction/VirtualScouting/VirtualScouting.uplugin" 627
"../../../Engine/Plugins/VirtualProduction/VirtualCamera/VirtualCamera.uplugin" 628
"../../../Engine/Plugins/VirtualProduction/VirtualCameraCore/VirtualCameraCore.uplugin" 629
"../../../Engine/Plugins/VirtualProduction/Takes/Takes.uplugin" 630
"../../../Engine/Plugins/Developer/Concert/ConcertMain/ConcertMain.uplugin" 631
"../../../Engine/Plugins/Runtime/Database/ADOSupport/ADOSupport.uplugin" 632
"../../../Engine/Plugins/Runtime/Database/DatabaseSupport/DatabaseSupport.uplugin" 633
"../../../Engine/Plugins/Online/VoiceChat/EOSVoiceChat/EOSVoiceChat.uplugin" 634
"../../../Engine/Plugins/Runtime/Advertising/IOSTapJoy/IOSTapJoy.uplugin" 635
"../../../Engine/Plugins/Tests/WidgetAutomationTests/WidgetAutomationTests.uplugin" 636
"../../../Engine/Plugins/Runtime/Steam/SteamController/SteamController.uplugin" 637
"../../../Engine/Plugins/Runtime/Database/SQLiteSupport/SQLiteSupport.uplugin" 638
"../../../Engine/Plugins/Runtime/Database/SQLiteCore/SQLiteCore.uplugin" 639
"../../../Engine/Plugins/Runtime/Steam/SteamSockets/SteamSockets.uplugin" 640
"../../../Engine/Plugins/Runtime/Database/RemoteDatabaseSupport/RemoteDatabaseSupport.uplugin" 641
"../../../Engine/Plugins/Runtime/Steam/SteamShared/SteamShared.uplugin" 642
"../../../Engine/Plugins/Online/VoiceChat/VoiceChat/VoiceChat.uplugin" 643
"../../../Engine/Plugins/Animation/MLDeformer/ChaosClothGenerator/ChaosClothGenerator.uplugin" 644
"../../../Engine/Plugins/VirtualProduction/Rivermax/RivermaxSync/RivermaxSync.uplugin" 645
"../../../Engine/Plugins/VirtualProduction/Rivermax/RivermaxCore/RivermaxCore.uplugin" 646
"../../../Engine/Plugins/Animation/MLDeformer/NearestNeighborModel/NearestNeighborModel.uplugin" 647
"../../../Engine/Plugins/Animation/MLDeformer/ChaosFleshGenerator/ChaosFleshGenerator.uplugin" 648
"../../../Engine/Plugins/Animation/MLDeformer/NeuralMorphModel/NeuralMorphModel.uplugin" 649
"../../../Engine/Plugins/Animation/MLDeformer/VertexDeltaModel/VertexDeltaModel.uplugin" 650
"../../../Engine/Plugins/VirtualProduction/Rivermax/RivermaxMedia/RivermaxMedia.uplugin" 651
"../../../Engine/Plugins/Experimental/Animation/CurveExpression/CurveExpression.uplugin" 652
"../../../Engine/Plugins/Editor/Localization/PortableObjectFileDataSource/PortableObjectFileDataSource.uplugin" 653
"../../../Engine/Plugins/Experimental/Animation/ContextualAnimation/ContextualAnimation.uplugin" 654
"../../../Engine/Plugins/VirtualProduction/StormSyncAvalancheBridge/StormSyncAvalancheBridge.uplugin" 655
"../../../Engine/Plugins/Experimental/Animation/HierarchyTableAnimation/HierarchyTableAnimation.uplugin" 656
"../../../Engine/Plugins/Experimental/Animation/Locomotor/Locomotor.uplugin" 657
"../../../Engine/Plugins/Animation/MLDeformer/MLDeformerFramework/MLDeformerFramework.uplugin" 658
"../../../Engine/Plugins/Experimental/Animation/HierarchyTable/HierarchyTable.uplugin" 659
"../../../Engine/Plugins/Experimental/Animation/PackedAttributes/PackedAttributes.uplugin" 660
"../../../Engine/Plugins/Experimental/Animation/MotionTrajectory/MotionTrajectory.uplugin" 661
"../../../Engine/Plugins/Experimental/Animation/RigMapper/RigMapper.uplugin" 662
"../../../Engine/Plugins/Experimental/Animation/Optimus/Optimus.uplugin" 663
"../../../Engine/Plugins/Experimental/Animation/SkeletonTemplateFramework/SkeletonTemplateFramework.uplugin" 664
"../../../Engine/Plugins/Experimental/AVCodecs/AMFCodecs/AMFCodecs.uplugin" 665
"../../../Engine/Plugins/Experimental/Animation/SkeletalMeshMorphTargetEditingTools/SkeletalMeshMorphTargetEditingTools.uplugin" 666
"../../../Engine/Plugins/Experimental/AVCodecs/AVCodecsCore/AVCodecsCore.uplugin" 667
"../../../Engine/Plugins/Experimental/AVCodecs/LibVpxCodecs/LibVpxCodecs.uplugin" 668
"../../../Engine/Plugins/Experimental/AVCodecs/WMFCodecs/WMFCodecs.uplugin" 669
"../../../Engine/Plugins/Experimental/Animation/TrajectoryTools/TrajectoryTools.uplugin" 670
"../../../Engine/Plugins/VirtualProduction/CaptureManager/CaptureManagerApp/CaptureManagerApp.uplugin" 671
"../../../Engine/Plugins/VirtualProduction/CaptureManager/CaptureManagerEditor/CaptureManagerEditor.uplugin" 672
"../../../Engine/Plugins/VirtualProduction/CaptureManager/CaptureManagerCore/CaptureManagerCore.uplugin" 673
"../../../Engine/Plugins/Experimental/VirtualProduction/LedWallCalibration/LedWallCalibration.uplugin" 674
"../../../Engine/Plugins/VirtualProduction/CaptureManager/CaptureManagerDevices/CaptureManagerDevices.uplugin" 675
"../../../Engine/Plugins/Runtime/Nvidia/GeForceNOWWrapper/GeForceNOWWrapper.uplugin" 676
"../../../Engine/Plugins/Experimental/AVCodecs/NVCodecs/NVCodecs.uplugin" 677
"../../../Engine/Plugins/Runtime/Nvidia/Reflex/Reflex.uplugin" 678
"../../../Engine/Plugins/Experimental/AVCodecs/VTCodecs/VTCodecs.uplugin" 679
"../../../Engine/Plugins/Runtime/Steam/SteamAudio/SteamAudio.uplugin" 680
"../../../Engine/Plugins/Runtime/Windows/WinDualShock/WinDualShock.uplugin" 681
"../../../Engine/Plugins/Editor/ObjectMixer/LightMixer/LightMixer.uplugin" 682
"../../../Engine/Plugins/Editor/ObjectMixer/ObjectMixer/ObjectMixer.uplugin" 683
"../../../Engine/Plugins/Runtime/MeshReconstruction/DummyMeshReconstructor/DummyMeshReconstructor.uplugin" 684
"../../../Engine/Plugins/Experimental/CharacterFXEditor/BaseCharacterFXEditor/BaseCharacterFXEditor.uplugin" 685
"../../../Engine/Plugins/Experimental/VirtualProduction/VPRoles/VPRoles.uplugin" 686
"../../../Engine/Plugins/Experimental/VirtualProduction/VPSettings/VPSettings.uplugin" 687
"../../../Engine/Plugins/Experimental/PCGInterops/PCGInstancedActorsInterop/PCGInstancedActorsInterop.uplugin" 688
"../../../Engine/Plugins/Experimental/CharacterFXEditor/ExampleCharacterFXEditor/ExampleCharacterFXEditor.uplugin" 689
"../../../Engine/Plugins/Online/Android/AndroidFetchBackgroundDownload/AndroidFetchBackgroundDownload.uplugin" 690
"../../../Engine/Plugins/Runtime/Windows/XInputDevice/XInputDevice.uplugin" 691
"../../../Engine/Plugins/Experimental/Enterprise/DatasmithInterchange/DatasmithInterchange.uplugin" 692
"../../../Engine/Plugins/Experimental/Enterprise/DataprepGeometryOperations/DataprepGeometryOperations.uplugin" 693
"../../../Engine/Plugins/Online/Android/OnlineSubsystemGooglePlay/OnlineSubsystemGooglePlay.uplugin" 694
"../../../Engine/Plugins/Experimental/PCGInterops/PCGWaterInterop/PCGWaterInterop.uplugin" 695
"../../../Engine/Plugins/Experimental/PCGInterops/PCGNiagaraInterop/PCGNiagaraInterop.uplugin" 696
"../../../Engine/Plugins/VirtualProduction/DMX/DMXControlConsole/DMXControlConsole.uplugin" 697
"../../../Engine/Plugins/Experimental/Enterprise/DatasmithRuntime/DatasmithRuntime.uplugin" 698
"../../../Engine/Plugins/VirtualProduction/DMX/DatasmithMVR/DatasmithMVR.uplugin" 699
"../../../Engine/Plugins/Experimental/Compositing/CompositeCore/CompositeCore.uplugin" 700
"../../../Engine/Plugins/VirtualProduction/DMX/DMXPixelMapping/DMXPixelMapping.uplugin" 701
"../../../Engine/Plugins/VirtualProduction/DMX/DMXProtocol/DMXProtocol.uplugin" 702
"../../../Engine/Plugins/VirtualProduction/DMX/DMXDisplayCluster/DMXDisplayCluster.uplugin" 703
"../../../Engine/Plugins/VirtualProduction/DMX/DMXGDTF/DMXGDTF.uplugin" 704
"../../../Engine/Plugins/VirtualProduction/DMX/DMXModularFeatures/DMXModularFeatures.uplugin" 705
"../../../Engine/Plugins/VirtualProduction/DMX/DMXFixtures/DMXFixtures.uplugin" 706
"../../../Engine/Plugins/Editor/ContentBrowser/ContentBrowserAliasDataSource/ContentBrowserAliasDataSource.uplugin" 707
"../../../Engine/Plugins/Editor/ContentBrowser/ContentBrowserAssetDataSource/ContentBrowserAssetDataSource.uplugin" 708
"../../../Engine/Plugins/Experimental/MetaHuman/MetaHumanRuntime/MetaHumanRuntime.uplugin" 709
"../../../Engine/Plugins/Online/IOS/OnlineSubsystemIOS/OnlineSubsystemIOS.uplugin" 710
"../../../Engine/Plugins/Experimental/Compositing/HoldoutComposite/HoldoutComposite.uplugin" 711
"../../../Engine/Plugins/Interchange/Extensions/OpenUSD/InterchangeOpenUSD.uplugin" 712
"../../../Engine/Plugins/Experimental/Web/WebAPI/WebAPI.uplugin" 713
"../../../Engine/Plugins/Runtime/Analytics/Adjust/Adjust.uplugin" 714
"../../../Engine/Plugins/Interchange/Extensions/OpenVDB/InterchangeOpenVDB.uplugin" 715
"../../../Engine/Plugins/Editor/ContentBrowser/ContentBrowserClassDataSource/ContentBrowserClassDataSource.uplugin" 716
"../../../Engine/Plugins/Runtime/Analytics/AnalyticsBlueprintLibrary/AnalyticsBlueprintLibrary.uplugin" 717
"../../../Engine/Plugins/Runtime/Analytics/FileLogging/FileLogging.uplugin" 718
"../../../Engine/Plugins/Runtime/AR/ARUtilities/ARUtilities.uplugin" 719
"../../../Engine/Plugins/Runtime/Analytics/AnalyticsMulticast/AnalyticsMulticast.uplugin" 720
"../../../Engine/Plugins/Runtime/PacketHandlers/DTLSHandlerComponent/DTLSHandlerComponent.uplugin" 721
"../../../Engine/Plugins/Runtime/PacketHandlers/AESGCMHandlerComponent/AESGCMHandlerComponent.uplugin" 722
"../../../Engine/Plugins/VirtualProduction/DMX/DMXEngine/DMXEngine.uplugin" 723
"../../../Engine/Plugins/Runtime/XR/XRVisualization/XRVisualization.uplugin" 724
"../../../Engine/Plugins/Developer/Concert/ConcertInsights/ConcertInsightsCore/ConcertInsightsCore.uplugin" 725
"../../../Engine/Plugins/Runtime/XR/XRScribe/XRScribe.uplugin" 726
"../../../Engine/Plugins/Runtime/AR/AppleAR/AppleARKit/AppleARKit.uplugin" 727
"../../../Engine/Plugins/Developer/Concert/ConcertInsights/ConcertInsightsServer/ConcertInsightsServer.uplugin" 728
"../../../Engine/Plugins/Runtime/AR/AppleAR/AppleARKitFaceSupport/AppleARKitFaceSupport.uplugin" 729
"../../../Engine/Plugins/Developer/Concert/ConcertInsights/ConcertInsightsClient/ConcertInsightsClient.uplugin" 730
"../../../Engine/Plugins/Developer/Concert/ConcertInsights/ConcertInsightsVisualizer/ConcertInsightsVisualizer.uplugin" 731
"../../../Engine/Plugins/Experimental/Animation/MLDeformer/DetailPoseModel/DetailPoseModel.uplugin" 732
"../../../Engine/Plugins/Developer/Concert/ConcertSync/ConcertSyncClient/ConcertSyncClient.uplugin" 733
"../../../Engine/Plugins/Developer/Concert/ConcertSync/ConcertSyncCore/ConcertSyncCore.uplugin" 734
"../../../Engine/Plugins/Developer/Concert/ConcertUI/ConcertClientSharedSlate/ConcertClientSharedSlate.uplugin" 735
"../../../Engine/Plugins/Developer/Concert/ConcertUI/ConcertSharedSlate/ConcertSharedSlate.uplugin" 736
"../../../Engine/Plugins/Runtime/AR/Google/GoogleARCore/GoogleARCore.uplugin" 737
"../../../Engine/Plugins/Developer/Concert/ConcertSync/ConcertSyncTest/ConcertSyncTest.uplugin" 738
"../../../Engine/Plugins/Runtime/AR/Google/GoogleARCoreServices/GoogleARCoreServices.uplugin" 739
"../../../Engine/Plugins/Developer/Concert/ConcertApp/DisasterRecoveryClient/DisasterRecoveryClient.uplugin" 740
"../../../Engine/Plugins/Developer/Concert/ConcertApp/MultiUserServer/MultiUserServer.uplugin" 741
"../../../Engine/Plugins/Developer/Concert/ConcertScripting/ConcertReplicationScripting/ConcertReplicationScripting.uplugin" 742
"../../../Engine/Plugins/Developer/Concert/ConcertApp/MultiUserClient/MultiUserClient.uplugin" 743
"../../../Engine/Plugins/Editor/ContentBrowser/ContentBrowserFileDataSource/ContentBrowserFileDataSource.uplugin" 744
"../../../Engine/Plugins/Developer/Concert/ConcertSync/ConcertSyncServer/ConcertSyncServer.uplugin" 745
"../../../Engine/Plugins/Runtime/PacketHandlers/AESHandlerComponent/AESHandlerComponent.uplugin" 746
"../../../Engine/Platforms/Android/Plugins/RigLogic/RigLogic_Android.uplugin" 747
"../../../Engine/Platforms/Android/Plugins/Animation/ACLPlugin/ACLPlugin_Android.uplugin" 748
"../../../Engine/Platforms/IOS/Plugins/RigLogic/RigLogic_IOS.uplugin" 749
"../../../Engine/Content/Internationalization/icudt64l/cnvalias.icu" 750
"../../../Engine/Content/Internationalization/icudt64l/res_index.res" 751
"../../../Engine/Content/Internationalization/icudt64l/plurals.res" 752
"../../../Engine/Content/Internationalization/icudt64l/lang/it.res" 753
"../../../Engine/Content/Internationalization/icudt64l/lang/pool.res" 754
"../../../Engine/Content/Internationalization/icudt64l/lang/root.res" 755
"../../../Engine/Content/Internationalization/icudt64l/region/it.res" 756
"../../../Engine/Content/Internationalization/icudt64l/region/pool.res" 757
"../../../Engine/Content/Internationalization/icudt64l/region/root.res" 758
"../../../Engine/Content/Internationalization/icudt64l/lang/en.res" 759
"../../../Engine/Content/Internationalization/icudt64l/region/en.res" 760
"../../../Engine/Content/Internationalization/icudt64l/windowsZones.res" 761
"../../../Engine/Content/Internationalization/icudt64l/zoneinfo64.res" 762
"../../../Engine/Content/Internationalization/icudt64l/keyTypeData.res" 763
"../../../Engine/Content/Internationalization/icudt64l/timezoneTypes.res" 764
"../../../Engine/Content/Internationalization/icudt64l/likelySubtags.res" 765
"../../../Engine/Content/Internationalization/icudt64l/it_IT.res" 766
"../../../Engine/Content/Internationalization/icudt64l/pool.res" 767
"../../../Engine/Content/Internationalization/icudt64l/it.res" 768
"../../../Engine/Content/Internationalization/icudt64l/root.res" 769
"../../../Engine/Content/Internationalization/icudt64l/supplementalData.res" 770
"../../../Engine/Config/ConfigRedirects.ini" 771
"C:/Users/nicol/AppData/Local/UnrealEngine/5.6/Saved/Config/WindowsEditor/Manifest.ini" 772
"../../../Engine/Config/BaseEngine.ini" 773
"../../../Engine/Config/Windows/BaseWindowsEngine.ini" 774
"../../../../TirocinioBadViceGames/Tirocinio_Giuseppe/Config/DefaultEngine.ini" 775
"../../../Engine/Config/BaseGame.ini" 776
"../../../../TirocinioBadViceGames/Tirocinio_Giuseppe/Config/DefaultGame.ini" 777
"../../../Engine/Config/Windows/WindowsGame.ini" 778
"D:/TirocinioBadViceGames/Tirocinio_Giuseppe/Saved/Config/WindowsEditor/Game.ini" 779
"../../../Engine/Config/BaseInput.ini" 780
"../../../Engine/Config/Windows/BaseWindowsInput.ini" 781
"../../../../TirocinioBadViceGames/Tirocinio_Giuseppe/Config/DefaultInput.ini" 782
"../../../Engine/Config/Windows/WindowsInput.ini" 783
"../../../Engine/Config/BaseDeviceProfiles.ini" 784
"../../../Engine/Config/BaseGameUserSettings.ini" 785
"D:/TirocinioBadViceGames/Tirocinio_Giuseppe/Saved/Config/WindowsEditor/GameUserSettings.ini" 786
"../../../Engine/Config/BaseScalability.ini" 787
"../../../Engine/Config/BaseRuntimeOptions.ini" 788
"../../../Engine/Config/BaseInstallBundle.ini" 789
"../../../Engine/Config/BaseHardware.ini" 790
"../../../Engine/Config/BaseCompat.ini" 791
"../../../Engine/Config/BaseLightmass.ini" 792
"../../../Engine/Config/BaseEditor.ini" 793
"../../../../TirocinioBadViceGames/Tirocinio_Giuseppe/Config/DefaultEditor.ini" 794
"D:/TirocinioBadViceGames/Tirocinio_Giuseppe/Saved/Config/WindowsEditor/Editor.ini" 795
"../../../Engine/Config/BaseMaterialExpressions.ini" 796
"../../../Engine/Config/BaseEditorPerProjectUserSettings.ini" 797
"../../../Engine/Config/Windows/WindowsEditorPerProjectUserSettings.ini" 798
"D:/TirocinioBadViceGames/Tirocinio_Giuseppe/Saved/Config/WindowsEditor/EditorPerProjectUserSettings.ini" 799
"../../../Engine/Config/BaseEditorSettings.ini" 800
"../../../Engine/Config/Windows/WindowsEditorSettings.ini" 801
"C:/Users/nicol/AppData/Local/UnrealEngine/5.6/Saved/Config/WindowsEditor/EditorSettings.ini" 802
"../../../Engine/Config/BaseEditorKeyBindings.ini" 803
"C:/Users/nicol/AppData/Local/UnrealEngine/5.6/Saved/Config/WindowsEditor/EditorLayout.ini" 804
"../../../../TirocinioBadViceGames/Tirocinio_Giuseppe/Binaries/Win64/Tirocinio_Giuseppe-Win64-Shipping.target" 805
"../../../../TirocinioBadViceGames/Tirocinio_Giuseppe/Binaries/Win64/Tirocinio_GiuseppeEditor.target" 806
"../../../Engine/Config/IOS/BaseIOSEngine.ini" 807
"../../../Engine/Config/Linux/BaseLinuxEngine.ini" 808
"../../../Engine/Config/TVOS/TVOSEngine.ini" 809
"../../../Engine/Config/Mac/BaseMacEngine.ini" 810
"../../../Engine/Config/Unix/UnixEngine.ini" 811
"../../../Engine/Config/IOS/BaseIOSGame.ini" 812
"../../../Engine/Config/Android/BaseAndroidEngine.ini" 813
"../../../Engine/Config/Linux/LinuxEngine.ini" 814
"../../../Engine/Config/IOS/IOSGame.ini" 815
"../../../Engine/Config/Android/AndroidEngine.ini" 816
"../../../Engine/Config/Android/BaseAndroidGame.ini" 817
"../../../Engine/Config/Mac/MacGame.ini" 818
"../../../Engine/Config/IOS/BaseIOSInput.ini" 819
"../../../Engine/Config/Linux/LinuxGame.ini" 820
"../../../Engine/Config/Mac/BaseMacInput.ini" 821
"../../../Engine/Config/Android/BaseAndroidInput.ini" 822
"../../../Engine/Config/Android/AndroidScalability.ini" 823
"../../../Engine/Config/IOS/IOSScalability.ini" 824
"../../../Engine/Config/Android/BaseAndroidInstallBundle.ini" 825
"../../../Engine/Config/IOS/BaseIOSInstallBundle.ini" 826
"../../../Engine/Platforms/VisionOS/Config/BaseVisionOSEngine.ini" 827
"../../../Engine/Platforms/VisionOS/Config/VisionOSEngine.ini" 828
"../../../Engine/Config/PluginBase.ini" 829
"../../../Engine/Plugins/ChaosVD/Config/DefaultChaosVD.ini" 830
"../../../Engine/Plugins/EnhancedInput/Config/BaseEnhancedInput.ini" 831
"../../../Engine/Plugins/Fab/Config/BaseFab.ini" 832
"../../../Engine/Plugins/TraceUtilities/Config/BaseTraceUtilities.ini" 833
"../../../Engine/Plugins/FX/Niagara/Config/BaseNiagara.ini" 834
"../../../Engine/Plugins/2D/Paper2D/Config/BasePaper2D.ini" 835
"../../../Engine/Plugins/Animation/ControlRig/Config/BaseControlRig.ini" 836
"../../../Engine/Plugins/Animation/DeformerGraph/Config/BaseDeformerGraph.ini" 837
"../../../Engine/Plugins/Animation/IKRig/Config/BaseIKRig.ini" 838
"../../../Engine/Plugins/Cameras/GameplayCameras/Config/BaseGameplayCameras.ini" 839
"../../../Engine/Plugins/Editor/EditorScriptingUtilities/Config/BaseEditorScriptingUtilities.ini" 840
"../../../Engine/Plugins/Enterprise/DatasmithContent/Config/BaseDatasmithContent.ini" 841
"../../../Engine/Plugins/Enterprise/GLTFExporter/Config/BaseGLTFExporter.ini" 842
"../../../Engine/Plugins/Enterprise/GLTFExporter/Config/DefaultGLTFExporter.ini" 843
"../../../Engine/Plugins/Enterprise/VariantManagerContent/Config/BaseVariantManagerContent.ini" 844
"../../../Engine/Plugins/Experimental/FullBodyIK/Config/BaseFullBodyIK.ini" 845
"../../../Engine/Plugins/Experimental/ToolPresets/Config/BaseToolPresets.ini" 846
"../../../Engine/Plugins/Interchange/Assets/Config/BaseInterchangeAssets.ini" 847
"../../../Engine/Plugins/Interchange/Runtime/Config/BaseInterchange.ini" 848
"../../../Engine/Plugins/MetaHuman/MetaHumanSDK/Config/BaseMetaHumanSDK.ini" 849
"../../../Engine/Plugins/Runtime/HairStrands/Config/BaseHairStrands.ini" 850
"../../../Engine/Plugins/Runtime/Metasound/Config/BaseMetasound.ini" 851
"../../../Engine/Plugins/Runtime/Metasound/Config/DefaultMetasound.ini" 852
"../../../Engine/Plugins/Runtime/PropertyBindingUtils/Config/BasePropertyBindingUtils.ini" 853
"../../../Engine/Plugins/Runtime/RigVM/Config/BaseRigVM.ini" 854
"../../../Engine/Plugins/Runtime/StateTree/Config/BaseStateTree.ini" 855
"../../../Engine/Plugins/Runtime/Synthesis/Config/BaseSynthesis.ini" 856
"../../../Engine/Plugins/VirtualProduction/CameraCalibrationCore/Config/BaseCameraCalibrationCore.ini" 857
"../../../Engine/Plugins/VirtualProduction/Takes/Config/BaseTakes.ini" 858
"../../../Engine/Plugins/Experimental/Compositing/CompositeCore/Config/BaseCompositeCore.ini" 859
"../../../Engine/Plugins/ChaosVD/Config/Engine.ini" 860
"../../../Engine/Plugins/EnhancedInput/Config/Input.ini" 861
"../../../Engine/Plugins/Runtime/InputDebugging/Config/Input.ini" 862
"../../../Engine/Plugins/Runtime/Windows/XInputDevice/Config/Input.ini" 863
"../../../Engine/Plugins/NNE/NNEDenoiser/Config/Game.ini" 864
"../../../Engine/Plugins/Online/OnlineSubsystemUtils/Config/Editor.ini" 865
"../../../Engine/Plugins/Runtime/RigVM/Config/Editor.ini" 866
"../../../Engine/Plugins/Editor/ModelingToolsEditorMode/Binaries/Win64/UnrealEditor.modules" 867
"../../../Engine/Plugins/Runtime/MeshModelingToolset/Binaries/Win64/UnrealEditor.modules" 868
"../../../Engine/Plugins/Experimental/MeshModelingToolsetExp/Binaries/Win64/UnrealEditor.modules" 869
"../../../Engine/Plugins/Editor/MeshLODToolset/Binaries/Win64/UnrealEditor.modules" 870
"../../../Engine/Plugins/Experimental/ToolPresets/Binaries/Win64/UnrealEditor.modules" 871
"../../../Engine/Plugins/Editor/StylusInput/Binaries/Win64/UnrealEditor.modules" 872
"../../../Engine/Plugins/Runtime/GeometryProcessing/Binaries/Win64/UnrealEditor.modules" 873
"../../../Engine/Plugins/Editor/ProxyLODPlugin/Binaries/Win64/UnrealEditor.modules" 874
"../../../Engine/Plugins/Experimental/PlanarCutPlugin/Binaries/Win64/UnrealEditor.modules" 875
"../../../Engine/Plugins/Runtime/GeometryCache/Binaries/Win64/UnrealEditor.modules" 876
"../../../Engine/Plugins/Experimental/GeometryFlow/Binaries/Win64/UnrealEditor.modules" 877
"../../../Engine/Plugins/Editor/EditorScriptingUtilities/Binaries/Win64/UnrealEditor.modules" 878
"../../../Engine/Plugins/FX/Niagara/Binaries/Win64/UnrealEditor.modules" 879
"../../../Engine/Plugins/Experimental/PythonScriptPlugin/Binaries/Win64/UnrealEditor.modules" 880
"../../../Engine/Plugins/Editor/ContentBrowser/ContentBrowserFileDataSource/Binaries/Win64/UnrealEditor.modules" 881
"../../../Engine/Plugins/Bridge/Binaries/Win64/UnrealEditor.modules" 882
"../../../Engine/Plugins/MetaHuman/MetaHumanSDK/Binaries/Win64/UnrealEditor.modules" 883
"../../../Engine/Plugins/Animation/ControlRig/Binaries/Win64/UnrealEditor.modules" 884
"../../../Engine/Plugins/Runtime/HairStrands/Binaries/Win64/UnrealEditor.modules" 885
"../../../Engine/Plugins/Animation/RigLogic/Binaries/Win64/UnrealEditor.modules" 886
"../../../Engine/Plugins/Online/EOSShared/Binaries/Win64/UnrealEditor.modules" 887
"../../../Engine/Plugins/Runtime/RigVM/Binaries/Win64/UnrealEditor.modules" 888
"../../../Engine/Plugins/MovieScene/LevelSequenceEditor/Binaries/Win64/UnrealEditor.modules" 889
"../../../Engine/Plugins/Runtime/PropertyAccess/Binaries/Win64/UnrealEditor.modules" 890
"../../../Engine/Plugins/MovieScene/SequencerScripting/Binaries/Win64/UnrealEditor.modules" 891
"../../../Engine/Plugins/Animation/TweeningUtils/Binaries/Win64/UnrealEditor.modules" 892
"../../../Engine/Plugins/Animation/DeformerGraph/Binaries/Win64/UnrealEditor.modules" 893
"../../../Engine/Plugins/Experimental/Dataflow/Binaries/Win64/UnrealEditor.modules" 894
"../../../Engine/Plugins/Runtime/ComputeFramework/Binaries/Win64/UnrealEditor.modules" 895
"../../../Engine/Plugins/Experimental/CharacterFXEditor/BaseCharacterFXEditor/Binaries/Win64/UnrealEditor.modules" 896
"../../../Engine/Plugins/Runtime/ProceduralMeshComponent/Binaries/Win64/UnrealEditor.modules" 897
"../../../Engine/Plugins/Experimental/ChaosCaching/Binaries/Win64/UnrealEditor.modules" 898
"../../../Engine/Plugins/Experimental/EditorDataStorage/Binaries/Win64/UnrealEditor.modules" 899
"../../../Engine/Plugins/Experimental/EditorDataStorageFeatures/Binaries/Win64/UnrealEditor.modules" 900
"../../../Engine/Plugins/VirtualProduction/Takes/Binaries/Win64/UnrealEditor.modules" 901
"../../../Engine/Plugins/Runtime/AudioCapture/Binaries/Win64/UnrealEditor.modules" 902
"../../../Engine/Plugins/Developer/NamingTokens/Binaries/Win64/UnrealEditor.modules" 903
"../../../Engine/Plugins/Editor/EngineAssetDefinitions/Binaries/Win64/UnrealEditor.modules" 904
"../../../Engine/Plugins/ChaosCloth/Binaries/Win64/UnrealEditor.modules" 905
"../../../Engine/Plugins/ChaosInsights/Binaries/Win64/UnrealEditor.modules" 906
"../../../Engine/Plugins/ChaosVD/Binaries/Win64/UnrealEditor.modules" 907
"../../../Engine/Plugins/CmdLinkServer/Binaries/Win64/UnrealEditor.modules" 908
"../../../Engine/Plugins/EnhancedInput/Binaries/Win64/UnrealEditor.modules" 909
"../../../Engine/Plugins/Editor/DataValidation/Binaries/Win64/UnrealEditor.modules" 910
"../../../Engine/Plugins/Fab/Binaries/Win64/UnrealEditor.modules" 911
"../../../Engine/Plugins/Interchange/Runtime/Binaries/Win64/UnrealEditor.modules" 912
"../../../Engine/Plugins/Enterprise/VariantManagerContent/Binaries/Win64/UnrealEditor.modules" 913
"../../../Engine/Plugins/Enterprise/VariantManager/Binaries/Win64/UnrealEditor.modules" 914
"../../../Engine/Plugins/Interchange/Assets/Binaries/Win64/UnrealEditor.modules" 915
"../../../Engine/Plugins/FastBuildController/Binaries/Win64/UnrealEditor.modules" 916
"../../../Engine/Plugins/IoStoreInsights/Binaries/Win64/UnrealEditor.modules" 917
"../../../Engine/Plugins/MassInsights/Binaries/Win64/UnrealEditor.modules" 918
"../../../Engine/Plugins/MeshPainting/Binaries/Win64/UnrealEditor.modules" 919
"../../../Engine/Plugins/Interchange/Editor/Binaries/Win64/UnrealEditor.modules" 920
"../../../Engine/Plugins/RenderGraphInsights/Binaries/Win64/UnrealEditor.modules" 921
"../../../Engine/Plugins/TraceUtilities/Binaries/Win64/UnrealEditor.modules" 922
"../../../Engine/Plugins/UbaController/Binaries/Win64/UnrealEditor.modules" 923
"../../../Engine/Plugins/WorldMetrics/Binaries/Win64/UnrealEditor.modules" 924
"../../../Engine/Plugins/XGEController/Binaries/Win64/UnrealEditor.modules" 925
"../../../Engine/Plugins/FX/Cascade/Binaries/Win64/UnrealEditor.modules" 926
"../../../Engine/Plugins/FX/NiagaraSimCaching/Binaries/Win64/UnrealEditor.modules" 927
"../../../Engine/Plugins/Importers/AlembicImporter/Binaries/Win64/UnrealEditor.modules" 928
"../../../Engine/Plugins/Messaging/UdpMessaging/Binaries/Win64/UnrealEditor.modules" 929
"../../../Engine/Plugins/Messaging/TcpMessaging/Binaries/Win64/UnrealEditor.modules" 930
"../../../Engine/Plugins/NNE/NNEDenoiser/Binaries/Win64/UnrealEditor.modules" 931
"../../../Engine/Plugins/NNE/NNERuntimeORT/Binaries/Win64/UnrealEditor.modules" 932
"../../../Engine/Plugins/AI/AISupport/Binaries/Win64/UnrealEditor.modules" 933
"../../../Engine/Plugins/AI/EnvironmentQueryEditor/Binaries/Win64/UnrealEditor.modules" 934
"../../../Engine/Plugins/2D/Paper2D/Binaries/Win64/UnrealEditor.modules" 935
"../../../Engine/Plugins/Animation/AnimationData/Binaries/Win64/UnrealEditor.modules" 936
"../../../Engine/Plugins/Animation/ACLPlugin/Binaries/Win64/UnrealEditor.modules" 937
"../../../Engine/Plugins/Animation/AnimationModifierLibrary/Binaries/Win64/UnrealEditor.modules" 938
"../../../Engine/Plugins/Animation/BlendSpaceMotionAnalysis/Binaries/Win64/UnrealEditor.modules" 939
"../../../Engine/Plugins/Animation/ControlRigSpline/Binaries/Win64/UnrealEditor.modules" 940
"../../../Engine/Plugins/Animation/IKRig/Binaries/Win64/UnrealEditor.modules" 941
"../../../Engine/Plugins/Experimental/FullBodyIK/Binaries/Win64/UnrealEditor.modules" 942
"../../../Engine/Plugins/Animation/SkeletalMeshModelingTools/Binaries/Win64/UnrealEditor.modules" 943
"../../../Engine/Plugins/Cameras/CameraShakePreviewer/Binaries/Win64/UnrealEditor.modules" 944
"../../../Engine/Plugins/Cameras/GameplayCameras/Binaries/Win64/UnrealEditor.modules" 945
"../../../Engine/Plugins/VirtualProduction/CameraCalibrationCore/Binaries/Win64/UnrealEditor.modules" 946
"../../../Engine/Plugins/Runtime/StateTree/Binaries/Win64/UnrealEditor.modules" 947
"../../../Engine/Plugins/MovieScene/TemplateSequence/Binaries/Win64/UnrealEditor.modules" 948
"../../../Engine/Plugins/Animation/GameplayInsights/Binaries/Win64/UnrealEditor.modules" 949
"../../../Engine/Plugins/Runtime/PropertyBindingUtils/Binaries/Win64/UnrealEditor.modules" 950
"../../../Engine/Plugins/Cameras/EngineCameras/Binaries/Win64/UnrealEditor.modules" 951
"../../../Engine/Plugins/Compression/OodleNetwork/Binaries/Win64/UnrealEditor.modules" 952
"../../../Engine/Plugins/Developer/AnimationSharing/Binaries/Win64/UnrealEditor.modules" 953
"../../../Engine/Plugins/Runtime/SignificanceManager/Binaries/Win64/UnrealEditor.modules" 954
"../../../Engine/Plugins/Developer/CLionSourceCodeAccess/Binaries/Win64/UnrealEditor.modules" 955
"../../../Engine/Plugins/Developer/DumpGPUServices/Binaries/Win64/UnrealEditor.modules" 956
"../../../Engine/Plugins/Developer/GitSourceControl/Binaries/Win64/UnrealEditor.modules" 957
"../../../Engine/Plugins/Developer/N10XSourceCodeAccess/Binaries/Win64/UnrealEditor.modules" 958
"../../../Engine/Plugins/Developer/PerforceSourceControl/Binaries/Win64/UnrealEditor.modules" 959
"../../../Engine/Plugins/Developer/PlasticSourceControl/Binaries/Win64/UnrealEditor.modules" 960
"../../../Engine/Plugins/Developer/PixWinPlugin/Binaries/Win64/UnrealEditor.modules" 961
"../../../Engine/Plugins/Developer/PluginUtils/Binaries/Win64/UnrealEditor.modules" 962
"../../../Engine/Plugins/Developer/ProjectLauncher/Binaries/Win64/UnrealEditor.modules" 963
"../../../Engine/Plugins/Developer/RenderDocPlugin/Binaries/Win64/UnrealEditor.modules" 964
"../../../Engine/Plugins/Developer/RiderSourceCodeAccess/Binaries/Win64/UnrealEditor.modules" 965
"../../../Engine/Plugins/Developer/SubversionSourceControl/Binaries/Win64/UnrealEditor.modules" 966
"../../../Engine/Plugins/Developer/PropertyAccessNode/Binaries/Win64/UnrealEditor.modules" 967
"../../../Engine/Plugins/Developer/VisualStudioCodeSourceCodeAccess/Binaries/Win64/UnrealEditor.modules" 968
"../../../Engine/Plugins/Developer/UObjectPlugin/Binaries/Win64/UnrealEditor.modules" 969
"../../../Engine/Plugins/Developer/VisualStudioSourceCodeAccess/Binaries/Win64/UnrealEditor.modules" 970
"../../../Engine/Plugins/Developer/TextureFormatOodle/Binaries/Win64/UnrealEditor.modules" 971
"../../../Engine/Plugins/Editor/AssetManagerEditor/Binaries/Win64/UnrealEditor.modules" 972
"../../../Engine/Plugins/Editor/ContentBrowser/ContentBrowserAssetDataSource/Binaries/Win64/UnrealEditor.modules" 973
"../../../Engine/Plugins/Editor/ChangelistReview/Binaries/Win64/UnrealEditor.modules" 974
"../../../Engine/Plugins/Editor/ColorGrading/Binaries/Win64/UnrealEditor.modules" 975
"../../../Engine/Plugins/Editor/ObjectMixer/ObjectMixer/Binaries/Win64/UnrealEditor.modules" 976
"../../../Engine/Plugins/Editor/BlueprintHeaderView/Binaries/Win64/UnrealEditor.modules" 977
"../../../Engine/Plugins/Editor/CryptoKeys/Binaries/Win64/UnrealEditor.modules" 978
"../../../Engine/Plugins/Editor/CurveEditorTools/Binaries/Win64/UnrealEditor.modules" 979
"../../../Engine/Plugins/Editor/EditorDebugTools/Binaries/Win64/UnrealEditor.modules" 980
"../../../Engine/Plugins/Editor/FacialAnimation/Binaries/Win64/UnrealEditor.modules" 981
"../../../Engine/Plugins/Editor/GameplayTagsEditor/Binaries/Win64/UnrealEditor.modules" 982
"../../../Engine/Plugins/Editor/MaterialAnalyzer/Binaries/Win64/UnrealEditor.modules" 983
"../../../Engine/Plugins/Editor/GeometryMode/Binaries/Win64/UnrealEditor.modules" 984
"../../../Engine/Plugins/Editor/MobileLauncherProfileWizard/Binaries/Win64/UnrealEditor.modules" 985
"../../../Engine/Plugins/Editor/PluginBrowser/Binaries/Win64/UnrealEditor.modules" 986
"../../../Engine/Plugins/Editor/SequencerAnimTools/Binaries/Win64/UnrealEditor.modules" 987
"../../../Engine/Plugins/Editor/SpeedTreeImporter/Binaries/Win64/UnrealEditor.modules" 988
"../../../Engine/Plugins/Editor/UMGWidgetPreview/Binaries/Win64/UnrealEditor.modules" 989
"../../../Engine/Plugins/Editor/UVEditor/Binaries/Win64/UnrealEditor.modules" 990
"../../../Engine/Plugins/Editor/WorldPartitionHLODUtilities/Binaries/Win64/UnrealEditor.modules" 991
"../../../Engine/Plugins/Enterprise/DatasmithContent/Binaries/Win64/UnrealEditor.modules" 992
"../../../Engine/Plugins/Enterprise/GLTFExporter/Binaries/Win64/UnrealEditor.modules" 993
"../../../Engine/Plugins/Experimental/AdvancedRenamer/Binaries/Win64/UnrealEditor.modules" 994
"../../../Engine/Plugins/Experimental/AutomationUtils/Binaries/Win64/UnrealEditor.modules" 995
"../../../Engine/Plugins/Experimental/BackChannel/Binaries/Win64/UnrealEditor.modules" 996
"../../../Engine/Plugins/Experimental/ChaosEditor/Binaries/Win64/UnrealEditor.modules" 997
"../../../Engine/Plugins/Experimental/GeometryCollectionPlugin/Binaries/Win64/UnrealEditor.modules" 998
"../../../Engine/Plugins/Experimental/Fracture/Binaries/Win64/UnrealEditor.modules" 999
"../../../Engine/Plugins/Experimental/ChaosSolverPlugin/Binaries/Win64/UnrealEditor.modules" 1000
"../../../Engine/Plugins/Experimental/GeometryDataflow/Binaries/Win64/UnrealEditor.modules" 1001
"../../../Engine/Plugins/Experimental/ChaosNiagara/Binaries/Win64/UnrealEditor.modules" 1002
"../../../Engine/Plugins/Experimental/ChaosUserDataPT/Binaries/Win64/UnrealEditor.modules" 1003
"../../../Engine/Plugins/Experimental/CharacterAI/Binaries/Win64/UnrealEditor.modules" 1004
"../../../Engine/Plugins/Experimental/EditorPerformance/Binaries/Win64/UnrealEditor.modules" 1005
"../../../Engine/Plugins/Experimental/EditorTelemetry/Binaries/Win64/UnrealEditor.modules" 1006
"../../../Engine/Plugins/Experimental/LevelSequenceNavigatorBridge/Binaries/Win64/UnrealEditor.modules" 1007
"../../../Engine/Plugins/Experimental/SequenceNavigator/Binaries/Win64/UnrealEditor.modules" 1008
"../../../Engine/Plugins/Experimental/LocalizableMessage/Binaries/Win64/UnrealEditor.modules" 1009
"../../../Engine/Plugins/Experimental/NFORDenoise/Binaries/Win64/UnrealEditor.modules" 1010
"../../../Engine/Plugins/Experimental/PlatformCrypto/Binaries/Win64/UnrealEditor.modules" 1011
"../../../Engine/Plugins/Experimental/RuntimeTelemetry/Binaries/Win64/UnrealEditor.modules" 1012
"../../../Engine/Plugins/Experimental/SkeletalReduction/Binaries/Win64/UnrealEditor.modules" 1013
"../../../Engine/Plugins/Media/AndroidMedia/Binaries/Win64/UnrealEditor.modules" 1014
"../../../Engine/Plugins/Media/AvfMedia/Binaries/Win64/UnrealEditor.modules" 1015
"../../../Engine/Plugins/Media/ImgMedia/Binaries/Win64/UnrealEditor.modules" 1016
"../../../Engine/Plugins/Media/MediaPlayerEditor/Binaries/Win64/UnrealEditor.modules" 1017
"../../../Engine/Plugins/Media/MediaCompositing/Binaries/Win64/UnrealEditor.modules" 1018
"../../../Engine/Plugins/Media/MediaPlate/Binaries/Win64/UnrealEditor.modules" 1019
"../../../Engine/Plugins/Experimental/Compositing/CompositeCore/Binaries/Win64/UnrealEditor.modules" 1020
"../../../Engine/Plugins/Media/WmfMedia/Binaries/Win64/UnrealEditor.modules" 1021
"../../../Engine/Plugins/MovieScene/ActorSequence/Binaries/Win64/UnrealEditor.modules" 1022
"../../../Engine/Plugins/Online/OnlineBase/Binaries/Win64/UnrealEditor.modules" 1023
"../../../Engine/Plugins/Online/OnlineSubsystem/Binaries/Win64/UnrealEditor.modules" 1024
"../../../Engine/Plugins/Online/OnlineSubsystemNull/Binaries/Win64/UnrealEditor.modules" 1025
"../../../Engine/Plugins/Online/OnlineSubsystemUtils/Binaries/Win64/UnrealEditor.modules" 1026
"../../../Engine/Plugins/Online/OnlineServices/Binaries/Win64/UnrealEditor.modules" 1027
"../../../Engine/Plugins/Portal/LauncherChunkInstaller/Binaries/Win64/UnrealEditor.modules" 1028
"../../../Engine/Plugins/Runtime/ActorLayerUtilities/Binaries/Win64/UnrealEditor.modules" 1029
"../../../Engine/Plugins/Runtime/AndroidFileServer/Binaries/Win64/UnrealEditor.modules" 1030
"../../../Engine/Plugins/Runtime/AndroidPermission/Binaries/Win64/UnrealEditor.modules" 1031
"../../../Engine/Plugins/Runtime/AppleImageUtils/Binaries/Win64/UnrealEditor.modules" 1032
"../../../Engine/Plugins/Runtime/AndroidDeviceProfileSelector/Binaries/Win64/UnrealEditor.modules" 1033
"../../../Engine/Plugins/Runtime/AssetTags/Binaries/Win64/UnrealEditor.modules" 1034
"../../../Engine/Plugins/Runtime/ArchVisCharacter/Binaries/Win64/UnrealEditor.modules" 1035
"../../../Engine/Plugins/Runtime/CableComponent/Binaries/Win64/UnrealEditor.modules" 1036
"../../../Engine/Plugins/Runtime/ChunkDownloader/Binaries/Win64/UnrealEditor.modules" 1037
"../../../Engine/Plugins/Runtime/CustomMeshComponent/Binaries/Win64/UnrealEditor.modules" 1038
"../../../Engine/Plugins/Runtime/ExampleDeviceProfileSelector/Binaries/Win64/UnrealEditor.modules" 1039
"../../../Engine/Plugins/Runtime/GooglePAD/Binaries/Win64/UnrealEditor.modules" 1040
"../../../Engine/Plugins/Runtime/InputDebugging/Binaries/Win64/UnrealEditor.modules" 1041
"../../../Engine/Plugins/Runtime/LocationServicesBPLibrary/Binaries/Win64/UnrealEditor.modules" 1042
"../../../Engine/Plugins/Runtime/Metasound/Binaries/Win64/UnrealEditor.modules" 1043
"../../../Engine/Plugins/Runtime/AudioWidgets/Binaries/Win64/UnrealEditor.modules" 1044
"../../../Engine/Plugins/Runtime/AudioSynesthesia/Binaries/Win64/UnrealEditor.modules" 1045
"../../../Engine/Plugins/Runtime/WaveTable/Binaries/Win64/UnrealEditor.modules" 1046
"../../../Engine/Plugins/Runtime/MsQuic/Binaries/Win64/UnrealEditor.modules" 1047
"../../../Engine/Plugins/Runtime/MobilePatchingUtils/Binaries/Win64/UnrealEditor.modules" 1048
"../../../Engine/Plugins/Runtime/ResonanceAudio/Binaries/Win64/UnrealEditor.modules" 1049
"../../../Engine/Plugins/Runtime/SoundFields/Binaries/Win64/UnrealEditor.modules" 1050
"../../../Engine/Plugins/Runtime/WebMMoviePlayer/Binaries/Win64/UnrealEditor.modules" 1051
"../../../Engine/Plugins/Media/WebMMedia/Binaries/Win64/UnrealEditor.modules" 1052
"../../../Engine/Plugins/Runtime/WindowsDeviceProfileSelector/Binaries/Win64/UnrealEditor.modules" 1053
"../../../Engine/Plugins/Runtime/WindowsMoviePlayer/Binaries/Win64/UnrealEditor.modules" 1054
"../../../Engine/Plugins/Runtime/Synthesis/Binaries/Win64/UnrealEditor.modules" 1055
"../../../Engine/Plugins/Tests/InterchangeTests/Binaries/Win64/UnrealEditor.modules" 1056
"../../../Engine/Plugins/Editor/Localization/PortableObjectFileDataSource/Binaries/Win64/UnrealEditor.modules" 1057
"../../../Engine/Plugins/Editor/ObjectMixer/LightMixer/Binaries/Win64/UnrealEditor.modules" 1058
"../../../Engine/Plugins/Runtime/Windows/XInputDevice/Binaries/Win64/UnrealEditor.modules" 1059
"../../../Engine/Plugins/Editor/ContentBrowser/ContentBrowserClassDataSource/Binaries/Win64/UnrealEditor.modules" 1060
"../../../Engine/Config/BaseSourceControlSettings.ini" 1061
"../../../Engine/Content/Internationalization/icudt64l/coll/ucadata.icu" 1062
"../../../Engine/Content/Internationalization/icudt64l/coll/it.res" 1063
"../../../Engine/Content/Internationalization/icudt64l/coll/root.res" 1064
"../../../Engine/Content/Certificates/ThirdParty/cacert.pem" 1065
"../../../Engine/Config/ConsoleVariables.ini" 1066
"../../../Engine/Binaries/Win64/Android/UnrealEditor.modules" 1067
"../../../Engine/Binaries/Win64/IOS/UnrealEditor.modules" 1068
"../../../Engine/Binaries/Win64/Linux/UnrealEditor.modules" 1069
"../../../Engine/Content/Localization/Editor/en/Editor.locres" 1070
"../../../Engine/Content/Localization/EditorTutorials/en/EditorTutorials.locres" 1071
"../../../Engine/Content/Localization/Keywords/en/Keywords.locres" 1072
"../../../Engine/Content/Localization/Category/en/Category.locres" 1073
"../../../Engine/Content/Localization/ToolTips/en/ToolTips.locres" 1074
"../../../Engine/Content/Localization/PropertyNames/en/PropertyNames.locres" 1075
"../../../Engine/Content/Localization/Engine/en/Engine.locres" 1076
"../../../Engine/Plugins/MetaHuman/MetaHumanSDK/Content/Localization/MetaHumanSDK/en/MetaHumanSDK.locres" 1077
"../../../Engine/Plugins/Online/OnlineSubsystem/Content/Localization/OnlineSubsystem/en/OnlineSubsystem.locres" 1078
"../../../Engine/Plugins/Online/OnlineSubsystemUtils/Content/Localization/OnlineSubsystemUtils/en/OnlineSubsystemUtils.locres" 1079
"../../../Engine/Plugins/Online/Android/OnlineSubsystemGooglePlay/Content/Localization/OnlineSubsystemGooglePlay/en/OnlineSubsystemGooglePlay.locres" 1080
"../../../Engine/Plugins/Online/IOS/OnlineSubsystemIOS/Content/Localization/OnlineSubsystemIOS/en/OnlineSubsystemIOS.locres" 1081
"../../../Engine/Content/Internationalization/icudt64l/numberingSystems.res" 1082
"../../../Engine/Content/Internationalization/icudt64l/curr/supplementalData.res" 1083
"../../../Engine/Content/Internationalization/icudt64l/curr/it.res" 1084
"../../../Engine/Content/Internationalization/icudt64l/curr/pool.res" 1085
"../../../Engine/Content/Internationalization/icudt64l/curr/root.res" 1086
"../../../Engine/Content/Internationalization/icudt64l/lang/af.res" 1087
"../../../Engine/Content/Internationalization/icudt64l/region/af.res" 1088
"../../../Engine/Content/Internationalization/icudt64l/lang/agq.res" 1089
"../../../Engine/Content/Internationalization/icudt64l/region/agq.res" 1090
"../../../Engine/Content/Internationalization/icudt64l/lang/ak.res" 1091
"../../../Engine/Content/Internationalization/icudt64l/region/ak.res" 1092
"../../../Engine/Content/Internationalization/icudt64l/lang/am.res" 1093
"../../../Engine/Content/Internationalization/icudt64l/region/am.res" 1094
"../../../Engine/Content/Internationalization/icudt64l/lang/ar.res" 1095
"../../../Engine/Content/Internationalization/icudt64l/region/ar.res" 1096
"../../../Engine/Content/Internationalization/icudt64l/region/ar_AE.res" 1097
"../../../Engine/Content/Internationalization/icudt64l/lang/ar_EG.res" 1098
"../../../Engine/Content/Internationalization/icudt64l/lang/ar_LY.res" 1099
"../../../Engine/Content/Internationalization/icudt64l/region/ar_LY.res" 1100
"../../../Engine/Content/Internationalization/icudt64l/lang/ar_SA.res" 1101
"../../../Engine/Content/Internationalization/icudt64l/region/ar_SA.res" 1102
"../../../Engine/Content/Internationalization/icudt64l/lang/as.res" 1103
"../../../Engine/Content/Internationalization/icudt64l/region/as.res" 1104
"../../../Engine/Content/Internationalization/icudt64l/lang/asa.res" 1105
"../../../Engine/Content/Internationalization/icudt64l/region/asa.res" 1106
"../../../Engine/Content/Internationalization/icudt64l/lang/ast.res" 1107
"../../../Engine/Content/Internationalization/icudt64l/region/ast.res" 1108
"../../../Engine/Content/Internationalization/icudt64l/lang/az.res" 1109
"../../../Engine/Content/Internationalization/icudt64l/lang/az_Cyrl.res" 1110
"../../../Engine/Content/Internationalization/icudt64l/lang/az_AZ.res" 1111
"../../../Engine/Content/Internationalization/icudt64l/lang/az_Latn_AZ.res" 1112
"../../../Engine/Content/Internationalization/icudt64l/lang/az_Latn.res" 1113
"../../../Engine/Content/Internationalization/icudt64l/region/az_AZ.res" 1114
"../../../Engine/Content/Internationalization/icudt64l/region/az_Latn_AZ.res" 1115
"../../../Engine/Content/Internationalization/icudt64l/region/az_Latn.res" 1116
"../../../Engine/Content/Internationalization/icudt64l/region/az.res" 1117
"../../../Engine/Content/Internationalization/icudt64l/region/az_Cyrl.res" 1118
"../../../Engine/Content/Internationalization/icudt64l/lang/bas.res" 1119
"../../../Engine/Content/Internationalization/icudt64l/region/bas.res" 1120
"../../../Engine/Content/Internationalization/icudt64l/lang/be.res" 1121
"../../../Engine/Content/Internationalization/icudt64l/region/be.res" 1122
"../../../Engine/Content/Internationalization/icudt64l/lang/bem.res" 1123
"../../../Engine/Content/Internationalization/icudt64l/region/bem.res" 1124
"../../../Engine/Content/Internationalization/icudt64l/lang/bez.res" 1125
"../../../Engine/Content/Internationalization/icudt64l/region/bez.res" 1126
"../../../Engine/Content/Internationalization/icudt64l/lang/bg.res" 1127
"../../../Engine/Content/Internationalization/icudt64l/region/bg.res" 1128
"../../../Engine/Content/Internationalization/icudt64l/lang/bm.res" 1129
"../../../Engine/Content/Internationalization/icudt64l/region/bm.res" 1130
"../../../Engine/Content/Internationalization/icudt64l/lang/bn.res" 1131
"../../../Engine/Content/Internationalization/icudt64l/region/bn.res" 1132
"../../../Engine/Content/Internationalization/icudt64l/lang/bn_IN.res" 1133
"../../../Engine/Content/Internationalization/icudt64l/region/bn_IN.res" 1134
"../../../Engine/Content/Internationalization/icudt64l/lang/bo.res" 1135
"../../../Engine/Content/Internationalization/icudt64l/region/bo.res" 1136
"../../../Engine/Content/Internationalization/icudt64l/region/bo_IN.res" 1137
"../../../Engine/Content/Internationalization/icudt64l/lang/br.res" 1138
"../../../Engine/Content/Internationalization/icudt64l/region/br.res" 1139
"../../../Engine/Content/Internationalization/icudt64l/lang/brx.res" 1140
"../../../Engine/Content/Internationalization/icudt64l/region/brx.res" 1141
"../../../Engine/Content/Internationalization/icudt64l/lang/bs.res" 1142
"../../../Engine/Content/Internationalization/icudt64l/lang/bs_Cyrl.res" 1143
"../../../Engine/Content/Internationalization/icudt64l/lang/bs_BA.res" 1144
"../../../Engine/Content/Internationalization/icudt64l/lang/bs_Latn_BA.res" 1145
"../../../Engine/Content/Internationalization/icudt64l/lang/bs_Latn.res" 1146
"../../../Engine/Content/Internationalization/icudt64l/region/bs_BA.res" 1147
"../../../Engine/Content/Internationalization/icudt64l/region/bs_Latn_BA.res" 1148
"../../../Engine/Content/Internationalization/icudt64l/region/bs_Latn.res" 1149
"../../../Engine/Content/Internationalization/icudt64l/region/bs.res" 1150
"../../../Engine/Content/Internationalization/icudt64l/region/bs_Cyrl.res" 1151
"../../../Engine/Content/Internationalization/icudt64l/lang/ca.res" 1152
"../../../Engine/Content/Internationalization/icudt64l/region/ca.res" 1153
"../../../Engine/Content/Internationalization/icudt64l/lang/ccp.res" 1154
"../../../Engine/Content/Internationalization/icudt64l/region/ccp.res" 1155
"../../../Engine/Content/Internationalization/icudt64l/lang/ce.res" 1156
"../../../Engine/Content/Internationalization/icudt64l/region/ce.res" 1157
"../../../Engine/Content/Internationalization/icudt64l/lang/ceb.res" 1158
"../../../Engine/Content/Internationalization/icudt64l/region/ceb.res" 1159
"../../../Engine/Content/Internationalization/icudt64l/lang/cgg.res" 1160
"../../../Engine/Content/Internationalization/icudt64l/region/cgg.res" 1161
"../../../Engine/Content/Internationalization/icudt64l/lang/chr.res" 1162
"../../../Engine/Content/Internationalization/icudt64l/region/chr.res" 1163
"../../../Engine/Content/Internationalization/icudt64l/lang/ckb.res" 1164
"../../../Engine/Content/Internationalization/icudt64l/region/ckb.res" 1165
"../../../Engine/Content/Internationalization/icudt64l/lang/cs.res" 1166
"../../../Engine/Content/Internationalization/icudt64l/region/cs.res" 1167
"../../../Engine/Content/Internationalization/icudt64l/lang/cy.res" 1168
"../../../Engine/Content/Internationalization/icudt64l/region/cy.res" 1169
"../../../Engine/Content/Internationalization/icudt64l/lang/da.res" 1170
"../../../Engine/Content/Internationalization/icudt64l/region/da.res" 1171
"../../../Engine/Content/Internationalization/icudt64l/lang/dav.res" 1172
"../../../Engine/Content/Internationalization/icudt64l/region/dav.res" 1173
"../../../Engine/Content/Internationalization/icudt64l/lang/de.res" 1174
"../../../Engine/Content/Internationalization/icudt64l/lang/de_AT.res" 1175
"../../../Engine/Content/Internationalization/icudt64l/region/de_AT.res" 1176
"../../../Engine/Content/Internationalization/icudt64l/region/de.res" 1177
"../../../Engine/Content/Internationalization/icudt64l/lang/de_CH.res" 1178
"../../../Engine/Content/Internationalization/icudt64l/region/de_CH.res" 1179
"../../../Engine/Content/Internationalization/icudt64l/lang/de_LU.res" 1180
"../../../Engine/Content/Internationalization/icudt64l/lang/dje.res" 1181
"../../../Engine/Content/Internationalization/icudt64l/region/dje.res" 1182
"../../../Engine/Content/Internationalization/icudt64l/lang/dsb.res" 1183
"../../../Engine/Content/Internationalization/icudt64l/region/dsb.res" 1184
"../../../Engine/Content/Internationalization/icudt64l/lang/dua.res" 1185
"../../../Engine/Content/Internationalization/icudt64l/region/dua.res" 1186
"../../../Engine/Content/Internationalization/icudt64l/lang/dyo.res" 1187
"../../../Engine/Content/Internationalization/icudt64l/region/dyo.res" 1188
"../../../Engine/Content/Internationalization/icudt64l/lang/dz.res" 1189
"../../../Engine/Content/Internationalization/icudt64l/region/dz.res" 1190
"../../../Engine/Content/Internationalization/icudt64l/lang/ebu.res" 1191
"../../../Engine/Content/Internationalization/icudt64l/region/ebu.res" 1192
"../../../Engine/Content/Internationalization/icudt64l/lang/ee.res" 1193
"../../../Engine/Content/Internationalization/icudt64l/region/ee.res" 1194
"../../../Engine/Content/Internationalization/icudt64l/lang/el.res" 1195
"../../../Engine/Content/Internationalization/icudt64l/region/el.res" 1196
"../../../Engine/Content/Internationalization/icudt64l/lang/en_001.res" 1197
"../../../Engine/Content/Internationalization/icudt64l/lang/en_150.res" 1198
"../../../Engine/Content/Internationalization/icudt64l/region/en_150.res" 1199
"../../../Engine/Content/Internationalization/icudt64l/lang/en_AG.res" 1200
"../../../Engine/Content/Internationalization/icudt64l/region/en_AG.res" 1201
"../../../Engine/Content/Internationalization/icudt64l/lang/en_AI.res" 1202
"../../../Engine/Content/Internationalization/icudt64l/region/en_AI.res" 1203
"../../../Engine/Content/Internationalization/icudt64l/lang/en_AT.res" 1204
"../../../Engine/Content/Internationalization/icudt64l/region/en_AT.res" 1205
"../../../Engine/Content/Internationalization/icudt64l/lang/en_AU.res" 1206
"../../../Engine/Content/Internationalization/icudt64l/region/en_AU.res" 1207
"../../../Engine/Content/Internationalization/icudt64l/lang/en_BB.res" 1208
"../../../Engine/Content/Internationalization/icudt64l/region/en_BB.res" 1209
"../../../Engine/Content/Internationalization/icudt64l/lang/en_BE.res" 1210
"../../../Engine/Content/Internationalization/icudt64l/region/en_BE.res" 1211
"../../../Engine/Content/Internationalization/icudt64l/lang/en_BM.res" 1212
"../../../Engine/Content/Internationalization/icudt64l/region/en_BM.res" 1213
"../../../Engine/Content/Internationalization/icudt64l/lang/en_BS.res" 1214
"../../../Engine/Content/Internationalization/icudt64l/region/en_BS.res" 1215
"../../../Engine/Content/Internationalization/icudt64l/lang/en_BW.res" 1216
"../../../Engine/Content/Internationalization/icudt64l/region/en_BW.res" 1217
"../../../Engine/Content/Internationalization/icudt64l/lang/en_BZ.res" 1218
"../../../Engine/Content/Internationalization/icudt64l/region/en_BZ.res" 1219
"../../../Engine/Content/Internationalization/icudt64l/lang/en_CA.res" 1220
"../../../Engine/Content/Internationalization/icudt64l/region/en_CA.res" 1221
"../../../Engine/Content/Internationalization/icudt64l/lang/en_CC.res" 1222
"../../../Engine/Content/Internationalization/icudt64l/region/en_CC.res" 1223
"../../../Engine/Content/Internationalization/icudt64l/lang/en_CH.res" 1224
"../../../Engine/Content/Internationalization/icudt64l/region/en_CH.res" 1225
"../../../Engine/Content/Internationalization/icudt64l/lang/en_CK.res" 1226
"../../../Engine/Content/Internationalization/icudt64l/region/en_CK.res" 1227
"../../../Engine/Content/Internationalization/icudt64l/lang/en_CM.res" 1228
"../../../Engine/Content/Internationalization/icudt64l/region/en_CM.res" 1229
"../../../Engine/Content/Internationalization/icudt64l/lang/en_CX.res" 1230
"../../../Engine/Content/Internationalization/icudt64l/region/en_CX.res" 1231
"../../../Engine/Content/Internationalization/icudt64l/lang/en_CY.res" 1232
"../../../Engine/Content/Internationalization/icudt64l/region/en_CY.res" 1233
"../../../Engine/Content/Internationalization/icudt64l/lang/en_DE.res" 1234
"../../../Engine/Content/Internationalization/icudt64l/region/en_DE.res" 1235
"../../../Engine/Content/Internationalization/icudt64l/lang/en_DG.res" 1236
"../../../Engine/Content/Internationalization/icudt64l/region/en_DG.res" 1237
"../../../Engine/Content/Internationalization/icudt64l/lang/en_DK.res" 1238
"../../../Engine/Content/Internationalization/icudt64l/region/en_DK.res" 1239
"../../../Engine/Content/Internationalization/icudt64l/lang/en_DM.res" 1240
"../../../Engine/Content/Internationalization/icudt64l/region/en_DM.res" 1241
"../../../Engine/Content/Internationalization/icudt64l/lang/en_ER.res" 1242
"../../../Engine/Content/Internationalization/icudt64l/region/en_ER.res" 1243
"../../../Engine/Content/Internationalization/icudt64l/lang/en_FI.res" 1244
"../../../Engine/Content/Internationalization/icudt64l/region/en_FI.res" 1245
"../../../Engine/Content/Internationalization/icudt64l/lang/en_FJ.res" 1246
"../../../Engine/Content/Internationalization/icudt64l/region/en_FJ.res" 1247
"../../../Engine/Content/Internationalization/icudt64l/lang/en_FK.res" 1248
"../../../Engine/Content/Internationalization/icudt64l/region/en_FK.res" 1249
"../../../Engine/Content/Internationalization/icudt64l/lang/en_FM.res" 1250
"../../../Engine/Content/Internationalization/icudt64l/region/en_FM.res" 1251
"../../../Engine/Content/Internationalization/icudt64l/lang/en_GB.res" 1252
"../../../Engine/Content/Internationalization/icudt64l/region/en_GB.res" 1253
"../../../Engine/Content/Internationalization/icudt64l/lang/en_GD.res" 1254
"../../../Engine/Content/Internationalization/icudt64l/region/en_GD.res" 1255
"../../../Engine/Content/Internationalization/icudt64l/lang/en_GG.res" 1256
"../../../Engine/Content/Internationalization/icudt64l/region/en_GG.res" 1257
"../../../Engine/Content/Internationalization/icudt64l/lang/en_GH.res" 1258
"../../../Engine/Content/Internationalization/icudt64l/region/en_GH.res" 1259
"../../../Engine/Content/Internationalization/icudt64l/lang/en_GI.res" 1260
"../../../Engine/Content/Internationalization/icudt64l/region/en_GI.res" 1261
"../../../Engine/Content/Internationalization/icudt64l/lang/en_GM.res" 1262
"../../../Engine/Content/Internationalization/icudt64l/region/en_GM.res" 1263
"../../../Engine/Content/Internationalization/icudt64l/lang/en_GY.res" 1264
"../../../Engine/Content/Internationalization/icudt64l/region/en_GY.res" 1265
"../../../Engine/Content/Internationalization/icudt64l/lang/en_HK.res" 1266
"../../../Engine/Content/Internationalization/icudt64l/region/en_HK.res" 1267
"../../../Engine/Content/Internationalization/icudt64l/lang/en_IE.res" 1268
"../../../Engine/Content/Internationalization/icudt64l/region/en_IE.res" 1269
"../../../Engine/Content/Internationalization/icudt64l/lang/en_IL.res" 1270
"../../../Engine/Content/Internationalization/icudt64l/region/en_IL.res" 1271
"../../../Engine/Content/Internationalization/icudt64l/lang/en_IM.res" 1272
"../../../Engine/Content/Internationalization/icudt64l/region/en_IM.res" 1273
"../../../Engine/Content/Internationalization/icudt64l/lang/en_IN.res" 1274
"../../../Engine/Content/Internationalization/icudt64l/region/en_IN.res" 1275
"../../../Engine/Content/Internationalization/icudt64l/lang/en_IO.res" 1276
"../../../Engine/Content/Internationalization/icudt64l/region/en_IO.res" 1277
"../../../Engine/Content/Internationalization/icudt64l/lang/en_JE.res" 1278
"../../../Engine/Content/Internationalization/icudt64l/region/en_JE.res" 1279
"../../../Engine/Content/Internationalization/icudt64l/lang/en_JM.res" 1280
"../../../Engine/Content/Internationalization/icudt64l/region/en_JM.res" 1281
"../../../Engine/Content/Internationalization/icudt64l/lang/en_KE.res" 1282
"../../../Engine/Content/Internationalization/icudt64l/region/en_KE.res" 1283
"../../../Engine/Content/Internationalization/icudt64l/lang/en_KI.res" 1284
"../../../Engine/Content/Internationalization/icudt64l/region/en_KI.res" 1285
"../../../Engine/Content/Internationalization/icudt64l/lang/en_KN.res" 1286
"../../../Engine/Content/Internationalization/icudt64l/region/en_KN.res" 1287
"../../../Engine/Content/Internationalization/icudt64l/lang/en_KY.res" 1288
"../../../Engine/Content/Internationalization/icudt64l/region/en_KY.res" 1289
"../../../Engine/Content/Internationalization/icudt64l/lang/en_LC.res" 1290
"../../../Engine/Content/Internationalization/icudt64l/region/en_LC.res" 1291
"../../../Engine/Content/Internationalization/icudt64l/lang/en_LR.res" 1292
"../../../Engine/Content/Internationalization/icudt64l/region/en_LR.res" 1293
"../../../Engine/Content/Internationalization/icudt64l/lang/en_LS.res" 1294
"../../../Engine/Content/Internationalization/icudt64l/region/en_LS.res" 1295
"../../../Engine/Content/Internationalization/icudt64l/lang/en_MG.res" 1296
"../../../Engine/Content/Internationalization/icudt64l/region/en_MG.res" 1297
"../../../Engine/Content/Internationalization/icudt64l/lang/en_MO.res" 1298
"../../../Engine/Content/Internationalization/icudt64l/region/en_MO.res" 1299
"../../../Engine/Content/Internationalization/icudt64l/lang/en_MS.res" 1300
"../../../Engine/Content/Internationalization/icudt64l/region/en_MS.res" 1301
"../../../Engine/Content/Internationalization/icudt64l/lang/en_MT.res" 1302
"../../../Engine/Content/Internationalization/icudt64l/region/en_MT.res" 1303
"../../../Engine/Content/Internationalization/icudt64l/lang/en_MU.res" 1304
"../../../Engine/Content/Internationalization/icudt64l/region/en_MU.res" 1305
"../../../Engine/Content/Internationalization/icudt64l/lang/en_MW.res" 1306
"../../../Engine/Content/Internationalization/icudt64l/region/en_MW.res" 1307
"../../../Engine/Content/Internationalization/icudt64l/lang/en_MY.res" 1308
"../../../Engine/Content/Internationalization/icudt64l/region/en_MY.res" 1309
"../../../Engine/Content/Internationalization/icudt64l/lang/en_NA.res" 1310
"../../../Engine/Content/Internationalization/icudt64l/region/en_NA.res" 1311
"../../../Engine/Content/Internationalization/icudt64l/lang/en_NF.res" 1312
"../../../Engine/Content/Internationalization/icudt64l/region/en_NF.res" 1313
"../../../Engine/Content/Internationalization/icudt64l/lang/en_NG.res" 1314
"../../../Engine/Content/Internationalization/icudt64l/region/en_NG.res" 1315
"../../../Engine/Content/Internationalization/icudt64l/lang/en_NL.res" 1316
"../../../Engine/Content/Internationalization/icudt64l/region/en_NL.res" 1317
"../../../Engine/Content/Internationalization/icudt64l/lang/en_NR.res" 1318
"../../../Engine/Content/Internationalization/icudt64l/region/en_NR.res" 1319
"../../../Engine/Content/Internationalization/icudt64l/lang/en_NU.res" 1320
"../../../Engine/Content/Internationalization/icudt64l/region/en_NU.res" 1321
"../../../Engine/Content/Internationalization/icudt64l/lang/en_NZ.res" 1322
"../../../Engine/Content/Internationalization/icudt64l/region/en_NZ.res" 1323
"../../../Engine/Content/Internationalization/icudt64l/lang/en_PG.res" 1324
"../../../Engine/Content/Internationalization/icudt64l/region/en_PG.res" 1325
"../../../Engine/Content/Internationalization/icudt64l/lang/en_PH.res" 1326
"../../../Engine/Content/Internationalization/icudt64l/region/en_PH.res" 1327
"../../../Engine/Content/Internationalization/icudt64l/lang/en_PK.res" 1328
"../../../Engine/Content/Internationalization/icudt64l/region/en_PK.res" 1329
"../../../Engine/Content/Internationalization/icudt64l/lang/en_PN.res" 1330
"../../../Engine/Content/Internationalization/icudt64l/region/en_PN.res" 1331
"../../../Engine/Content/Internationalization/icudt64l/lang/en_PW.res" 1332
"../../../Engine/Content/Internationalization/icudt64l/region/en_PW.res" 1333
"../../../Engine/Content/Internationalization/icudt64l/lang/en_RW.res" 1334
"../../../Engine/Content/Internationalization/icudt64l/region/en_RW.res" 1335
"../../../Engine/Content/Internationalization/icudt64l/lang/en_SB.res" 1336
"../../../Engine/Content/Internationalization/icudt64l/region/en_SB.res" 1337
"../../../Engine/Content/Internationalization/icudt64l/lang/en_SC.res" 1338
"../../../Engine/Content/Internationalization/icudt64l/region/en_SC.res" 1339
"../../../Engine/Content/Internationalization/icudt64l/lang/en_SD.res" 1340
"../../../Engine/Content/Internationalization/icudt64l/region/en_SD.res" 1341
"../../../Engine/Content/Internationalization/icudt64l/lang/en_SE.res" 1342
"../../../Engine/Content/Internationalization/icudt64l/region/en_SE.res" 1343
"../../../Engine/Content/Internationalization/icudt64l/lang/en_SG.res" 1344
"../../../Engine/Content/Internationalization/icudt64l/region/en_SG.res" 1345
"../../../Engine/Content/Internationalization/icudt64l/lang/en_SH.res" 1346
"../../../Engine/Content/Internationalization/icudt64l/region/en_SH.res" 1347
"../../../Engine/Content/Internationalization/icudt64l/lang/en_SI.res" 1348
"../../../Engine/Content/Internationalization/icudt64l/region/en_SI.res" 1349
"../../../Engine/Content/Internationalization/icudt64l/lang/en_SL.res" 1350
"../../../Engine/Content/Internationalization/icudt64l/region/en_SL.res" 1351
"../../../Engine/Content/Internationalization/icudt64l/lang/en_SS.res" 1352
"../../../Engine/Content/Internationalization/icudt64l/region/en_SS.res" 1353
"../../../Engine/Content/Internationalization/icudt64l/lang/en_SX.res" 1354
"../../../Engine/Content/Internationalization/icudt64l/region/en_SX.res" 1355
"../../../Engine/Content/Internationalization/icudt64l/lang/en_SZ.res" 1356
"../../../Engine/Content/Internationalization/icudt64l/region/en_SZ.res" 1357
"../../../Engine/Content/Internationalization/icudt64l/lang/en_TC.res" 1358
"../../../Engine/Content/Internationalization/icudt64l/region/en_TC.res" 1359
"../../../Engine/Content/Internationalization/icudt64l/lang/en_TK.res" 1360
"../../../Engine/Content/Internationalization/icudt64l/region/en_TK.res" 1361
"../../../Engine/Content/Internationalization/icudt64l/lang/en_TO.res" 1362
"../../../Engine/Content/Internationalization/icudt64l/region/en_TO.res" 1363
"../../../Engine/Content/Internationalization/icudt64l/lang/en_TT.res" 1364
"../../../Engine/Content/Internationalization/icudt64l/region/en_TT.res" 1365
"../../../Engine/Content/Internationalization/icudt64l/lang/en_TV.res" 1366
"../../../Engine/Content/Internationalization/icudt64l/region/en_TV.res" 1367
"../../../Engine/Content/Internationalization/icudt64l/lang/en_TZ.res" 1368
"../../../Engine/Content/Internationalization/icudt64l/region/en_TZ.res" 1369
"../../../Engine/Content/Internationalization/icudt64l/lang/en_UG.res" 1370
"../../../Engine/Content/Internationalization/icudt64l/region/en_UG.res" 1371
"../../../Engine/Content/Internationalization/icudt64l/lang/en_VC.res" 1372
"../../../Engine/Content/Internationalization/icudt64l/region/en_VC.res" 1373
"../../../Engine/Content/Internationalization/icudt64l/lang/en_VG.res" 1374
"../../../Engine/Content/Internationalization/icudt64l/region/en_VG.res" 1375
"../../../Engine/Content/Internationalization/icudt64l/lang/en_VU.res" 1376
"../../../Engine/Content/Internationalization/icudt64l/region/en_VU.res" 1377
"../../../Engine/Content/Internationalization/icudt64l/lang/en_WS.res" 1378
"../../../Engine/Content/Internationalization/icudt64l/region/en_WS.res" 1379
"../../../Engine/Content/Internationalization/icudt64l/lang/en_ZA.res" 1380
"../../../Engine/Content/Internationalization/icudt64l/region/en_ZA.res" 1381
"../../../Engine/Content/Internationalization/icudt64l/lang/en_ZM.res" 1382
"../../../Engine/Content/Internationalization/icudt64l/region/en_ZM.res" 1383
"../../../Engine/Content/Internationalization/icudt64l/lang/en_ZW.res" 1384
"../../../Engine/Content/Internationalization/icudt64l/region/en_ZW.res" 1385
"../../../Engine/Content/Internationalization/icudt64l/lang/eo.res" 1386
"../../../Engine/Content/Internationalization/icudt64l/region/eo.res" 1387
"../../../Engine/Content/Internationalization/icudt64l/lang/es.res" 1388
"../../../Engine/Content/Internationalization/icudt64l/lang/es_419.res" 1389
"../../../Engine/Content/Internationalization/icudt64l/region/es_419.res" 1390
"../../../Engine/Content/Internationalization/icudt64l/region/es.res" 1391
"../../../Engine/Content/Internationalization/icudt64l/lang/es_AR.res" 1392
"../../../Engine/Content/Internationalization/icudt64l/region/es_AR.res" 1393
"../../../Engine/Content/Internationalization/icudt64l/lang/es_BO.res" 1394
"../../../Engine/Content/Internationalization/icudt64l/region/es_BO.res" 1395
"../../../Engine/Content/Internationalization/icudt64l/lang/es_BR.res" 1396
"../../../Engine/Content/Internationalization/icudt64l/region/es_BR.res" 1397
"../../../Engine/Content/Internationalization/icudt64l/lang/es_BZ.res" 1398
"../../../Engine/Content/Internationalization/icudt64l/region/es_BZ.res" 1399
"../../../Engine/Content/Internationalization/icudt64l/lang/es_CL.res" 1400
"../../../Engine/Content/Internationalization/icudt64l/region/es_CL.res" 1401
"../../../Engine/Content/Internationalization/icudt64l/lang/es_CO.res" 1402
"../../../Engine/Content/Internationalization/icudt64l/region/es_CO.res" 1403
"../../../Engine/Content/Internationalization/icudt64l/lang/es_CR.res" 1404
"../../../Engine/Content/Internationalization/icudt64l/region/es_CR.res" 1405
"../../../Engine/Content/Internationalization/icudt64l/lang/es_CU.res" 1406
"../../../Engine/Content/Internationalization/icudt64l/region/es_CU.res" 1407
"../../../Engine/Content/Internationalization/icudt64l/lang/es_DO.res" 1408
"../../../Engine/Content/Internationalization/icudt64l/region/es_DO.res" 1409
"../../../Engine/Content/Internationalization/icudt64l/lang/es_EC.res" 1410
"../../../Engine/Content/Internationalization/icudt64l/region/es_EC.res" 1411
"../../../Engine/Content/Internationalization/icudt64l/lang/es_GT.res" 1412
"../../../Engine/Content/Internationalization/icudt64l/region/es_GT.res" 1413
"../../../Engine/Content/Internationalization/icudt64l/lang/es_HN.res" 1414
"../../../Engine/Content/Internationalization/icudt64l/region/es_HN.res" 1415
"../../../Engine/Content/Internationalization/icudt64l/lang/es_MX.res" 1416
"../../../Engine/Content/Internationalization/icudt64l/region/es_MX.res" 1417
"../../../Engine/Content/Internationalization/icudt64l/lang/es_NI.res" 1418
"../../../Engine/Content/Internationalization/icudt64l/region/es_NI.res" 1419
"../../../Engine/Content/Internationalization/icudt64l/lang/es_PA.res" 1420
"../../../Engine/Content/Internationalization/icudt64l/region/es_PA.res" 1421
"../../../Engine/Content/Internationalization/icudt64l/lang/es_PE.res" 1422
"../../../Engine/Content/Internationalization/icudt64l/region/es_PE.res" 1423
"../../../Engine/Content/Internationalization/icudt64l/lang/es_PR.res" 1424
"../../../Engine/Content/Internationalization/icudt64l/region/es_PR.res" 1425
"../../../Engine/Content/Internationalization/icudt64l/lang/es_PY.res" 1426
"../../../Engine/Content/Internationalization/icudt64l/region/es_PY.res" 1427
"../../../Engine/Content/Internationalization/icudt64l/lang/es_SV.res" 1428
"../../../Engine/Content/Internationalization/icudt64l/region/es_SV.res" 1429
"../../../Engine/Content/Internationalization/icudt64l/lang/es_US.res" 1430
"../../../Engine/Content/Internationalization/icudt64l/region/es_US.res" 1431
"../../../Engine/Content/Internationalization/icudt64l/lang/es_UY.res" 1432
"../../../Engine/Content/Internationalization/icudt64l/region/es_UY.res" 1433
"../../../Engine/Content/Internationalization/icudt64l/lang/es_VE.res" 1434
"../../../Engine/Content/Internationalization/icudt64l/region/es_VE.res" 1435
"../../../Engine/Content/Internationalization/icudt64l/lang/et.res" 1436
"../../../Engine/Content/Internationalization/icudt64l/region/et.res" 1437
"../../../Engine/Content/Internationalization/icudt64l/lang/eu.res" 1438
"../../../Engine/Content/Internationalization/icudt64l/region/eu.res" 1439
"../../../Engine/Content/Internationalization/icudt64l/lang/ewo.res" 1440
"../../../Engine/Content/Internationalization/icudt64l/region/ewo.res" 1441
"../../../Engine/Content/Internationalization/icudt64l/lang/fa.res" 1442
"../../../Engine/Content/Internationalization/icudt64l/lang/fa_AF.res" 1443
"../../../Engine/Content/Internationalization/icudt64l/region/fa_AF.res" 1444
"../../../Engine/Content/Internationalization/icudt64l/region/fa.res" 1445
"../../../Engine/Content/Internationalization/icudt64l/lang/ff.res" 1446
"../../../Engine/Content/Internationalization/icudt64l/lang/ff_Latn.res" 1447
"../../../Engine/Content/Internationalization/icudt64l/region/ff.res" 1448
"../../../Engine/Content/Internationalization/icudt64l/region/ff_Latn.res" 1449
"../../../Engine/Content/Internationalization/icudt64l/lang/ff_CM.res" 1450
"../../../Engine/Content/Internationalization/icudt64l/lang/ff_Latn_CM.res" 1451
"../../../Engine/Content/Internationalization/icudt64l/region/ff_CM.res" 1452
"../../../Engine/Content/Internationalization/icudt64l/region/ff_Latn_CM.res" 1453
"../../../Engine/Content/Internationalization/icudt64l/lang/ff_GN.res" 1454
"../../../Engine/Content/Internationalization/icudt64l/lang/ff_Latn_GN.res" 1455
"../../../Engine/Content/Internationalization/icudt64l/region/ff_GN.res" 1456
"../../../Engine/Content/Internationalization/icudt64l/region/ff_Latn_GN.res" 1457
"../../../Engine/Content/Internationalization/icudt64l/lang/ff_MR.res" 1458
"../../../Engine/Content/Internationalization/icudt64l/lang/ff_Latn_MR.res" 1459
"../../../Engine/Content/Internationalization/icudt64l/region/ff_MR.res" 1460
"../../../Engine/Content/Internationalization/icudt64l/region/ff_Latn_MR.res" 1461
"../../../Engine/Content/Internationalization/icudt64l/lang/ff_SN.res" 1462
"../../../Engine/Content/Internationalization/icudt64l/lang/ff_Latn_SN.res" 1463
"../../../Engine/Content/Internationalization/icudt64l/region/ff_SN.res" 1464
"../../../Engine/Content/Internationalization/icudt64l/region/ff_Latn_SN.res" 1465
"../../../Engine/Content/Internationalization/icudt64l/lang/fi.res" 1466
"../../../Engine/Content/Internationalization/icudt64l/region/fi.res" 1467
"../../../Engine/Content/Internationalization/icudt64l/lang/fil.res" 1468
"../../../Engine/Content/Internationalization/icudt64l/lang/fil_PH.res" 1469
"../../../Engine/Content/Internationalization/icudt64l/region/fil_PH.res" 1470
"../../../Engine/Content/Internationalization/icudt64l/region/fil.res" 1471
"../../../Engine/Content/Internationalization/icudt64l/lang/fo.res" 1472
"../../../Engine/Content/Internationalization/icudt64l/region/fo.res" 1473
"../../../Engine/Content/Internationalization/icudt64l/lang/fr.res" 1474
"../../../Engine/Content/Internationalization/icudt64l/lang/fr_BE.res" 1475
"../../../Engine/Content/Internationalization/icudt64l/region/fr_BE.res" 1476
"../../../Engine/Content/Internationalization/icudt64l/region/fr.res" 1477
"../../../Engine/Content/Internationalization/icudt64l/lang/fr_CA.res" 1478
"../../../Engine/Content/Internationalization/icudt64l/region/fr_CA.res" 1479
"../../../Engine/Content/Internationalization/icudt64l/lang/fr_CH.res" 1480
"../../../Engine/Content/Internationalization/icudt64l/lang/fur.res" 1481
"../../../Engine/Content/Internationalization/icudt64l/region/fur.res" 1482
"../../../Engine/Content/Internationalization/icudt64l/lang/fy.res" 1483
"../../../Engine/Content/Internationalization/icudt64l/region/fy.res" 1484
"../../../Engine/Content/Internationalization/icudt64l/lang/ga.res" 1485
"../../../Engine/Content/Internationalization/icudt64l/region/ga.res" 1486
"../../../Engine/Content/Internationalization/icudt64l/lang/gd.res" 1487
"../../../Engine/Content/Internationalization/icudt64l/region/gd.res" 1488
"../../../Engine/Content/Internationalization/icudt64l/lang/gl.res" 1489
"../../../Engine/Content/Internationalization/icudt64l/region/gl.res" 1490
"../../../Engine/Content/Internationalization/icudt64l/lang/gsw.res" 1491
"../../../Engine/Content/Internationalization/icudt64l/region/gsw.res" 1492
"../../../Engine/Content/Internationalization/icudt64l/lang/gu.res" 1493
"../../../Engine/Content/Internationalization/icudt64l/region/gu.res" 1494
"../../../Engine/Content/Internationalization/icudt64l/lang/guz.res" 1495
"../../../Engine/Content/Internationalization/icudt64l/region/guz.res" 1496
"../../../Engine/Content/Internationalization/icudt64l/lang/gv.res" 1497
"../../../Engine/Content/Internationalization/icudt64l/region/gv.res" 1498
"../../../Engine/Content/Internationalization/icudt64l/lang/ha.res" 1499
"../../../Engine/Content/Internationalization/icudt64l/region/ha.res" 1500
"../../../Engine/Content/Internationalization/icudt64l/lang/ha_NE.res" 1501
"../../../Engine/Content/Internationalization/icudt64l/region/ha_NE.res" 1502
"../../../Engine/Content/Internationalization/icudt64l/lang/haw.res" 1503
"../../../Engine/Content/Internationalization/icudt64l/region/haw.res" 1504
"../../../Engine/Content/Internationalization/icudt64l/lang/he.res" 1505
"../../../Engine/Content/Internationalization/icudt64l/lang/he_IL.res" 1506
"../../../Engine/Content/Internationalization/icudt64l/region/he_IL.res" 1507
"../../../Engine/Content/Internationalization/icudt64l/region/he.res" 1508
"../../../Engine/Content/Internationalization/icudt64l/lang/hi.res" 1509
"../../../Engine/Content/Internationalization/icudt64l/region/hi.res" 1510
"../../../Engine/Content/Internationalization/icudt64l/lang/hr.res" 1511
"../../../Engine/Content/Internationalization/icudt64l/region/hr.res" 1512
"../../../Engine/Content/Internationalization/icudt64l/lang/hsb.res" 1513
"../../../Engine/Content/Internationalization/icudt64l/region/hsb.res" 1514
"../../../Engine/Content/Internationalization/icudt64l/lang/hu.res" 1515
"../../../Engine/Content/Internationalization/icudt64l/region/hu.res" 1516
"../../../Engine/Content/Internationalization/icudt64l/lang/hy.res" 1517
"../../../Engine/Content/Internationalization/icudt64l/region/hy.res" 1518
"../../../Engine/Content/Internationalization/icudt64l/lang/ia.res" 1519
"../../../Engine/Content/Internationalization/icudt64l/region/ia.res" 1520
"../../../Engine/Content/Internationalization/icudt64l/lang/id.res" 1521
"../../../Engine/Content/Internationalization/icudt64l/lang/id_ID.res" 1522
"../../../Engine/Content/Internationalization/icudt64l/region/id_ID.res" 1523
"../../../Engine/Content/Internationalization/icudt64l/region/id.res" 1524
"../../../Engine/Content/Internationalization/icudt64l/lang/ig.res" 1525
"../../../Engine/Content/Internationalization/icudt64l/region/ig.res" 1526
"../../../Engine/Content/Internationalization/icudt64l/lang/ii.res" 1527
"../../../Engine/Content/Internationalization/icudt64l/region/ii.res" 1528
"../../../Engine/Content/Internationalization/icudt64l/lang/is.res" 1529
"../../../Engine/Content/Internationalization/icudt64l/region/is.res" 1530
"../../../Engine/Content/Internationalization/icudt64l/lang/ja.res" 1531
"../../../Engine/Content/Internationalization/icudt64l/lang/ja_JP.res" 1532
"../../../Engine/Content/Internationalization/icudt64l/region/ja_JP.res" 1533
"../../../Engine/Content/Internationalization/icudt64l/region/ja.res" 1534
"../../../Engine/Content/Internationalization/icudt64l/lang/jgo.res" 1535
"../../../Engine/Content/Internationalization/icudt64l/region/jgo.res" 1536
"../../../Engine/Content/Internationalization/icudt64l/lang/jmc.res" 1537
"../../../Engine/Content/Internationalization/icudt64l/region/jmc.res" 1538
"../../../Engine/Content/Internationalization/icudt64l/lang/jv.res" 1539
"../../../Engine/Content/Internationalization/icudt64l/region/jv.res" 1540
"../../../Engine/Content/Internationalization/icudt64l/lang/ka.res" 1541
"../../../Engine/Content/Internationalization/icudt64l/region/ka.res" 1542
"../../../Engine/Content/Internationalization/icudt64l/lang/kab.res" 1543
"../../../Engine/Content/Internationalization/icudt64l/region/kab.res" 1544
"../../../Engine/Content/Internationalization/icudt64l/lang/kam.res" 1545
"../../../Engine/Content/Internationalization/icudt64l/region/kam.res" 1546
"../../../Engine/Content/Internationalization/icudt64l/lang/kde.res" 1547
"../../../Engine/Content/Internationalization/icudt64l/region/kde.res" 1548
"../../../Engine/Content/Internationalization/icudt64l/lang/kea.res" 1549
"../../../Engine/Content/Internationalization/icudt64l/region/kea.res" 1550
"../../../Engine/Content/Internationalization/icudt64l/lang/khq.res" 1551
"../../../Engine/Content/Internationalization/icudt64l/region/khq.res" 1552
"../../../Engine/Content/Internationalization/icudt64l/lang/ki.res" 1553
"../../../Engine/Content/Internationalization/icudt64l/region/ki.res" 1554
"../../../Engine/Content/Internationalization/icudt64l/lang/kk.res" 1555
"../../../Engine/Content/Internationalization/icudt64l/region/kk.res" 1556
"../../../Engine/Content/Internationalization/icudt64l/lang/kkj.res" 1557
"../../../Engine/Content/Internationalization/icudt64l/region/kkj.res" 1558
"../../../Engine/Content/Internationalization/icudt64l/lang/kl.res" 1559
"../../../Engine/Content/Internationalization/icudt64l/region/kl.res" 1560
"../../../Engine/Content/Internationalization/icudt64l/lang/kln.res" 1561
"../../../Engine/Content/Internationalization/icudt64l/region/kln.res" 1562
"../../../Engine/Content/Internationalization/icudt64l/lang/km.res" 1563
"../../../Engine/Content/Internationalization/icudt64l/region/km.res" 1564
"../../../Engine/Content/Internationalization/icudt64l/lang/kn.res" 1565
"../../../Engine/Content/Internationalization/icudt64l/region/kn.res" 1566
"../../../Engine/Content/Internationalization/icudt64l/lang/ko.res" 1567
"../../../Engine/Content/Internationalization/icudt64l/region/ko_KP.res" 1568
"../../../Engine/Content/Internationalization/icudt64l/region/ko.res" 1569
"../../../Engine/Content/Internationalization/icudt64l/lang/kok.res" 1570
"../../../Engine/Content/Internationalization/icudt64l/region/kok.res" 1571
"../../../Engine/Content/Internationalization/icudt64l/lang/ks.res" 1572
"../../../Engine/Content/Internationalization/icudt64l/region/ks.res" 1573
"../../../Engine/Content/Internationalization/icudt64l/lang/ksb.res" 1574
"../../../Engine/Content/Internationalization/icudt64l/region/ksb.res" 1575
"../../../Engine/Content/Internationalization/icudt64l/lang/ksf.res" 1576
"../../../Engine/Content/Internationalization/icudt64l/region/ksf.res" 1577
"../../../Engine/Content/Internationalization/icudt64l/lang/ksh.res" 1578
"../../../Engine/Content/Internationalization/icudt64l/region/ksh.res" 1579
"../../../Engine/Content/Internationalization/icudt64l/lang/ku.res" 1580
"../../../Engine/Content/Internationalization/icudt64l/region/ku.res" 1581
"../../../Engine/Content/Internationalization/icudt64l/lang/kw.res" 1582
"../../../Engine/Content/Internationalization/icudt64l/region/kw.res" 1583
"../../../Engine/Content/Internationalization/icudt64l/lang/ky.res" 1584
"../../../Engine/Content/Internationalization/icudt64l/region/ky.res" 1585
"../../../Engine/Content/Internationalization/icudt64l/lang/lag.res" 1586
"../../../Engine/Content/Internationalization/icudt64l/region/lag.res" 1587
"../../../Engine/Content/Internationalization/icudt64l/lang/lb.res" 1588
"../../../Engine/Content/Internationalization/icudt64l/region/lb.res" 1589
"../../../Engine/Content/Internationalization/icudt64l/lang/lg.res" 1590
"../../../Engine/Content/Internationalization/icudt64l/region/lg.res" 1591
"../../../Engine/Content/Internationalization/icudt64l/lang/lkt.res" 1592
"../../../Engine/Content/Internationalization/icudt64l/region/lkt.res" 1593
"../../../Engine/Content/Internationalization/icudt64l/lang/ln.res" 1594
"../../../Engine/Content/Internationalization/icudt64l/region/ln.res" 1595
"../../../Engine/Content/Internationalization/icudt64l/lang/lo.res" 1596
"../../../Engine/Content/Internationalization/icudt64l/region/lo.res" 1597
"../../../Engine/Content/Internationalization/icudt64l/lang/lrc.res" 1598
"../../../Engine/Content/Internationalization/icudt64l/region/lrc.res" 1599
"../../../Engine/Content/Internationalization/icudt64l/lang/lt.res" 1600
"../../../Engine/Content/Internationalization/icudt64l/region/lt.res" 1601
"../../../Engine/Content/Internationalization/icudt64l/lang/lu.res" 1602
"../../../Engine/Content/Internationalization/icudt64l/region/lu.res" 1603
"../../../Engine/Content/Internationalization/icudt64l/lang/luo.res" 1604
"../../../Engine/Content/Internationalization/icudt64l/region/luo.res" 1605
"../../../Engine/Content/Internationalization/icudt64l/lang/luy.res" 1606
"../../../Engine/Content/Internationalization/icudt64l/region/luy.res" 1607
"../../../Engine/Content/Internationalization/icudt64l/lang/lv.res" 1608
"../../../Engine/Content/Internationalization/icudt64l/region/lv.res" 1609
"../../../Engine/Content/Internationalization/icudt64l/lang/mas.res" 1610
"../../../Engine/Content/Internationalization/icudt64l/region/mas.res" 1611
"../../../Engine/Content/Internationalization/icudt64l/lang/mer.res" 1612
"../../../Engine/Content/Internationalization/icudt64l/region/mer.res" 1613
"../../../Engine/Content/Internationalization/icudt64l/lang/mfe.res" 1614
"../../../Engine/Content/Internationalization/icudt64l/region/mfe.res" 1615
"../../../Engine/Content/Internationalization/icudt64l/lang/mg.res" 1616
"../../../Engine/Content/Internationalization/icudt64l/region/mg.res" 1617
"../../../Engine/Content/Internationalization/icudt64l/lang/mgh.res" 1618
"../../../Engine/Content/Internationalization/icudt64l/region/mgh.res" 1619
"../../../Engine/Content/Internationalization/icudt64l/lang/mgo.res" 1620
"../../../Engine/Content/Internationalization/icudt64l/region/mgo.res" 1621
"../../../Engine/Content/Internationalization/icudt64l/lang/mi.res" 1622
"../../../Engine/Content/Internationalization/icudt64l/region/mi.res" 1623
"../../../Engine/Content/Internationalization/icudt64l/lang/mk.res" 1624
"../../../Engine/Content/Internationalization/icudt64l/region/mk.res" 1625
"../../../Engine/Content/Internationalization/icudt64l/lang/ml.res" 1626
"../../../Engine/Content/Internationalization/icudt64l/region/ml.res" 1627
"../../../Engine/Content/Internationalization/icudt64l/lang/mn.res" 1628
"../../../Engine/Content/Internationalization/icudt64l/region/mn.res" 1629
"../../../Engine/Content/Internationalization/icudt64l/lang/mr.res" 1630
"../../../Engine/Content/Internationalization/icudt64l/region/mr.res" 1631
"../../../Engine/Content/Internationalization/icudt64l/lang/ms.res" 1632
"../../../Engine/Content/Internationalization/icudt64l/region/ms.res" 1633
"../../../Engine/Content/Internationalization/icudt64l/lang/mt.res" 1634
"../../../Engine/Content/Internationalization/icudt64l/region/mt.res" 1635
"../../../Engine/Content/Internationalization/icudt64l/lang/mua.res" 1636
"../../../Engine/Content/Internationalization/icudt64l/region/mua.res" 1637
"../../../Engine/Content/Internationalization/icudt64l/lang/my.res" 1638
"../../../Engine/Content/Internationalization/icudt64l/region/my.res" 1639
"../../../Engine/Content/Internationalization/icudt64l/lang/mzn.res" 1640
"../../../Engine/Content/Internationalization/icudt64l/region/mzn.res" 1641
"../../../Engine/Content/Internationalization/icudt64l/lang/naq.res" 1642
"../../../Engine/Content/Internationalization/icudt64l/region/naq.res" 1643
"../../../Engine/Content/Internationalization/icudt64l/lang/nb.res" 1644
"../../../Engine/Content/Internationalization/icudt64l/lang/nb_NO.res" 1645
"../../../Engine/Content/Internationalization/icudt64l/region/nb_NO.res" 1646
"../../../Engine/Content/Internationalization/icudt64l/region/nb.res" 1647
"../../../Engine/Content/Internationalization/icudt64l/lang/nd.res" 1648
"../../../Engine/Content/Internationalization/icudt64l/region/nd.res" 1649
"../../../Engine/Content/Internationalization/icudt64l/lang/nds.res" 1650
"../../../Engine/Content/Internationalization/icudt64l/region/nds.res" 1651
"../../../Engine/Content/Internationalization/icudt64l/lang/ne.res" 1652
"../../../Engine/Content/Internationalization/icudt64l/region/ne.res" 1653
"../../../Engine/Content/Internationalization/icudt64l/lang/nl.res" 1654
"../../../Engine/Content/Internationalization/icudt64l/region/nl.res" 1655
"../../../Engine/Content/Internationalization/icudt64l/lang/nmg.res" 1656
"../../../Engine/Content/Internationalization/icudt64l/region/nmg.res" 1657
"../../../Engine/Content/Internationalization/icudt64l/lang/nn.res" 1658
"../../../Engine/Content/Internationalization/icudt64l/lang/nn_NO.res" 1659
"../../../Engine/Content/Internationalization/icudt64l/region/nn_NO.res" 1660
"../../../Engine/Content/Internationalization/icudt64l/region/nn.res" 1661
"../../../Engine/Content/Internationalization/icudt64l/lang/nnh.res" 1662
"../../../Engine/Content/Internationalization/icudt64l/region/nnh.res" 1663
"../../../Engine/Content/Internationalization/icudt64l/lang/nus.res" 1664
"../../../Engine/Content/Internationalization/icudt64l/region/nus.res" 1665
"../../../Engine/Content/Internationalization/icudt64l/lang/nyn.res" 1666
"../../../Engine/Content/Internationalization/icudt64l/region/nyn.res" 1667
"../../../Engine/Content/Internationalization/icudt64l/lang/om.res" 1668
"../../../Engine/Content/Internationalization/icudt64l/region/om.res" 1669
"../../../Engine/Content/Internationalization/icudt64l/lang/or.res" 1670
"../../../Engine/Content/Internationalization/icudt64l/region/or.res" 1671
"../../../Engine/Content/Internationalization/icudt64l/lang/os.res" 1672
"../../../Engine/Content/Internationalization/icudt64l/region/os.res" 1673
"../../../Engine/Content/Internationalization/icudt64l/lang/pa.res" 1674
"../../../Engine/Content/Internationalization/icudt64l/lang/pa_Arab.res" 1675
"../../../Engine/Content/Internationalization/icudt64l/lang/pa_PK.res" 1676
"../../../Engine/Content/Internationalization/icudt64l/lang/pa_Arab_PK.res" 1677
"../../../Engine/Content/Internationalization/icudt64l/region/pa_PK.res" 1678
"../../../Engine/Content/Internationalization/icudt64l/region/pa_Arab_PK.res" 1679
"../../../Engine/Content/Internationalization/icudt64l/region/pa_Arab.res" 1680
"../../../Engine/Content/Internationalization/icudt64l/lang/pa_Guru.res" 1681
"../../../Engine/Content/Internationalization/icudt64l/lang/pa_IN.res" 1682
"../../../Engine/Content/Internationalization/icudt64l/lang/pa_Guru_IN.res" 1683
"../../../Engine/Content/Internationalization/icudt64l/region/pa_IN.res" 1684
"../../../Engine/Content/Internationalization/icudt64l/region/pa_Guru_IN.res" 1685
"../../../Engine/Content/Internationalization/icudt64l/region/pa_Guru.res" 1686
"../../../Engine/Content/Internationalization/icudt64l/region/pa.res" 1687
"../../../Engine/Content/Internationalization/icudt64l/lang/pl.res" 1688
"../../../Engine/Content/Internationalization/icudt64l/region/pl.res" 1689
"../../../Engine/Content/Internationalization/icudt64l/lang/ps.res" 1690
"../../../Engine/Content/Internationalization/icudt64l/region/ps.res" 1691
"../../../Engine/Content/Internationalization/icudt64l/lang/ps_PK.res" 1692
"../../../Engine/Content/Internationalization/icudt64l/region/ps_PK.res" 1693
"../../../Engine/Content/Internationalization/icudt64l/lang/pt.res" 1694
"../../../Engine/Content/Internationalization/icudt64l/lang/pt_AO.res" 1695
"../../../Engine/Content/Internationalization/icudt64l/lang/pt_PT.res" 1696
"../../../Engine/Content/Internationalization/icudt64l/region/pt_AO.res" 1697
"../../../Engine/Content/Internationalization/icudt64l/region/pt_PT.res" 1698
"../../../Engine/Content/Internationalization/icudt64l/region/pt.res" 1699
"../../../Engine/Content/Internationalization/icudt64l/lang/pt_CH.res" 1700
"../../../Engine/Content/Internationalization/icudt64l/region/pt_CH.res" 1701
"../../../Engine/Content/Internationalization/icudt64l/lang/pt_CV.res" 1702
"../../../Engine/Content/Internationalization/icudt64l/region/pt_CV.res" 1703
"../../../Engine/Content/Internationalization/icudt64l/lang/pt_GQ.res" 1704
"../../../Engine/Content/Internationalization/icudt64l/region/pt_GQ.res" 1705
"../../../Engine/Content/Internationalization/icudt64l/lang/pt_GW.res" 1706
"../../../Engine/Content/Internationalization/icudt64l/region/pt_GW.res" 1707
"../../../Engine/Content/Internationalization/icudt64l/lang/pt_LU.res" 1708
"../../../Engine/Content/Internationalization/icudt64l/region/pt_LU.res" 1709
"../../../Engine/Content/Internationalization/icudt64l/lang/pt_MO.res" 1710
"../../../Engine/Content/Internationalization/icudt64l/region/pt_MO.res" 1711
"../../../Engine/Content/Internationalization/icudt64l/lang/pt_MZ.res" 1712
"../../../Engine/Content/Internationalization/icudt64l/region/pt_MZ.res" 1713
"../../../Engine/Content/Internationalization/icudt64l/lang/pt_ST.res" 1714
"../../../Engine/Content/Internationalization/icudt64l/region/pt_ST.res" 1715
"../../../Engine/Content/Internationalization/icudt64l/lang/pt_TL.res" 1716
"../../../Engine/Content/Internationalization/icudt64l/region/pt_TL.res" 1717
"../../../Engine/Content/Internationalization/icudt64l/lang/qu.res" 1718
"../../../Engine/Content/Internationalization/icudt64l/region/qu.res" 1719
"../../../Engine/Content/Internationalization/icudt64l/lang/rm.res" 1720
"../../../Engine/Content/Internationalization/icudt64l/region/rm.res" 1721
"../../../Engine/Content/Internationalization/icudt64l/lang/rn.res" 1722
"../../../Engine/Content/Internationalization/icudt64l/region/rn.res" 1723
"../../../Engine/Content/Internationalization/icudt64l/lang/ro.res" 1724
"../../../Engine/Content/Internationalization/icudt64l/lang/ro_MD.res" 1725
"../../../Engine/Content/Internationalization/icudt64l/region/ro_MD.res" 1726
"../../../Engine/Content/Internationalization/icudt64l/region/ro.res" 1727
"../../../Engine/Content/Internationalization/icudt64l/lang/rof.res" 1728
"../../../Engine/Content/Internationalization/icudt64l/region/rof.res" 1729
"../../../Engine/Content/Internationalization/icudt64l/lang/ru.res" 1730
"../../../Engine/Content/Internationalization/icudt64l/region/ru.res" 1731
"../../../Engine/Content/Internationalization/icudt64l/region/ru_UA.res" 1732
"../../../Engine/Content/Internationalization/icudt64l/lang/rw.res" 1733
"../../../Engine/Content/Internationalization/icudt64l/region/rw.res" 1734
"../../../Engine/Content/Internationalization/icudt64l/lang/rwk.res" 1735
"../../../Engine/Content/Internationalization/icudt64l/region/rwk.res" 1736
"../../../Engine/Content/Internationalization/icudt64l/lang/sah.res" 1737
"../../../Engine/Content/Internationalization/icudt64l/region/sah.res" 1738
"../../../Engine/Content/Internationalization/icudt64l/lang/saq.res" 1739
"../../../Engine/Content/Internationalization/icudt64l/region/saq.res" 1740
"../../../Engine/Content/Internationalization/icudt64l/lang/sbp.res" 1741
"../../../Engine/Content/Internationalization/icudt64l/region/sbp.res" 1742
"../../../Engine/Content/Internationalization/icudt64l/lang/sd.res" 1743
"../../../Engine/Content/Internationalization/icudt64l/region/sd.res" 1744
"../../../Engine/Content/Internationalization/icudt64l/lang/se.res" 1745
"../../../Engine/Content/Internationalization/icudt64l/lang/se_FI.res" 1746
"../../../Engine/Content/Internationalization/icudt64l/region/se_FI.res" 1747
"../../../Engine/Content/Internationalization/icudt64l/region/se.res" 1748
"../../../Engine/Content/Internationalization/icudt64l/lang/seh.res" 1749
"../../../Engine/Content/Internationalization/icudt64l/region/seh.res" 1750
"../../../Engine/Content/Internationalization/icudt64l/lang/ses.res" 1751
"../../../Engine/Content/Internationalization/icudt64l/region/ses.res" 1752
"../../../Engine/Content/Internationalization/icudt64l/lang/sg.res" 1753
"../../../Engine/Content/Internationalization/icudt64l/region/sg.res" 1754
"../../../Engine/Content/Internationalization/icudt64l/lang/shi.res" 1755
"../../../Engine/Content/Internationalization/icudt64l/lang/shi_Latn.res" 1756
"../../../Engine/Content/Internationalization/icudt64l/lang/shi_MA.res" 1757
"../../../Engine/Content/Internationalization/icudt64l/lang/shi_Tfng_MA.res" 1758
"../../../Engine/Content/Internationalization/icudt64l/lang/shi_Tfng.res" 1759
"../../../Engine/Content/Internationalization/icudt64l/region/shi_MA.res" 1760
"../../../Engine/Content/Internationalization/icudt64l/region/shi_Tfng_MA.res" 1761
"../../../Engine/Content/Internationalization/icudt64l/region/shi_Tfng.res" 1762
"../../../Engine/Content/Internationalization/icudt64l/region/shi.res" 1763
"../../../Engine/Content/Internationalization/icudt64l/region/shi_Latn.res" 1764
"../../../Engine/Content/Internationalization/icudt64l/lang/si.res" 1765
"../../../Engine/Content/Internationalization/icudt64l/region/si.res" 1766
"../../../Engine/Content/Internationalization/icudt64l/lang/sk.res" 1767
"../../../Engine/Content/Internationalization/icudt64l/region/sk.res" 1768
"../../../Engine/Content/Internationalization/icudt64l/lang/sl.res" 1769
"../../../Engine/Content/Internationalization/icudt64l/region/sl.res" 1770
"../../../Engine/Content/Internationalization/icudt64l/lang/smn.res" 1771
"../../../Engine/Content/Internationalization/icudt64l/region/smn.res" 1772
"../../../Engine/Content/Internationalization/icudt64l/lang/sn.res" 1773
"../../../Engine/Content/Internationalization/icudt64l/region/sn.res" 1774
"../../../Engine/Content/Internationalization/icudt64l/lang/so.res" 1775
"../../../Engine/Content/Internationalization/icudt64l/region/so.res" 1776
"../../../Engine/Content/Internationalization/icudt64l/lang/sq.res" 1777
"../../../Engine/Content/Internationalization/icudt64l/region/sq.res" 1778
"../../../Engine/Content/Internationalization/icudt64l/lang/sr.res" 1779
"../../../Engine/Content/Internationalization/icudt64l/lang/sr_Cyrl.res" 1780
"../../../Engine/Content/Internationalization/icudt64l/lang/sr_BA.res" 1781
"../../../Engine/Content/Internationalization/icudt64l/lang/sr_Cyrl_BA.res" 1782
"../../../Engine/Content/Internationalization/icudt64l/region/sr_BA.res" 1783
"../../../Engine/Content/Internationalization/icudt64l/region/sr_Cyrl_BA.res" 1784
"../../../Engine/Content/Internationalization/icudt64l/region/sr_Cyrl.res" 1785
"../../../Engine/Content/Internationalization/icudt64l/region/sr.res" 1786
"../../../Engine/Content/Internationalization/icudt64l/lang/sr_ME.res" 1787
"../../../Engine/Content/Internationalization/icudt64l/lang/sr_Latn_ME.res" 1788
"../../../Engine/Content/Internationalization/icudt64l/lang/sr_Latn.res" 1789
"../../../Engine/Content/Internationalization/icudt64l/region/sr_ME.res" 1790
"../../../Engine/Content/Internationalization/icudt64l/region/sr_Latn_ME.res" 1791
"../../../Engine/Content/Internationalization/icudt64l/region/sr_Latn.res" 1792
"../../../Engine/Content/Internationalization/icudt64l/lang/sr_Cyrl_ME.res" 1793
"../../../Engine/Content/Internationalization/icudt64l/region/sr_Cyrl_ME.res" 1794
"../../../Engine/Content/Internationalization/icudt64l/lang/sr_RS.res" 1795
"../../../Engine/Content/Internationalization/icudt64l/lang/sr_Cyrl_RS.res" 1796
"../../../Engine/Content/Internationalization/icudt64l/region/sr_RS.res" 1797
"../../../Engine/Content/Internationalization/icudt64l/region/sr_Cyrl_RS.res" 1798
"../../../Engine/Content/Internationalization/icudt64l/lang/sr_XK.res" 1799
"../../../Engine/Content/Internationalization/icudt64l/lang/sr_Cyrl_XK.res" 1800
"../../../Engine/Content/Internationalization/icudt64l/region/sr_XK.res" 1801
"../../../Engine/Content/Internationalization/icudt64l/region/sr_Cyrl_XK.res" 1802
"../../../Engine/Content/Internationalization/icudt64l/lang/sr_Latn_BA.res" 1803
"../../../Engine/Content/Internationalization/icudt64l/region/sr_Latn_BA.res" 1804
"../../../Engine/Content/Internationalization/icudt64l/lang/sr_Latn_RS.res" 1805
"../../../Engine/Content/Internationalization/icudt64l/region/sr_Latn_RS.res" 1806
"../../../Engine/Content/Internationalization/icudt64l/lang/sr_Latn_XK.res" 1807
"../../../Engine/Content/Internationalization/icudt64l/region/sr_Latn_XK.res" 1808
"../../../Engine/Content/Internationalization/icudt64l/lang/sv.res" 1809
"../../../Engine/Content/Internationalization/icudt64l/region/sv.res" 1810
"../../../Engine/Content/Internationalization/icudt64l/lang/sv_FI.res" 1811
"../../../Engine/Content/Internationalization/icudt64l/lang/sw.res" 1812
"../../../Engine/Content/Internationalization/icudt64l/lang/sw_CD.res" 1813
"../../../Engine/Content/Internationalization/icudt64l/region/sw_CD.res" 1814
"../../../Engine/Content/Internationalization/icudt64l/region/sw.res" 1815
"../../../Engine/Content/Internationalization/icudt64l/lang/sw_KE.res" 1816
"../../../Engine/Content/Internationalization/icudt64l/region/sw_KE.res" 1817
"../../../Engine/Content/Internationalization/icudt64l/lang/ta.res" 1818
"../../../Engine/Content/Internationalization/icudt64l/region/ta.res" 1819
"../../../Engine/Content/Internationalization/icudt64l/lang/te.res" 1820
"../../../Engine/Content/Internationalization/icudt64l/region/te.res" 1821
"../../../Engine/Content/Internationalization/icudt64l/lang/teo.res" 1822
"../../../Engine/Content/Internationalization/icudt64l/region/teo.res" 1823
"../../../Engine/Content/Internationalization/icudt64l/lang/tg.res" 1824
"../../../Engine/Content/Internationalization/icudt64l/region/tg.res" 1825
"../../../Engine/Content/Internationalization/icudt64l/lang/th.res" 1826
"../../../Engine/Content/Internationalization/icudt64l/lang/th_TH.res" 1827
"../../../Engine/Content/Internationalization/icudt64l/region/th_TH.res" 1828
"../../../Engine/Content/Internationalization/icudt64l/region/th.res" 1829
"../../../Engine/Content/Internationalization/icudt64l/lang/ti.res" 1830
"../../../Engine/Content/Internationalization/icudt64l/region/ti.res" 1831
"../../../Engine/Content/Internationalization/icudt64l/lang/tk.res" 1832
"../../../Engine/Content/Internationalization/icudt64l/region/tk.res" 1833
"../../../Engine/Content/Internationalization/icudt64l/lang/to.res" 1834
"../../../Engine/Content/Internationalization/icudt64l/region/to.res" 1835
"../../../Engine/Content/Internationalization/icudt64l/lang/tr.res" 1836
"../../../Engine/Content/Internationalization/icudt64l/region/tr.res" 1837
"../../../Engine/Content/Internationalization/icudt64l/lang/tt.res" 1838
"../../../Engine/Content/Internationalization/icudt64l/region/tt.res" 1839
"../../../Engine/Content/Internationalization/icudt64l/lang/twq.res" 1840
"../../../Engine/Content/Internationalization/icudt64l/region/twq.res" 1841
"../../../Engine/Content/Internationalization/icudt64l/lang/tzm.res" 1842
"../../../Engine/Content/Internationalization/icudt64l/region/tzm.res" 1843
"../../../Engine/Content/Internationalization/icudt64l/lang/ug.res" 1844
"../../../Engine/Content/Internationalization/icudt64l/region/ug.res" 1845
"../../../Engine/Content/Internationalization/icudt64l/lang/uk.res" 1846
"../../../Engine/Content/Internationalization/icudt64l/region/uk.res" 1847
"../../../Engine/Content/Internationalization/icudt64l/lang/ur.res" 1848
"../../../Engine/Content/Internationalization/icudt64l/lang/ur_IN.res" 1849
"../../../Engine/Content/Internationalization/icudt64l/region/ur_IN.res" 1850
"../../../Engine/Content/Internationalization/icudt64l/region/ur.res" 1851
"../../../Engine/Content/Internationalization/icudt64l/lang/uz.res" 1852
"../../../Engine/Content/Internationalization/icudt64l/lang/uz_Arab.res" 1853
"../../../Engine/Content/Internationalization/icudt64l/lang/uz_AF.res" 1854
"../../../Engine/Content/Internationalization/icudt64l/lang/uz_Arab_AF.res" 1855
"../../../Engine/Content/Internationalization/icudt64l/region/uz_AF.res" 1856
"../../../Engine/Content/Internationalization/icudt64l/region/uz_Arab_AF.res" 1857
"../../../Engine/Content/Internationalization/icudt64l/region/uz_Arab.res" 1858
"../../../Engine/Content/Internationalization/icudt64l/lang/uz_Cyrl.res" 1859
"../../../Engine/Content/Internationalization/icudt64l/lang/uz_UZ.res" 1860
"../../../Engine/Content/Internationalization/icudt64l/lang/uz_Latn_UZ.res" 1861
"../../../Engine/Content/Internationalization/icudt64l/lang/uz_Latn.res" 1862
"../../../Engine/Content/Internationalization/icudt64l/region/uz_UZ.res" 1863
"../../../Engine/Content/Internationalization/icudt64l/region/uz_Latn_UZ.res" 1864
"../../../Engine/Content/Internationalization/icudt64l/region/uz_Latn.res" 1865
"../../../Engine/Content/Internationalization/icudt64l/region/uz.res" 1866
"../../../Engine/Content/Internationalization/icudt64l/region/uz_Cyrl.res" 1867
"../../../Engine/Content/Internationalization/icudt64l/lang/vai.res" 1868
"../../../Engine/Content/Internationalization/icudt64l/lang/vai_Latn.res" 1869
"../../../Engine/Content/Internationalization/icudt64l/lang/vai_LR.res" 1870
"../../../Engine/Content/Internationalization/icudt64l/lang/vai_Vaii_LR.res" 1871
"../../../Engine/Content/Internationalization/icudt64l/lang/vai_Vaii.res" 1872
"../../../Engine/Content/Internationalization/icudt64l/region/vai_LR.res" 1873
"../../../Engine/Content/Internationalization/icudt64l/region/vai_Vaii_LR.res" 1874
"../../../Engine/Content/Internationalization/icudt64l/region/vai_Vaii.res" 1875
"../../../Engine/Content/Internationalization/icudt64l/region/vai.res" 1876
"../../../Engine/Content/Internationalization/icudt64l/region/vai_Latn.res" 1877
"../../../Engine/Content/Internationalization/icudt64l/lang/vi.res" 1878
"../../../Engine/Content/Internationalization/icudt64l/region/vi.res" 1879
"../../../Engine/Content/Internationalization/icudt64l/lang/vun.res" 1880
"../../../Engine/Content/Internationalization/icudt64l/region/vun.res" 1881
"../../../Engine/Content/Internationalization/icudt64l/lang/wae.res" 1882
"../../../Engine/Content/Internationalization/icudt64l/region/wae.res" 1883
"../../../Engine/Content/Internationalization/icudt64l/lang/wo.res" 1884
"../../../Engine/Content/Internationalization/icudt64l/region/wo.res" 1885
"../../../Engine/Content/Internationalization/icudt64l/lang/xh.res" 1886
"../../../Engine/Content/Internationalization/icudt64l/region/xh.res" 1887
"../../../Engine/Content/Internationalization/icudt64l/lang/xog.res" 1888
"../../../Engine/Content/Internationalization/icudt64l/region/xog.res" 1889
"../../../Engine/Content/Internationalization/icudt64l/lang/yav.res" 1890
"../../../Engine/Content/Internationalization/icudt64l/region/yav.res" 1891
"../../../Engine/Content/Internationalization/icudt64l/lang/yi.res" 1892
"../../../Engine/Content/Internationalization/icudt64l/region/yi.res" 1893
"../../../Engine/Content/Internationalization/icudt64l/lang/yo.res" 1894
"../../../Engine/Content/Internationalization/icudt64l/lang/yo_BJ.res" 1895
"../../../Engine/Content/Internationalization/icudt64l/region/yo_BJ.res" 1896
"../../../Engine/Content/Internationalization/icudt64l/region/yo.res" 1897
"../../../Engine/Content/Internationalization/icudt64l/lang/yue.res" 1898
"../../../Engine/Content/Internationalization/icudt64l/lang/yue_Hans.res" 1899
"../../../Engine/Content/Internationalization/icudt64l/lang/yue_CN.res" 1900
"../../../Engine/Content/Internationalization/icudt64l/lang/yue_Hans_CN.res" 1901
"../../../Engine/Content/Internationalization/icudt64l/region/yue_CN.res" 1902
"../../../Engine/Content/Internationalization/icudt64l/region/yue_Hans_CN.res" 1903
"../../../Engine/Content/Internationalization/icudt64l/region/yue_Hans.res" 1904
"../../../Engine/Content/Internationalization/icudt64l/lang/yue_Hant.res" 1905
"../../../Engine/Content/Internationalization/icudt64l/lang/yue_HK.res" 1906
"../../../Engine/Content/Internationalization/icudt64l/lang/yue_Hant_HK.res" 1907
"../../../Engine/Content/Internationalization/icudt64l/region/yue_HK.res" 1908
"../../../Engine/Content/Internationalization/icudt64l/region/yue_Hant_HK.res" 1909
"../../../Engine/Content/Internationalization/icudt64l/region/yue_Hant.res" 1910
"../../../Engine/Content/Internationalization/icudt64l/region/yue.res" 1911
"../../../Engine/Content/Internationalization/icudt64l/lang/zgh.res" 1912
"../../../Engine/Content/Internationalization/icudt64l/region/zgh.res" 1913
"../../../Engine/Content/Internationalization/icudt64l/lang/zh.res" 1914
"../../../Engine/Content/Internationalization/icudt64l/lang/zh_Hans.res" 1915
"../../../Engine/Content/Internationalization/icudt64l/lang/zh_CN.res" 1916
"../../../Engine/Content/Internationalization/icudt64l/lang/zh_Hans_CN.res" 1917
"../../../Engine/Content/Internationalization/icudt64l/region/zh_CN.res" 1918
"../../../Engine/Content/Internationalization/icudt64l/region/zh_Hans_CN.res" 1919
"../../../Engine/Content/Internationalization/icudt64l/region/zh_Hans.res" 1920
"../../../Engine/Content/Internationalization/icudt64l/region/zh.res" 1921
"../../../Engine/Content/Internationalization/icudt64l/lang/zh_HK.res" 1922
"../../../Engine/Content/Internationalization/icudt64l/lang/zh_Hant_HK.res" 1923
"../../../Engine/Content/Internationalization/icudt64l/lang/zh_Hant.res" 1924
"../../../Engine/Content/Internationalization/icudt64l/region/zh_HK.res" 1925
"../../../Engine/Content/Internationalization/icudt64l/region/zh_Hant_HK.res" 1926
"../../../Engine/Content/Internationalization/icudt64l/region/zh_Hant.res" 1927
"../../../Engine/Content/Internationalization/icudt64l/lang/zh_MO.res" 1928
"../../../Engine/Content/Internationalization/icudt64l/lang/zh_Hant_MO.res" 1929
"../../../Engine/Content/Internationalization/icudt64l/region/zh_MO.res" 1930
"../../../Engine/Content/Internationalization/icudt64l/region/zh_Hant_MO.res" 1931
"../../../Engine/Content/Internationalization/icudt64l/lang/zh_SG.res" 1932
"../../../Engine/Content/Internationalization/icudt64l/lang/zh_Hans_SG.res" 1933
"../../../Engine/Content/Internationalization/icudt64l/region/zh_SG.res" 1934
"../../../Engine/Content/Internationalization/icudt64l/region/zh_Hans_SG.res" 1935
"../../../Engine/Content/Internationalization/icudt64l/lang/zh_TW.res" 1936
"../../../Engine/Content/Internationalization/icudt64l/lang/zh_Hant_TW.res" 1937
"../../../Engine/Content/Internationalization/icudt64l/region/zh_TW.res" 1938
"../../../Engine/Content/Internationalization/icudt64l/region/zh_Hant_TW.res" 1939
"../../../Engine/Content/Internationalization/icudt64l/lang/zu.res" 1940
"../../../Engine/Content/Internationalization/icudt64l/region/zu.res" 1941
"../../../Engine/Content/Internationalization/icudt64l/lang/no.res" 1942
"../../../Engine/Content/Internationalization/icudt64l/lang/tl.res" 1943
"../../../Engine/Config/Android/DataDrivenPlatformInfo.ini" 1944
"../../../Engine/Config/IOS/DataDrivenPlatformInfo.ini" 1945
"../../../Engine/Config/Linux/DataDrivenPlatformInfo.ini" 1946
"../../../Engine/Config/Mac/DataDrivenPlatformInfo.ini" 1947
"../../../Engine/Config/TVOS/DataDrivenPlatformInfo.ini" 1948
"../../../Engine/Config/Unix/DataDrivenPlatformInfo.ini" 1949
"../../../Engine/Config/VulkanPC/DataDrivenPlatformInfo.ini" 1950
"../../../Engine/Config/Windows/DataDrivenPlatformInfo.ini" 1951
"../../../Engine/Platforms/VisionOS/Config/DataDrivenPlatformInfo.ini" 1952
"../../../Engine/Content/Renderer/TessellationTable.bin" 1953
"../../../Engine/DerivedDataCache/Compressed.ddp" 1954
"C:/Users/nicol/AppData/Local/UnrealEngine/5.6/Saved/Zen/zen.version" 1955
"C:/Users/nicol/AppData/Local/UnrealEngine/Common/Zen/Install/zen.version" 1956
"C:/Users/nicol/AppData/Local/UnrealEngine/Common/Zen/Install/zenserver.runcontext" 1957
"C:/Users/nicol/AppData/Local/UnrealEngine/Common/DerivedDataCache/TestData/0/TestData_4kb.dat" 1958
"C:/Users/nicol/AppData/Local/UnrealEngine/Common/DerivedDataCache/TestData/1/TestData_4kb.dat" 1959
"C:/Users/nicol/AppData/Local/UnrealEngine/Common/DerivedDataCache/TestData/0/TestData_8kb.dat" 1960
"C:/Users/nicol/AppData/Local/UnrealEngine/Common/DerivedDataCache/TestData/1/TestData_8kb.dat" 1961
"C:/Users/nicol/AppData/Local/UnrealEngine/Common/DerivedDataCache/TestData/0/TestData_16kb.dat" 1962
"C:/Users/nicol/AppData/Local/UnrealEngine/Common/DerivedDataCache/TestData/1/TestData_16kb.dat" 1963
"C:/Users/nicol/AppData/Local/UnrealEngine/Common/DerivedDataCache/TestData/0/TestData_64kb.dat" 1964
"C:/Users/nicol/AppData/Local/UnrealEngine/Common/DerivedDataCache/TestData/1/TestData_64kb.dat" 1965
"C:/Users/nicol/AppData/Local/UnrealEngine/Common/DerivedDataCache/TestData/0/TestData_128kb.dat" 1966
"C:/Users/nicol/AppData/Local/UnrealEngine/Common/DerivedDataCache/TestData/1/TestData_128kb.dat" 1967
"C:/Users/nicol/AppData/Local/UnrealEngine/Common/DerivedDataCache/TestData/0/TestData_256kb.dat" 1968
"C:/Users/nicol/AppData/Local/UnrealEngine/Common/DerivedDataCache/TestData/1/TestData_256kb.dat" 1969
"C:/Users/nicol/AppData/Roaming/Unreal Engine/UnrealBuildTool/BuildConfiguration.xml" 1970
"../../../../TirocinioBadViceGames/Tirocinio_Giuseppe/Intermediate/ShaderAutogen/PCD3D_SM6/AutogenShaderHeaders.ush" 1971
"../../../Engine/Shaders/Private/HairStrands/HairStrandsVertexFactory.ush" 1972
"../../../Engine/Shaders/Private/VertexFactoryCommon.ush" 1973
"../../../Engine/Shaders/Private/Common.ush" 1974
"../../../Engine/Shaders/Public/Platform.ush" 1975
"../../../Engine/Shaders/Public/FP16Math.ush" 1976
"../../../Engine/Shaders/Public/Platform/D3D/D3DCommon.ush" 1977
"../../../Engine/Shaders/Shared/HLSLReservedSpaces.h" 1978
"../../../Engine/Shaders/Public/BindlessResources.ush" 1979
"../../../Engine/Shaders/Public/Platform/D3D/PlatformBindlessResources.ush" 1980
"../../../Engine/Shaders/Shared/RayTracingBuiltInResources.h" 1981
"../../../Engine/Shaders/Shared/RayTracingDefinitions.h" 1982
"../../../Engine/Shaders/Public/OverloadMacros.ush" 1983
"../../../Engine/Shaders/Public/ShaderVersion.ush" 1984
"../../../Engine/Shaders/Shared/ThirdParty/NVIDIA/nvHLSLExtns.h" 1985
"../../../Engine/Shaders/Shared/ThirdParty/NVIDIA/nvHLSLExtnsInternal.h" 1986
"../../../Engine/Shaders/Shared/ThirdParty/NVIDIA/nvShaderExtnEnums.h" 1987
"../../../Engine/Shaders/Private/PackUnpack.ush" 1988
"../../../Engine/Shaders/Private/GeneratedUniformBufferTypes.ush" 1989
"../../../Engine/Shaders/Private/Nanite/NanitePackedNaniteView.ush" 1990
"../../../Engine/Shaders/Private/HairStrands/HairStrandsVisibilityCommonStruct.ush" 1991
"../../../Engine/Shaders/Private/HairStrands/HairStrandsVoxelPageCommonStruct.ush" 1992
"../../../Engine/Shaders/Private/HairStrands/HairStrandsDeepShadowCommonStruct.ush" 1993
"../../../Engine/Shaders/Shared/LightSceneData.h" 1994
"../../../Engine/Shaders/Shared/HLSLTypeAliases.h" 1995
"../../../Engine/Shaders/Private/LargeWorldCoordinates.ush" 1996
"../../../Engine/Shaders/Private/DoubleFloat.ush" 1997
"../../../Engine/Shaders/Private/RandomPCG.ush" 1998
"../../../Engine/Shaders/Private/DoubleFloatOperations.ush" 1999
"../../../Engine/Shaders/Private/DoubleFloatVectorDefinition.ush" 2000
"../../../Engine/Shaders/Private/LWCOperations.ush" 2001
"../../../Engine/Shaders/Shared/LightViewData.h" 2002
"../../../Engine/Shaders/Shared/RayTracingTypes.h" 2003
"../../../Engine/Shaders/Shared/HLSLStaticAssert.h" 2004
"../../../Engine/Shaders/Private/CommonViewUniformBuffer.ush" 2005
"../../../Engine/Shaders/Private/InstancedStereo.ush" 2006
"../../../Engine/Shaders/Private/Definitions.usf" 2007
"../../../Engine/Shaders/Private/AssertionMacros.ush" 2008
"../../../Engine/Shaders/Private/FastMath.ush" 2009
"../../../Engine/Shaders/Private/FastMathThirdParty.ush" 2010
"../../../Engine/Shaders/Private/Random.ush" 2011
"../../../Engine/Shaders/Private/RandomInterleavedGradientNoise.ush" 2012
"../../../Engine/Shaders/Private/SceneData.ush" 2013
"../../../Engine/Shaders/Private/OctahedralCommon.ush" 2014
"../../../Engine/Shaders/Private/WaveOpUtil.ush" 2015
"../../../Engine/Shaders/Private/ByteBuffer.ush" 2016
"../../../Engine/Shaders/Shared/SceneDefinitions.h" 2017
"../../../Engine/Shaders/Private/SceneDataMobileLoader.ush" 2018
"../../../Engine/Shaders/Private/LocalVertexFactoryCommon.ush" 2019
"../../../Engine/Shaders/Private/HairStrands/HairStrandsVisibilityCommon.ush" 2020
"../../../Engine/Shaders/Shared/HairStrandsDefinitions.h" 2021
"../../../Engine/Shaders/Private/HairStrands/HairStrandsVertexFactoryCommon.ush" 2022
"../../../Engine/Shaders/Private/HairStrands/HairStrandsPack.ush" 2023
"../../../Engine/Shaders/Private/HairStrands/HairStrandsAttributeCommon.ush" 2024
"../../../Engine/Shaders/Private/HairStrands/HairStrandsAttributeTemplate.ush" 2025
"../../../Engine/Shaders/Private/VertexFactoryDefaultInterface.ush" 2026
"../../../Engine/Shaders/Private/HairStrands/HairCardsVertexFactory.ush" 2027
"../../../Engine/Shaders/Private/HairStrands/HairCardsAttributeCommon.ush" 2028
"../../../Engine/Shaders/Private/RayTracing/RayTracingCommon.ush" 2029
"../../../Engine/Shaders/Private/ShadingCommon.ush" 2030
"../../../Engine/Shaders/Shared/RayTracingPayloadType.h" 2031
"../../../Engine/Shaders/Private/RayTracing/RayTracingRayCone.ush" 2032
"../../../Engine/Shaders/Private/Substrate/Substrate.ush" 2033
"../../../Engine/Shaders/Private/ShadingEnergyConservation.ush" 2034
"../../../Engine/Shaders/Private/ShadingEnergyConservationTemplate.ush" 2035
"../../../Engine/Shaders/Private/BRDF.ush" 2036
"../../../Engine/Shaders/Private/ColorSpace.ush" 2037
"../../../Engine/Shaders/Private/DeferredShadingCommon.ush" 2038
"../../../Engine/Shaders/Private/LightAccumulator.ush" 2039
"../../../Engine/Shaders/Private/SceneTexturesCommon.ush" 2040
"../../../Engine/Shaders/Private/MonteCarlo.ush" 2041
"../../../Engine/Shaders/Private/GBufferHelpers.ush" 2042
"../../../Engine/Shaders/Private/SceneTextureParameters.ush" 2043
"D:/TirocinioBadViceGames/Tirocinio_Giuseppe/Intermediate/ShaderAutogen/PCD3D_SM6/AutogenShaderHeaders.ush" 2044
"../../../Engine/Shaders/Private/ParticipatingMediaCommon.ush" 2045
"../../../Engine/Shaders/Private/ThinFilmBSDF.ush" 2046
"../../../Engine/Shaders/Private/MortonCode.ush" 2047
"../../../Engine/Shaders/Private/SubsurfaceProfileCommon.ush" 2048
"../../../Engine/Shaders/Private/BurleyNormalizedSSSCommon.ush" 2049
"../../../Engine/Shaders/Private/GammaCorrectionCommon.ush" 2050
"../../../Engine/Shaders/Shared/SubstrateDefinitions.h" 2051
"../../../Engine/Shaders/Private/Substrate/SubstrateStatisticalOperators.ush" 2052
"../../../Engine/Shaders/Private/Substrate/SubstrateSubsurface.ush" 2053
"../../../Engine/Shaders/Private/TransmissionCommon.ush" 2054
"../../../Engine/Shaders/Private/Substrate/SubstrateExportCommon.ush" 2055
"../../../Engine/Shaders/Private/SpecularProfileCommon.ush" 2056
"../../../Engine/Shaders/Private/RayTracing/RayTracingCommonMetal.ush" 2057
"../../../Engine/Shaders/Private/PositionReconstructionCommon.ush" 2058
"../../../Engine/Shaders/Private/RayTracing/TraceRayInline.ush" 2059
"../../../Engine/Shaders/Private/RayTracing/TraceRayInlineCommon.ush" 2060
"../../../Engine/Shaders/Private/RayTracing/TraceRayInlineVulkan.ush" 2061
"../../../Engine/Shaders/Private/RayTracing/TraceRayInlineMetal.ush" 2062
"../../../Engine/Shaders/Private/RayTracing/TraceRayInlineD3D12.ush" 2063
"../../../Engine/Shaders/Private/RayTracing/RayTracingHitGroupCommon.ush" 2064
"../../../Engine/Shaders/Private/Nanite/NaniteRayTrace.ush" 2065
"../../../Engine/Shaders/Private/Nanite/NaniteDataDecode.ush" 2066
"../../../Engine/Shaders/Private/BitPacking.ush" 2067
"../../../Engine/Shaders/Private/BitStreamReaderImplementation.ush" 2068
"../../../Engine/Shaders/Private/BoneTransform.ush" 2069
"../../../Engine/Shaders/Private/Quaternion.ush" 2070
"../../../Engine/Shaders/Shared/NaniteDefinitions.h" 2071
"../../../Engine/Shaders/Shared/SkinningDefinitions.h" 2072
"../../../Engine/Shaders/Private/Nanite/NaniteAttributeDecode.ush" 2073
"../../../Engine/Shaders/Private/Barycentrics.ush" 2074
"../../../Engine/Shaders/Private/DualNumber.ush" 2075
"../../../Engine/Shaders/Shared/ThirdParty/RayTriangleIntersection.h" 2076
"../../../Engine/Shaders/Private/Nanite/NaniteVertexFetch.ush" 2077
"../../../Engine/Shaders/Private/Nanite/NaniteSceneCommon.ush" 2078
"../../../Engine/Plugins/FX/Niagara/Shaders/Private/NiagaraSpriteVertexFactory.ush" 2079
"../../../Engine/Shaders/Private/ParticleVertexFactoryCommon.ush" 2080
"../../../Engine/Plugins/FX/Niagara/Shaders/Private/NiagaraVFCommon.usf" 2081
"../../../Engine/Plugins/FX/Niagara/Shaders/Private/NiagaraVFParticleAccess.usf" 2082
"../../../Engine/Plugins/FX/Niagara/Shaders/Private/NiagaraParticleAccess.ush" 2083
"../../../Engine/Plugins/FX/Niagara/Shaders/Private/NiagaraRibbonVertexFactory.ush" 2084
"../../../Engine/Plugins/FX/Niagara/Shaders/Private/NiagaraMeshVertexFactory.ush" 2085
"../../../Engine/Plugins/FX/Niagara/Shaders/Private/NiagaraCommon.ush" 2086
"../../../Engine/Plugins/FX/Niagara/Shaders/Private/NiagaraMeshParticleUtils.ush" 2087
"../../../Engine/Shaders/Private/VectorFieldVisualizationVertexFactory.ush" 2088
"../../../Engine/Shaders/Private/Nanite/NaniteVertexFactory.ush" 2089
"../../../Engine/Shaders/Private/LightmapData.ush" 2090
"../../../Engine/Shaders/Private/SplineMeshCommon.ush" 2091
"../../../Engine/Shaders/Shared/SplineMeshShaderParams.h" 2092
"../../../Engine/Shaders/Private/ShaderPrint.ush" 2093
"../../../Engine/Shaders/Private/ShaderPrintCommon.ush" 2094
"../../../Engine/Shaders/Private/MiniFontCommon.ush" 2095
"../../../Engine/Shaders/Private/MaterialCache/MaterialCacheCommon.ush" 2096
"../../../Engine/Shaders/Shared/MaterialCacheDefinitions.h" 2097
"../../../Engine/Shaders/Private/Nanite/NaniteVertexDeformation.ush" 2098
"../../../Engine/Shaders/Private/ViewData.ush" 2099
"../../../Engine/Shaders/Shared/ViewDefinitions.h" 2100
"../../../Engine/Shaders/Private/Matrices.ush" 2101
"../../../Engine/Shaders/Private/ParticleSpriteVertexFactory.ush" 2102
"../../../Engine/Shaders/Private/ParticleGPUSpriteVertexFactory.ush" 2103
"../../../Engine/Shaders/Private/ParticleSimulationCommon.ush" 2104
"../../../Engine/Shaders/Private/ParticleBeamTrailVertexFactory.ush" 2105
"../../../Engine/Shaders/Private/MeshParticleVertexFactory.ush" 2106
"../../../Engine/Shaders/Private/LocalVertexFactory.ush" 2107
"../../../Engine/Shaders/Private/GpuSkinCommon.ush" 2108
"../../../Engine/Shaders/Private/GpuSkinVertexFactory.ush" 2109
"../../../Engine/Shaders/Private/GeometryCollectionVertexFactory.ush" 2110
"../../../Engine/Shaders/Private/GeometryCacheVertexFactory.ush" 2111
"../../../Engine/Shaders/Private/LandscapeVertexFactory.ush" 2112
"../../../Engine/Plugins/Experimental/Compositing/CompositeCore/Shaders/Private/CompositeCoreMerge.usf" 2113
"../../../Engine/Shaders/Private/ScreenPass.ush" 2114
"../../../Engine/Shaders/Private/LensDistortion.ush" 2115
"../../../Engine/Plugins/Experimental/Compositing/CompositeCore/Shaders/Private/CompositeCoreDisplayTransform.usf" 2116
"../../../Engine/Plugins/Experimental/Compositing/CompositeCore/Shaders/Private/CompositeCoreDilate.usf" 2117
"../../../Engine/Plugins/VirtualProduction/CameraCalibrationCore/Shaders/Private/CrosshairOverlay.usf" 2118
"../../../Engine/Plugins/VirtualProduction/CameraCalibrationCore/Shaders/Private/DisplacementMapBlending.usf" 2119
"../../../Engine/Plugins/VirtualProduction/CameraCalibrationCore/Shaders/Private/RecenterSTDisplacementMaps.usf" 2120
"../../../Engine/Plugins/VirtualProduction/CameraCalibrationCore/Shaders/Private/FillSTDisplacementMap.usf" 2121
"../../../Engine/Plugins/VirtualProduction/CameraCalibrationCore/Shaders/Private/InvertDisplacementMap.usf" 2122
"../../../Engine/Plugins/VirtualProduction/CameraCalibrationCore/Shaders/Private/CropDisplacementMap.usf" 2123
"../../../Engine/Plugins/VirtualProduction/CameraCalibrationCore/Shaders/Private/BlendDisplacementMaps.usf" 2124
"../../../Engine/Plugins/VirtualProduction/CameraCalibrationCore/Shaders/Private/DrawDisplacementMaps.usf" 2125
"../../../Engine/Plugins/VirtualProduction/CameraCalibrationCore/Shaders/Private/UndistortImagePoints.usf" 2126
"../../../Engine/Plugins/VirtualProduction/CameraCalibrationCore/Shaders/Private/DistortionSTMapProcessor.usf" 2127
"../../../Engine/Plugins/Runtime/HairStrands/Shaders/Private/NiagaraCopyVelocityGrid.usf" 2128
"../../../Engine/Plugins/Runtime/HairStrands/Shaders/Private/NiagaraClearVelocityGrid.usf" 2129
"../../../Engine/Plugins/Runtime/HairStrands/Shaders/Private/NiagaraClearPressureGrid.usf" 2130
"../../../Engine/Plugins/Runtime/HairStrands/Shaders/Private/NiagaraInterpolateGroomGuides.usf" 2131
"../../../Engine/Plugins/Runtime/HairStrands/Shaders/Private/NiagaraGroomInterpolationUtils.ush" 2132
"../../../Engine/Plugins/FX/Niagara/Shaders/Private/NiagaraQuaternionUtils.ush" 2133
"../../../Engine/Shaders/Private/HairStrands/HairStrandsMesh.usf" 2134
"../../../Engine/Shaders/Private/HairStrands/HairStrandsBindingCommon.ush" 2135
"../../../Engine/Shaders/Private/HairStrands/HairStrandsFollicleMask.usf" 2136
"../../../Engine/Shaders/Private/HairStrands/HairStrandsSkinUpdate.usf" 2137
"../../../Engine/Shaders/Private/HairStrands/HairStrandsClusterCulling.usf" 2138
"../../../Engine/Shaders/Private/ColorMap.ush" 2139
"../../../Engine/Shaders/Private/HairStrands/HairStrandsAABBCommon.ush" 2140
"../../../Engine/Shaders/Private/HairStrands/HairStrandsClusterCommon.ush" 2141
"../../../Engine/Shaders/Private/ThreadGroupPrefixSum.ush" 2142
"../../../Engine/Shaders/Private/HairStrands/HairStrandsRaytracingGeometry.usf" 2143
"../../../Engine/Shaders/Private/HairStrands/HairStrandsTangent.usf" 2144
"../../../Engine/Shaders/Private/HairStrands/HairCardsDeformation.usf" 2145
"../../../Engine/Shaders/Private/HairStrands/HairStrandsInterpolation.usf" 2146
"../../../Engine/Shaders/Private/HairStrands/HairStrandsGuideDeform.usf" 2147
"../../../Engine/Shaders/Private/HairStrands/HairStrandsTexturesGeneration.usf" 2148
"../../../Engine/Shaders/Private/HairStrands/HairCardsTextureCommon.ush" 2149
"../../../Engine/Shaders/Private/HairStrands/HairStrandsTranscode.usf" 2150
"../../../Engine/Shaders/Private/HairStrands/HairStrandsDebug.usf" 2151
"../../../Engine/Shaders/Private/HairShadingCommon.ush" 2152
"../../../Engine/Shaders/Private/PostProcessCommon.ush" 2153
"../../../Engine/Shaders/Private/ShadingModels.ush" 2154
"../../../Engine/Shaders/Private/CapsuleLight.ush" 2155
"../../../Engine/Shaders/Private/RectLight.ush" 2156
"../../../Engine/Shaders/Private/LightData.ush" 2157
"../../../Engine/Shaders/Shared/LightDefinitions.h" 2158
"../../../Engine/Shaders/Private/AreaLightCommon.ush" 2159
"../../../Engine/Shaders/Private/HairBsdf.ush" 2160
"../../../Engine/Shaders/Private/MobileGGX.ush" 2161
"../../../Engine/Shaders/Private/HairStrands/HairStrandsCommon.ush" 2162
"../../../Engine/Shaders/Private/HairStrands/HairStrandsEnvironmentLightingCommon.ush" 2163
"../../../Engine/Shaders/Private/HairStrands/HairStrandsDeepTransmittanceCommon.ush" 2164
"../../../Engine/Shaders/Private/HairStrands/HairStrandsDeepTransmittanceDualScattering.ush" 2165
"../../../Engine/Shaders/Private/HairStrands/HairStrandsDeepShadowCommon.ush" 2166
"../../../Engine/Shaders/Private/HairStrands/HairStrandsDebugCommonStruct.ush" 2167
"../../../Engine/Plugins/Media/WmfMedia/Shaders/Private/MediaHardwareVideoDecoding.usf" 2168
"../../../Engine/Shaders/Private/ColorUtils.ush" 2169
"../../../Engine/Plugins/Media/ImgMedia/Shaders/Private/ExrSwizzler.usf" 2170
"../../../Engine/Plugins/Experimental/NFORDenoise/Shaders/NFORDenoise.usf" 2171
"../../../Engine/Plugins/Experimental/NFORDenoise/Shaders/NFORRegressionCommon.ush" 2172
"../../../Engine/Plugins/Experimental/NFORDenoise/Shaders/NFORRegression.ush" 2173
"../../../Engine/Plugins/Enterprise/GLTFExporter/Shaders/Private/SimpleTexture2DPS.usf" 2174
"../../../Engine/Shaders/Private/SimpleElementNormalMapPixelShader.usf" 2175
"../../../Engine/Plugins/Runtime/ComputeFramework/Shaders/Private/ComputeKernel.usf" 2176
"../../../Engine/Plugins/Runtime/ComputeFramework/Shaders/Private/ComputeKernelCommon.ush" 2177
"../../../Engine/Plugins/NNE/NNEDenoiser/Shaders/NNEDenoiserShadersTransferFunctionOidn.usf" 2178
"../../../Engine/Plugins/NNE/NNEDenoiser/Shaders/NNEDenoiserShadersMappedCopy.usf" 2179
"../../../Engine/Plugins/NNE/NNEDenoiser/Shaders/NNEDenoiserShadersDefaultIOProcess.usf" 2180
"../../../Engine/Plugins/NNE/NNEDenoiser/Shaders/NNEDenoiserShadersAutoExposureReduceFinal.usf" 2181
"../../../Engine/Plugins/NNE/NNEDenoiser/Shaders/NNEDenoiserShadersAutoExposureReduce.usf" 2182
"../../../Engine/Plugins/NNE/NNEDenoiser/Shaders/NNEDenoiserShadersAutoExposureDownsample.usf" 2183
"../../../Engine/Plugins/FX/Niagara/Shaders/Private/NiagaraVertexFactoryExport.usf" 2184
"../../../Engine/Shaders/Private/ComputeShaderUtils.ush" 2185
"../../../Engine/Shaders/Private/MaterialTemplate.ush" 2186
"../../../Engine/Shaders/Private/WorldSpaceMath.ush" 2187
"../../../Engine/Shaders/Private/EyeAdaptationCommon.ush" 2188
"../../../Engine/Shaders/Private/SobolRandom.ush" 2189
"../../../Engine/Shaders/Private/DepthOfFieldCommon.ush" 2190
"../../../Engine/Shaders/Private/CircleDOFCommon.ush" 2191
"../../../Engine/Shaders/Private/DistanceField/GlobalDistanceFieldShared.ush" 2192
"../../../Engine/Shaders/Private/PhysicsFieldSampler.ush" 2193
"../../../Engine/Shaders/Private/PhysicsFieldShared.ush" 2194
"../../../Engine/Shaders/Private/SparseVolumeTexture/SparseVolumeTextureCommon.ush" 2195
"../../../Engine/Shaders/Shared/EnvironmentComponentsFlags.h" 2196
"../../../Engine/Shaders/Private/MeshPaintTextureCommon.ush" 2197
"../../../Engine/Shaders/Private/VirtualTextureMaterial.ush" 2198
"../../../Engine/Shaders/Private/MaterialCache/MaterialCacheMaterialCommon.ush" 2199
"../../../Engine/Shaders/Private/MaterialCache/MaterialCacheABuffer.ush" 2200
"../../../Engine/Shaders/Private/SpeedTreeCommon.ush" 2201
"../../../Engine/Shaders/Private/VirtualTextureCommon.ush" 2202
"../../../Engine/Shaders/Private/MaterialTexture.ush" 2203
"../../../Engine/Shaders/Private/MinMaterialTexCoords.ush" 2204
"../../../Engine/Shaders/Private/SkyAtmosphereCommon.ush" 2205
"../../../Engine/Shaders/Private/SingleLayerWaterCommon.ush" 2206
"../../../Engine/Shaders/Private/TextureSampling.ush" 2207
"../../../Engine/Shaders/Private/PaniniProjection.ush" 2208
"../../../Engine/Shaders/Private/DBufferNormalReprojection.ush" 2209
"../../../Engine/Shaders/Public/SubstratePublic.ush" 2210
"../../../Engine/Shaders/Private/Substrate/SubstrateTree.ush" 2211
"../../../Engine/Shaders/Private/Substrate/SubstrateEvaluation.ush" 2212
"../../../Engine/Shaders/Private/Substrate/Glint/GlintThirdParty.ush" 2213
"../../../Engine/Shaders/Private/BlueNoise.ush" 2214
"../../../Engine/Shaders/Private/SHCommon.ush" 2215
"../../../Engine/Shaders/Private/ShadingModelsSampling.ush" 2216
"../../../Engine/Shaders/Private/HairStrands/HairBsdfSample.ush" 2217
"../../../Engine/Shaders/Private/Substrate/SubstrateLegacyConversion.ush" 2218
"../../../Engine/Shaders/Private/DBufferDecalShared.ush" 2219
"../../../Engine/Plugins/FX/Niagara/Shaders/Private/NiagaraSortKeyGen.usf" 2220
"../../../Engine/Plugins/FX/Niagara/Shaders/Private/NiagaraGPURayTracingTransforms.usf" 2221
"../../../Engine/Plugins/FX/Niagara/Shaders/Private/NiagaraDrawIndirectArgsGen.usf" 2222
"../../../Engine/Plugins/FX/Niagara/Shaders/Private/NiagaraDispatchIndirectArgsGen.usf" 2223
"../../../Engine/Plugins/FX/Niagara/Shaders/Private/Stateless/NiagaraStatelessSimulationDefault.usf" 2224
"../../../Engine/Plugins/FX/Niagara/Shaders/Private/Stateless/NiagaraStatelessSimulationTemplate.ush" 2225
"../../../Engine/Plugins/FX/Niagara/Shaders/Private/Stateless/NiagaraStatelessCommon.ush" 2226
"../../../Engine/Plugins/FX/Niagara/Shaders/Shared/NiagaraStatelessDefinitions.h" 2227
"../../../Engine/Plugins/FX/Niagara/Shaders/Shared/NiagaraStatelessBuiltDistribution.h" 2228
"../../../Engine/Plugins/FX/Niagara/Shaders/Private/Stateless/NiagaraStatelessDistribution.ush" 2229
"../../../Engine/Plugins/FX/Niagara/Shaders/Private/Stateless/Modules/NiagaraStatelessModule_CalculateAccurateVelocity.ush" 2230
"../../../Engine/Plugins/FX/Niagara/Shaders/Private/Stateless/Modules/NiagaraStatelessModule_CameraOffset.ush" 2231
"../../../Engine/Plugins/FX/Niagara/Shaders/Private/Stateless/Modules/NiagaraStatelessModule_DynamicMaterialParameters.ush" 2232
"../../../Engine/Plugins/FX/Niagara/Shaders/Private/Stateless/Modules/NiagaraStatelessModule_InitializeParticle.ush" 2233
"../../../Engine/Plugins/FX/Niagara/Shaders/Private/Stateless/Modules/NiagaraStatelessModule_InitialMeshOrientation.ush" 2234
"../../../Engine/Plugins/FX/Niagara/Shaders/Private/Stateless/Modules/NiagaraStatelessModule_MeshIndex.ush" 2235
"../../../Engine/Plugins/FX/Niagara/Shaders/Private/Stateless/Modules/NiagaraStatelessModule_MeshRotationRate.ush" 2236
"../../../Engine/Plugins/FX/Niagara/Shaders/Private/Stateless/Modules/NiagaraStatelessModule_RotateAroundPoint.ush" 2237
"../../../Engine/Plugins/FX/Niagara/Shaders/Private/Stateless/Modules/NiagaraStatelessModule_ShapeLocation.ush" 2238
"../../../Engine/Plugins/FX/Niagara/Shaders/Private/Stateless/Modules/NiagaraStatelessModule_ScaleColor.ush" 2239
"../../../Engine/Plugins/FX/Niagara/Shaders/Private/Stateless/Modules/NiagaraStatelessModule_ScaleRibbonWidth.ush" 2240
"../../../Engine/Plugins/FX/Niagara/Shaders/Private/Stateless/Modules/NiagaraStatelessModule_ScaleSpriteSize.ush" 2241
"../../../Engine/Plugins/FX/Niagara/Shaders/Private/Stateless/Modules/NiagaraStatelessModule_ScaleSpriteSizeBySpeed.ush" 2242
"../../../Engine/Plugins/FX/Niagara/Shaders/Private/Stateless/Modules/NiagaraStatelessModule_ScaleMeshSize.ush" 2243
"../../../Engine/Plugins/FX/Niagara/Shaders/Private/Stateless/Modules/NiagaraStatelessModule_ScaleMeshSizebySpeed.ush" 2244
"../../../Engine/Plugins/FX/Niagara/Shaders/Private/Stateless/Modules/NiagaraStatelessModule_SolveVelocitiesAndForces.ush" 2245
"../../../Engine/Plugins/FX/Niagara/Shaders/Private/Stateless/Modules/NiagaraStatelessModule_SpriteFacingAndAlignment.ush" 2246
"../../../Engine/Plugins/FX/Niagara/Shaders/Private/Stateless/Modules/NiagaraStatelessModule_SpriteRotationRate.ush" 2247
"../../../Engine/Plugins/FX/Niagara/Shaders/Private/Stateless/Modules/NiagaraStatelessModule_SubUVAnimation.ush" 2248
"../../../Engine/Plugins/FX/Niagara/Shaders/Private/NiagaraBlendSVTsToDenseBuffer.usf" 2249
"../../../Engine/Plugins/FX/Niagara/Shaders/Private/NiagaraSVTToDenseBuffer.usf" 2250
"../../../Engine/Plugins/FX/Niagara/Shaders/Private/NiagaraFillIntBuffer.usf" 2251
"../../../Engine/Plugins/FX/Niagara/Shaders/Private/NiagaraComputeFreeIDs.usf" 2252
"../../../Engine/Plugins/FX/Niagara/Shaders/Private/NiagaraInitFreeIDBuffer.usf" 2253
"../../../Engine/Plugins/FX/Niagara/Shaders/Private/NiagaraEmitterInstanceShader.usf" 2254
"../../../Engine/Plugins/FX/Niagara/Shaders/Private/NiagaraShaderVersion.ush" 2255
"../../../Engine/Plugins/FX/Niagara/Shaders/Private/NiagaraPhysicsCommon.ush" 2256
"../../../Engine/Plugins/FX/Niagara/Shaders/Private/Ribbons/NiagaraRibbonAggregationApply.usf" 2257
"../../../Engine/Plugins/FX/Niagara/Shaders/Private/Ribbons/NiagaraRibbonCommon.ush" 2258
"../../../Engine/Plugins/FX/Niagara/Shaders/Private/Ribbons/NiagaraRibbonAggregationStep.usf" 2259
"../../../Engine/Plugins/FX/Niagara/Shaders/Private/Ribbons/NiagaraRibbonGenerateIndices.usf" 2260
"../../../Engine/Plugins/FX/Niagara/Shaders/Private/Ribbons/NiagaraRibbonInitializeIndices.usf" 2261
"../../../Engine/Plugins/FX/Niagara/Shaders/Private/Ribbons/NiagaraRibbonRibbonUVParamCalculation.usf" 2262
"../../../Engine/Plugins/FX/Niagara/Shaders/Private/Ribbons/NiagaraRibbonVertexReductionFinalization.usf" 2263
"../../../Engine/Plugins/FX/Niagara/Shaders/Private/Ribbons/NiagaraRibbonVertexReductionInitialization.usf" 2264
"../../../Engine/Plugins/FX/Niagara/Shaders/Private/Ribbons/NiagaraRibbonSortParticles.usf" 2265
"../../../Engine/Plugins/FX/Niagara/Shaders/Private/NiagaraLWCHelper.usf" 2266
"../../../Engine/Plugins/FX/Niagara/Shaders/Private/NiagaraUpdateMeshGPUSceneInstances.usf" 2267
"../../../Engine/Shaders/Private/GPUScene/GPUSceneWriter.ush" 2268
"../../../Engine/Plugins/FX/Niagara/Shaders/Private/NiagaraGenerateMips.usf" 2269
"../../../Engine/Plugins/FX/Niagara/Shaders/Private/NiagaraDebugDraw.usf" 2270
"../../../Engine/Plugins/FX/Niagara/Shaders/Private/NiagaraDebugDraw.ush" 2271
"../../../Engine/Plugins/FX/Niagara/Shaders/Private/NiagaraVisualizeTexture.usf" 2272
"../../../Engine/Plugins/FX/Niagara/Shaders/Private/NiagaraClearCounts.usf" 2273
"../../../Engine/Plugins/FX/Niagara/Shaders/Private/NiagaraBatchedElements.usf" 2274
"../../../Engine/Plugins/FX/Niagara/Shaders/Private/NiagaraRayTracingShaders.usf" 2275
"../../../Engine/Plugins/FX/Niagara/Shaders/Private/NiagaraAsyncGpuTraceCommon.ush" 2276
"../../../Engine/Shaders/Private/HashTable.ush" 2277
"../../../Engine/Shaders/Private/Hash.ush" 2278
"../../../Engine/Shaders/Private/RayTracing/VFXTraceRay.ush" 2279
"../../../Engine/Plugins/FX/Niagara/Shaders/Private/NiagaraRayMarchingShaders.usf" 2280
"../../../Engine/Plugins/FX/Niagara/Shaders/Private/NiagaraRayTraceCollisionGroupShaders.usf" 2281
"../../../Engine/Plugins/FX/Niagara/Shaders/Private/NiagaraAsyncGpuTraceUtils.usf" 2282
"../../../Engine/Shaders/Private/VirtualTextureAdapter.usf" 2283
"../../../Engine/Shaders/Private/BlockCompressionCommon.ush" 2284
"../../../Engine/Shaders/Private/BCCompressionCommon.ush" 2285
"../../../Engine/Shaders/Private/TranslucentLightingShaders.usf" 2286
"../../../Engine/Shaders/Private/CubemapCommon.ush" 2287
"../../../Engine/Shaders/Private/VectorFieldCompositeShaders.usf" 2288
"../../../Engine/Shaders/Private/UpdateTextureShaders.usf" 2289
"../../../Engine/Shaders/Private/StereoLayerShader.usf" 2290
"../../../Engine/Shaders/Private/SparseVolumeTexture/UpdateSparseVolumeTexture.usf" 2291
"../../../Engine/Shaders/Private/MorphTargets.usf" 2292
"../../../Engine/Shaders/Private/SimpleElementColorChannelMaskPixelShader.usf" 2293
"../../../Engine/Shaders/Private/SimpleElementHitProxyPixelShader.usf" 2294
"../../../Engine/Shaders/Private/SimpleElementPixelShader.usf" 2295
"../../../Engine/Shaders/Private/IESLightProfilesCommon.ush" 2296
"../../../Engine/Shaders/Private/SimpleElementVertexShader.usf" 2297
"../../../Engine/Shaders/Private/ScreenPixelShaderOES.usf" 2298
"../../../Engine/Shaders/Private/ScreenVertexShader.usf" 2299
"../../../Engine/Shaders/Private/ScreenPixelShader.usf" 2300
"../../../Engine/Shaders/Private/SSProfilePreIntegratedMobile.usf" 2301
"../../../Engine/Shaders/Private/SpecularProfile.usf" 2302
"../../../Engine/Shaders/Private/Nanite/NaniteStreaming.usf" 2303
"../../../Engine/Shaders/Private/Nanite/NaniteStreaming.ush" 2304
"../../../Engine/Shaders/Private/Nanite/NaniteTranscode.usf" 2305
"../../../Engine/Shaders/Private/VolumetricLightmapStreaming.usf" 2306
"../../../Engine/Shaders/Private/PhysicsFieldReset.usf" 2307
"../../../Engine/Shaders/Private/PhysicsFieldBuilder.usf" 2308
"../../../Engine/Shaders/Private/PhysicsFieldEval.ush" 2309
"../../../Engine/Shaders/Private/ParticleSortKeyGen.usf" 2310
"../../../Engine/Shaders/Private/ParticleBoundsShader.usf" 2311
"../../../Engine/Shaders/Private/ParticleSimVisualizeShader.usf" 2312
"../../../Engine/Shaders/Private/ParticleInjectionShader.usf" 2313
"../../../Engine/Shaders/Private/ParticleSimulationShader.usf" 2314
"../../../Engine/Shaders/Private/ParticleCurveInjectionShader.usf" 2315
"../../../Engine/Shaders/Private/CopyUIntBuffer.usf" 2316
"../../../Engine/Shaders/Private/RadixSortShaders.usf" 2317
"../../../Engine/Shaders/Private/RecomputeTangentsPerVertexPass.usf" 2318
"../../../Engine/Shaders/Private/RecomputeTangentsCommon.ush" 2319
"../../../Engine/Shaders/Private/RecomputeTangentsPerTrianglePass.usf" 2320
"../../../Engine/Shaders/Private/GpuSkinCacheComputeShader.usf" 2321
"../../../Engine/Shaders/Private/HeightFieldAtlasManagement.usf" 2322
"../../../Engine/Shaders/Private/Landscape/LandscapeEditLayersUtils.usf" 2323
"../../../Engine/Shaders/Private/Landscape/LandscapeCommon.ush" 2324
"../../../Engine/Shaders/Private/Landscape/LandscapeEditLayersWeightmaps.usf" 2325
"../../../Engine/Shaders/Private/Landscape/LandscapeEditLayersHeightmaps.usf" 2326
"../../../Engine/Shaders/Private/Landscape/LandscapeLayersWeightmapsPS.usf" 2327
"../../../Engine/Shaders/Private/Landscape/LandscapeLayersHeightmapsPS.usf" 2328
"../../../Engine/Shaders/Private/LandscapeLayersCS.usf" 2329
"../../../Engine/Shaders/Private/LandscapeLayersPS.usf" 2330
"../../../Engine/Shaders/Private/LandscapeLayersVS.usf" 2331
"../../../Engine/Shaders/Private/LandscapePhysicalMaterial.usf" 2332
"../../../Engine/Shaders/Private/LandscapeGrassWeight.usf" 2333
"../../../Engine/Shaders/Private/Landscape/LandscapeCulling.usf" 2334
"../../../Engine/Shaders/Private/Nanite/NaniteHZBCull.ush" 2335
"../../../Engine/Shaders/Private/HZB.ush" 2336
"../../../Engine/Shaders/Private/Landscape/LandscapeMergeTexturesPS.usf" 2337
"../../../Engine/Shaders/Private/WideCustomResolveShaders.usf" 2338
"../../../Engine/Shaders/Private/WideCustomResolve_Wide.ush" 2339
"../../../Engine/Shaders/Private/WideCustomResolve_Wider.ush" 2340
"../../../Engine/Shaders/Private/WideCustomResolve_Widest.ush" 2341
"../../../Engine/Shaders/Private/WaterInfoTextureBlur.usf" 2342
"../../../Engine/Shaders/Private/WaterInfoTextureMerge.usf" 2343
"../../../Engine/Shaders/Private/PageTableUpdate.usf" 2344
"../../../Engine/Shaders/Private/VirtualTextureCompress.usf" 2345
"../../../Engine/Shaders/Private/ASTCCompressionCommon.ush" 2346
"../../../Engine/Shaders/Private/IntegerSequenceEncoding.ush" 2347
"../../../Engine/Shaders/Private/ETCCompressionCommon.ush" 2348
"../../../Engine/Shaders/Private/VirtualTextureMaterial.usf" 2349
"../../../Engine/Shaders/Private/PixelShaderOutputCommon.ush" 2350
"../../../Engine/Shaders/Private/ShaderOutputCommon.ush" 2351
"../../../Engine/Shaders/Private/VolumetricRenderTarget.usf" 2352
"../../../Engine/Shaders/Private/HeightFogCommon.ush" 2353
"../../../Engine/Shaders/Private/LocalFogVolumes/LocalFogVolumeCommon.ush" 2354
"../../../Engine/Shaders/Private/ReflectionEnvironmentShared.ush" 2355
"../../../Engine/Shaders/Private/VolumetricFogVoxelization.usf" 2356
"../../../Engine/Shaders/Private/VolumetricCloudMaterialPixelCommon.ush" 2357
"../../../Engine/Shaders/Private/VolumetricFogLightFunction.usf" 2358
"../../../Engine/Shaders/Private/LightFunctionCommon.ush" 2359
"../../../Engine/Shaders/Private/VolumetricFog.usf" 2360
"../../../Engine/Shaders/Private/DeferredLightingCommon.ush" 2361
"../../../Engine/Shaders/Private/DynamicLightingCommon.ush" 2362
"../../../Engine/Shaders/Private/CapsuleLightIntegrate.ush" 2363
"../../../Engine/Shaders/Private/CapsuleLightSampling.ush" 2364
"../../../Engine/Shaders/Private/RectLightIntegrate.ush" 2365
"../../../Engine/Shaders/Private/ScreenSpaceShadowRayCast.ush" 2366
"../../../Engine/Shaders/Private/LightFunctionAtlas/LightFunctionAtlasCommon.usf" 2367
"../../../Engine/Shaders/Private/HeterogeneousVolumes/HeterogeneousVolumesAdaptiveVolumetricShadowMapSampling.ush" 2368
"../../../Engine/Shaders/Private/HeterogeneousVolumes/HeterogeneousVolumesAdaptiveVolumetricShadowMapUtils.ush" 2369
"../../../Engine/Shaders/Private/HeterogeneousVolumes/HeterogeneousVolumesRayMarchingUtils.ush" 2370
"../../../Engine/Shaders/Private/HeterogeneousVolumes/HeterogeneousVolumesRayMarchingTypes.ush" 2371
"../../../Engine/Shaders/Private/PathTracing/Utilities/PathTracingRandomSequence.ush" 2372
"../../../Engine/Shaders/Private/HeterogeneousVolumes/HeterogeneousVolumesTracingUtils.ush" 2373
"../../../Engine/Shaders/Private/VelocityCommon.ush" 2374
"../../../Engine/Shaders/Private/HeterogeneousVolumes/HeterogeneousVolumesTransmittanceVolumeUtils.ush" 2375
"../../../Engine/Shaders/Private/ForwardShadowingCommon.ush" 2376
"../../../Engine/Shaders/Private/ShadowFilteringCommon.ush" 2377
"../../../Engine/Shaders/Private/PixelQuadMessagePassing.ush" 2378
"../../../Engine/Shaders/Private/VolumeLightingCommon.ush" 2379
"../../../Engine/Shaders/Private/ShadowProjectionCommon.ush" 2380
"../../../Engine/Shaders/Private/VolumeLightingCommonSampling.ush" 2381
"../../../Engine/Shaders/Private/Lumen/LumenTranslucencyVolumeShared.ush" 2382
"../../../Engine/Shaders/Private/Lumen/LumenRadianceCacheInterpolation.ush" 2383
"../../../Engine/Shaders/Private/HeterogeneousVolumes/HeterogeneousVolumesAdaptiveVolumetricShadowMapSampler.ush" 2384
"../../../Engine/Shaders/Private/LightGridCommon.ush" 2385
"../../../Engine/Shaders/Private/DistanceFieldAOShared.ush" 2386
"../../../Engine/Shaders/Private/IntersectionUtils.ush" 2387
"../../../Engine/Shaders/Private/VolumetricLightmapShared.ush" 2388
"../../../Engine/Shaders/Private/LightDataUniforms.ush" 2389
"../../../Engine/Shaders/Private/VirtualShadowMaps/VirtualShadowMapProjectionCommon.ush" 2390
"../../../Engine/Shaders/Private/VirtualShadowMaps/VirtualShadowMapPageAccessCommon.ush" 2391
"../../../Engine/Shaders/Shared/VirtualShadowMapDefinitions.h" 2392
"../../../Engine/Shaders/Shared/HLSLMathAliases.h" 2393
"../../../Engine/Shaders/Private/VirtualShadowMaps/VirtualShadowMapProjectionStructs.ush" 2394
"../../../Engine/Shaders/Private/VolumetricCloudCommon.ush" 2395
"../../../Engine/Shaders/Private/VolumetricCloud.usf" 2396
"../../../Engine/Shaders/Private/VisualizeVolumetricLightmap.usf" 2397
"../../../Engine/Shaders/Private/VirtualShadowMaps/VirtualShadowMapProjectionComposite.usf" 2398
"../../../Engine/Shaders/Private/LightShaderParameters.ush" 2399
"../../../Engine/Shaders/Private/VirtualShadowMaps/VirtualShadowMapMaskBitsCommon.ush" 2400
"../../../Engine/Shaders/Private/VirtualShadowMaps/VirtualShadowMapLightGrid.ush" 2401
"../../../Engine/Shaders/Private/VirtualShadowMaps/VirtualShadowMapProjection.usf" 2402
"../../../Engine/Shaders/Private/Visualization.ush" 2403
"../../../Engine/Shaders/Private/VirtualShadowMaps/VirtualShadowMapProjectionFilter.ush" 2404
"../../../Engine/Shaders/Private/VirtualShadowMaps/VirtualShadowMapProjectionDirectional.ush" 2405
"../../../Engine/Shaders/Private/VirtualShadowMaps/VirtualShadowMapSMRTCommon.ush" 2406
"../../../Engine/Shaders/Private/VirtualShadowMaps/VirtualShadowMapSMRTTemplate.ush" 2407
"../../../Engine/Shaders/Private/VirtualShadowMaps/VirtualShadowMapProjectionSpot.ush" 2408
"../../../Engine/Shaders/Private/VirtualShadowMaps/VirtualShadowMapTransmissionCommon.ush" 2409
"../../../Engine/Shaders/Private/VirtualShadowMaps/VirtualShadowMapScreenRayTrace.ush" 2410
"../../../Engine/Shaders/Private/VirtualShadowMaps/VirtualShadowMapStats.ush" 2411
"../../../Engine/Shaders/Private/HairStrands/HairStrandsVoxelPageCommon.ush" 2412
"../../../Engine/Shaders/Private/HairStrands/HairStrandsVoxelPageTraversal.ush" 2413
"../../../Engine/Shaders/Private/VirtualShadowMaps/VirtualShadowMapCacheGPUInvalidation.usf" 2414
"../../../Engine/Shaders/Private/VirtualShadowMaps/VirtualShadowMapPageCacheCommon.ush" 2415
"../../../Engine/Shaders/Private/VirtualShadowMaps/VirtualShadowMapCacheInvalidation.ush" 2416
"../../../Engine/Shaders/Private/VirtualShadowMaps/VirtualShadowMapPageOverlap.ush" 2417
"../../../Engine/Shaders/Private/ScreenSpaceDenoise/SSDDefinitions.ush" 2418
"../../../Engine/Shaders/Private/InstanceCulling/InstanceCullingLoadBalancer.ush" 2419
"../../../Engine/Shaders/Private/VirtualShadowMaps/VirtualShadowMapCacheLoadBalancer.usf" 2420
"../../../Engine/Shaders/Private/VirtualShadowMaps/VirtualShadowMapCopyStats.usf" 2421
"../../../Engine/Shaders/Private/VirtualShadowMaps/VirtualShadowMapDebug.usf" 2422
"../../../Engine/Shaders/Private/VirtualShadowMaps/Desaturate.usf" 2423
"../../../Engine/Shaders/Private/VirtualShadowMaps/VirtualShadowMapPhysicalPageManagement.usf" 2424
"../../../Engine/Shaders/Private/ReductionCommon.ush" 2425
"../../../Engine/Shaders/Private/GPUMessaging.ush" 2426
"../../../Engine/Shaders/Private/VirtualShadowMaps/VirtualShadowMapPerPageDispatch.ush" 2427
"../../../Engine/Shaders/Private/VirtualShadowMaps/VirtualShadowMapCompactViews.usf" 2428
"../../../Engine/Shaders/Shared/SceneCullingDefinitions.h" 2429
"../../../Engine/Shaders/Private/VirtualShadowMaps/VirtualShadowMapBuildPerPageDrawCommands.usf" 2430
"../../../Engine/Shaders/Private/Nanite/NaniteCullingCommon.ush" 2431
"../../../Engine/Shaders/Private/Nanite/NaniteCulling.ush" 2432
"../../../Engine/Shaders/Private/Nanite/NaniteHierarchyTraversalCommon.ush" 2433
"../../../Engine/Shaders/Private/InstanceCulling/InstanceCullingCommon.ush" 2434
"../../../Engine/Shaders/Shared/InstanceCullingDefinitions.h" 2435
"../../../Engine/Shaders/Private/VirtualShadowMaps/VirtualShadowMapPrintStats.usf" 2436
"../../../Engine/Shaders/Private/VirtualShadowMaps/VirtualShadowMapPageManagement.usf" 2437
"../../../Engine/Shaders/Private/VirtualShadowMaps/VirtualShadowMapPageMarking.usf" 2438
"../../../Engine/Shaders/Shared/SingleLayerWaterDefinitions.h" 2439
"../../../Engine/Shaders/Private/HairStrands/HairStrandsTileCommon.ush" 2440
"../../../Engine/Shaders/Private/Froxel/Froxel.ush" 2441
"../../../Engine/Shaders/Shared/FroxelDefinitions.h" 2442
"../../../Engine/Shaders/Private/DiaphragmDOF/DOFCommon.ush" 2443
"../../../Engine/Shaders/Private/VariableRateShading/VRSShadingRatePreview.usf" 2444
"../../../Engine/Shaders/Private/VariableRateShading/VRSShadingRateCommon.ush" 2445
"../../../Engine/Shaders/Private/VariableRateShading/VRSShadingRateCombine.usf" 2446
"../../../Engine/Shaders/Private/VariableRateShading/VRSShadingRateFoveated.usf" 2447
"../../../Engine/Shaders/Private/VariableRateShading/VRSShadingRateReproject.usf" 2448
"../../../Engine/Shaders/Private/VariableRateShading/VRSShadingRateCalculate.usf" 2449
"../../../Engine/Shaders/Private/TranslucencyUpsampling.usf" 2450
"../../../Engine/Shaders/Private/ComposeSeparateTranslucency.usf" 2451
"../../../Engine/Shaders/Private/SeparateTranslucency.ush" 2452
"../../../Engine/Shaders/Private/TranslucentLightInjectionShaders.usf" 2453
"../../../Engine/Shaders/Private/TranslucentShadowDepthShaders.usf" 2454
"../../../Engine/Shaders/Private/ShadowDepthCommon.ush" 2455
"../../../Engine/Shaders/Private/RayTracing/RayTracingTest.usf" 2456
"../../../Engine/Shaders/Private/PostprocessSubsurfaceTile.usf" 2457
"../../../Engine/Shaders/Private/PostProcessSubsurfaceCommon.ush" 2458
"../../../Engine/Shaders/Private/Substrate/SubstrateVisualize.usf" 2459
"../../../Engine/Shaders/Private/Substrate/SubstrateTile.ush" 2460
"../../../Engine/Shaders/Shared/SubstrateVisualizeDefinitions.h" 2461
"../../../Engine/Shaders/Private/Substrate/SubstrateVisualizeCommon.ush" 2462
"../../../Engine/Shaders/Private/SkyLightingDiffuseShared.ush" 2463
"../../../Engine/Shaders/Private/SkyLightingShared.ush" 2464
"../../../Engine/Shaders/Private/ClearCoatCommon.ush" 2465
"../../../Engine/Shaders/Private/ReflectionEnvironmentComposite.ush" 2466
"../../../Engine/Shaders/Private/Substrate/SubstrateLightingCommon.ush" 2467
"../../../Engine/Shaders/Private/Substrate/SubstrateRoughRefraction.usf" 2468
"../../../Engine/Shaders/Private/PathTracing/Material/PathTracingFresnel.ush" 2469
"../../../Engine/Shaders/Private/PathTracing/Material/PathTracingGlossy.ush" 2470
"../../../Engine/Shaders/Private/Substrate/SubstrateMaterialSampling.usf" 2471
"../../../Engine/Shaders/Private/Substrate/SubstrateMaterialSampling.ush" 2472
"../../../Engine/Shaders/Private/Lumen/LumenPosition.ush" 2473
"../../../Engine/Shaders/Private/Substrate/SubstrateTile.usf" 2474
"../../../Engine/Shaders/Private/Substrate/SubstrateMaterialClassification.usf" 2475
"../../../Engine/Shaders/Private/Substrate/SubstrateDBuffer.usf" 2476
"../../../Engine/Shaders/Private/StochasticLighting/StochasticLightingDenoising.usf" 2477
"../../../Engine/Shaders/Private/Lumen/LumenMaterial.ush" 2478
"../../../Engine/Shaders/Private/StochasticLighting/StochasticLightingCommon.ush" 2479
"../../../Engine/Shaders/Private/SplineMeshSceneTexture.usf" 2480
"../../../Engine/Shaders/Private/SparseVolumeTexture/VisualizeSparseVolumeTexture.usf" 2481
"../../../Engine/Shaders/Private/SkyAtmosphere.usf" 2482
"../../../Engine/Shaders/Private/Skinning/SkinnedMeshDebug.usf" 2483
"../../../Engine/Shaders/Private/Skinning/AnimBankEval.usf" 2484
"../../../Engine/Shaders/Private/SingleLayerWaterComposite.usf" 2485
"../../../Engine/Shaders/Private/Froxel/FroxelBuild.ush" 2486
"../../../Engine/Shaders/Private/SingleLayerWaterRefractionCulling.usf" 2487
"../../../Engine/Shaders/Private/ScreenSpaceShadows.usf" 2488
"../../../Engine/Shaders/Private/bend_sss_gpu.ush" 2489
"../../../Engine/Shaders/Private/ShadowFactorsUpsampleCommon.ush" 2490
"../../../Engine/Shaders/Private/FirstPersonSelfShadow.usf" 2491
"../../../Engine/Shaders/Private/HZBTracing.ush" 2492
"../../../Engine/Shaders/Private/ShadowProjectionVertexShader.usf" 2493
"../../../Engine/Shaders/Private/ShadowProjectionPixelShader.usf" 2494
"../../../Engine/Shaders/Private/MobileLightingCommon.ush" 2495
"../../../Engine/Shaders/Private/PlanarReflectionShared.ush" 2496
"../../../Engine/Shaders/Private/MobileSSR.ush" 2497
"../../../Engine/Shaders/Private/SSRT/SSRTRayCast.ush" 2498
"../../../Engine/Shaders/Private/ShadowPercentageCloserFiltering.ush" 2499
"../../../Engine/Shaders/Private/TransmissionThickness.ush" 2500
"../../../Engine/Shaders/Private/CopyShadowMaps.usf" 2501
"../../../Engine/Shaders/Private/ShadowDepthPixelShader.usf" 2502
"../../../Engine/Shaders/Private/ShadowDepthVertexShader.usf" 2503
"../../../Engine/Shaders/Private/ShadingEnergyConservationTable.usf" 2504
"../../../Engine/Shaders/Shared/PathTracingDefinitions.h" 2505
"../../../Engine/Shaders/Private/ShadingFurnaceTest.usf" 2506
"../../../Engine/Shaders/Private/Substrate/SubstrateDeferredLighting.ush" 2507
"../../../Engine/Shaders/Private/ShaderPrintDraw.usf" 2508
"../../../Engine/Shaders/Private/ShaderPrintDrawPrimitive.usf" 2509
"../../../Engine/Shaders/Private/DefaultSSRTiles.usf" 2510
"../../../Engine/Shaders/Private/ScreenSpaceReflectionTileCommons.ush" 2511
"../../../Engine/Shaders/Private/SSRT/SSRTDiffuseIndirect.usf" 2512
"../../../Engine/Shaders/Private/SSRT/SSRTTileClassificationBuffer.ush" 2513
"../../../Engine/Shaders/Private/SSRT/SSRTReflections.usf" 2514
"../../../Engine/Shaders/Private/ScreenSpaceDenoise/SSDPublic.ush" 2515
"../../../Engine/Shaders/Private/SSRT/SSRTTileClassification.usf" 2516
"../../../Engine/Shaders/Private/SSRT/SSRTPrevFrameReduction.usf" 2517
"../../../Engine/Shaders/Private/ScreenSpaceDenoise/SSDComposeHarmonics.usf" 2518
"../../../Engine/Shaders/Private/ScreenSpaceDenoise/SSDPublicHarmonics.ush" 2519
"../../../Engine/Shaders/Private/ScreenSpaceDenoise/SSDSignalFramework.ush" 2520
"../../../Engine/Shaders/Private/ScreenSpaceDenoise/SSDCommon.ush" 2521
"../../../Engine/Shaders/Private/SphericalGaussian.ush" 2522
"../../../Engine/Shaders/Public/WaveBroadcastIntrinsics.ush" 2523
"../../../Engine/Shaders/Private/ScreenSpaceDenoise/SSDMetadata.ush" 2524
"../../../Engine/Shaders/Private/ScreenSpaceDenoise/SSDSignalCore.ush" 2525
"../../../Engine/Shaders/Private/ScreenSpaceDenoise/DenoisingCommon.ush" 2526
"../../../Engine/Shaders/Private/ScreenSpaceDenoise/SSDSignalArray.ush" 2527
"../../../Engine/Shaders/Private/ScreenSpaceDenoise/SSDSignalBufferEncoding.ush" 2528
"../../../Engine/Shaders/Private/ScreenSpaceDenoise/SSDPublicBufferEncoding.ush" 2529
"../../../Engine/Shaders/Private/Lumen/LumenBufferEncoding.ush" 2530
"../../../Engine/Shaders/Private/ScreenSpaceDenoise/SSDTemporalAccumulation.usf" 2531
"../../../Engine/Shaders/Private/ScreenSpaceDenoise/SSDSpatialKernel.ush" 2532
"../../../Engine/Shaders/Private/ScreenSpaceDenoise/SSDSignalAccumulatorArray.ush" 2533
"../../../Engine/Shaders/Private/ScreenSpaceDenoise/SSDSignalAccumulator.ush" 2534
"../../../Engine/Shaders/Private/ScreenSpaceDenoise/SSDSignalCompression.ush" 2535
"../../../Engine/Shaders/Private/ScreenSpaceDenoise/SSDSpatialAccumulation.usf" 2536
"../../../Engine/Shaders/Private/ScreenSpaceDenoise/SSDInjest.usf" 2537
"../../../Engine/Shaders/Private/ScreenSpaceDenoise/SSDCompressMetadata.usf" 2538
"../../../Engine/Shaders/Private/DownsampleDepthPixelShader.usf" 2539
"../../../Engine/Shaders/Private/ScreenPass.usf" 2540
"../../../Engine/Shaders/Private/HZB.usf" 2541
"../../../Engine/Shaders/Private/OcclusionFeedbackShaders.usf" 2542
"../../../Engine/Shaders/Private/HZBOcclusion.usf" 2543
"../../../Engine/Shaders/Private/OcclusionQueryPixelShader.usf" 2544
"../../../Engine/Shaders/Private/OcclusionQueryVertexShader.usf" 2545
"../../../Engine/Shaders/Private/HitProxyCopy.usf" 2546
"../../../Engine/Shaders/Private/HitProxyPixelShader.usf" 2547
"../../../Engine/Shaders/Private/HitProxyVertexShader.usf" 2548
"../../../Engine/Shaders/Private/SceneCulling/SceneCullingDebugRender.usf" 2549
"../../../Engine/Shaders/Private/SceneCulling/SceneCulling.ush" 2550
"../../../Engine/Shaders/Private/SceneCulling/SceneCullingBuildExplicitBounds.usf" 2551
"../../../Engine/Shaders/Private/SceneCapturePixelShader.usf" 2552
"../../../Engine/Shaders/Private/RendererUtils.usf" 2553
"../../../Engine/Shaders/Private/RTWriteMaskDecode.usf" 2554
"../../../Engine/Shaders/Private/ReflectionEnvironmentShaders.usf" 2555
"../../../Engine/Shaders/Private/RectLightAtlas.usf" 2556
"../../../Engine/Shaders/Private/RayTracing/TraceRayInlineStatistics.usf" 2557
"../../../Engine/Shaders/Private/RayTracing/CompositeSkyLightPS.usf" 2558
"../../../Engine/Shaders/Private/RayTracing/GenerateSkyLightVisibilityRaysCS.usf" 2559
"../../../Engine/Shaders/Private/RayTracing/RayTracingSkyLightCommon.ush" 2560
"../../../Engine/Shaders/Private/RayTracing/SkyLightVisibilityRaysData.ush" 2561
"../../../Engine/Shaders/Private/Raytracing/RaytracingSkylightRGS.usf" 2562
"../../../Engine/Shaders/Private/HairStrands/HairStrandsRaytracing.ush" 2563
"../../../Engine/Shaders/Private/Raytracing/RayTracingSkyLightEvaluation.ush" 2564
"../../../Engine/Shaders/Private/Raytracing/RayTracingDeferredShadingCommon.ush" 2565
"../../../Engine/Shaders/Private/RayTracing/RayTracingOcclusionRGS.usf" 2566
"../../../Engine/Shaders/Private/RayTracing/RayTracingDirectionalLight.ush" 2567
"../../../Engine/Shaders/Private/RayTracing/RayTracingRectLight.ush" 2568
"../../../Engine/Shaders/Private/RayTracing/RayTracingSphereLight.ush" 2569
"../../../Engine/Shaders/Private/RayTracing/RayTracingCapsuleLight.ush" 2570
"../../../Engine/Shaders/Private/Raytracing/RayTracingFeedback.usf" 2571
"../../../Engine/Shaders/Shared/RayTracingDebugTypes.h" 2572
"../../../Engine/Shaders/Private/RayTracing/RayTracingPrimaryRays.usf" 2573
"../../../Engine/Shaders/Private/RayTracing/RayTracingLightingCommon.ush" 2574
"../../../Engine/Shaders/Private/RayTracing/RayTracingLightCullingCommon.ush" 2575
"../../../Engine/Shaders/Private/RayTracing/RayTracingMaterialDefaultHitShaders.usf" 2576
"../../../Engine/Shaders/Private/RayTracing/RayTracingMaterialHitShaders.usf" 2577
"../../../Engine/Shaders/Private/RayTracing/RayTracingShaderUtils.ush" 2578
"../../../Engine/Shaders/Private/RayTracing/RayTracingCalcInterpolants.ush" 2579
"../../../Engine/Shaders/Private/LightmapCommon.ush" 2580
"../../../Engine/Shaders/Private/Lumen/LumenHardwareRayTracingPayloadCommon.ush" 2581
"../../../Engine/Shaders/Shared/LumenDefinitions.h" 2582
"../../../Engine/Shaders/Private/Substrate/SubstrateExport.ush" 2583
"../../../Engine/Shaders/Private/RayTracing/RayTracingLightingMS.usf" 2584
"../../../Engine/Shaders/Private/Lumen/LumenDiffuseColorBoost.ush" 2585
"../../../Engine/Shaders/Private/RayTracing/RayTracingLightFunctionCommon.ush" 2586
"../../../Engine/Shaders/Private/RayTracing/RayTracingBuildLightGrid.usf" 2587
"../../../Engine/Shaders/Private/Raytracing/RayTracingInstanceBufferUtil.usf" 2588
"../../../Engine/Shaders/Private/RayTracing/RayTracingDynamicMesh.usf" 2589
"../../../Engine/Shaders/Private/RayTracing/RayTracingDefaultDecalHitShader.usf" 2590
"../../../Engine/Shaders/Private/RayTracing/RayTracingDecalMaterialShader.usf" 2591
"../../../Engine/Shaders/Private/PathTracing/PathTracingShaderUtils.ush" 2592
"../../../Engine/Shaders/Private/PathTracing/PathTracingCommon.ush" 2593
"../../../Engine/Shaders/Private/PathTracing/Material/PathTracingMaterialCommon.ush" 2594
"../../../Engine/Shaders/Private/PathTracing/Utilities/PathTracingRIS.ush" 2595
"../../../Engine/Shaders/Private/RayTracing/RayTracingBuildDecalGrid.usf" 2596
"../../../Engine/Shaders/Private/RayTracing/RayTracingDebugHitStatsUtils.usf" 2597
"../../../Engine/Shaders/Private/RayTracing/RayTracingDebugInstanceOverlap.usf" 2598
"../../../Engine/Shaders/Private/RayTracing/RayTracingDebugPicking.usf" 2599
"../../../Engine/Shaders/Private/RayTracing/RayTracingDebugUtils.ush" 2600
"../../../Engine/Shaders/Private/RayTracing/RayTracingDebugTraversal.usf" 2601
"../../../Engine/Shaders/Private/RayTracing/RayTracingDeferredMaterials.ush" 2602
"../../../Engine/Shaders/Shared/ThirdParty/AMD/ags_shader_intrinsics_dx12.h" 2603
"../../../Engine/Shaders/Shared/RayTracingDebugDefinitions.h" 2604
"../../../Engine/Shaders/Private/RayTracing/RayTracingDebugHitStatsCHS.usf" 2605
"../../../Engine/Shaders/Private/RayTracing/RayTracingDebugHitStats.usf" 2606
"../../../Engine/Shaders/Private/RayTracing/RayTracingDebugMS.usf" 2607
"../../../Engine/Shaders/Private/RayTracing/RayTracingDebugCHS.usf" 2608
"../../../Engine/Shaders/Private/RayTracing/RayTracingDebug.usf" 2609
"../../../Engine/Shaders/Private/RayTracing/RayTracingBuiltInShaders.usf" 2610
"../../../Engine/Shaders/Private/RayTracing/RayTracingBarycentrics.usf" 2611
"../../../Engine/Shaders/Private/RayTracing/RayTracingAmbientOcclusionRGS.usf" 2612
"../../../Engine/Shaders/Private/VisualizeShadingModels.usf" 2613
"../../../Engine/Shaders/Private/MotionBlur/VisualizeMotionVectors.usf" 2614
"../../../Engine/Shaders/Private/TemporalSuperResolution/TSRVisualize.usf" 2615
"../../../Engine/Shaders/Private/TemporalSuperResolution/TSRColorSpace.ush" 2616
"../../../Engine/Shaders/Private/TemporalSuperResolution/TSRCommon.ush" 2617
"../../../Engine/Shaders/Public/DualPixelVectorization.ush" 2618
"../../../Engine/Shaders/Private/TemporalSuperResolution/TSRReprojectionField.ush" 2619
"../../../Engine/Shaders/Private/TemporalSuperResolution/TSRResolveHistory.usf" 2620
"../../../Engine/Shaders/Private/TemporalSuperResolution/TSRConvolutionNetwork.ush" 2621
"../../../Engine/Shaders/Private/TemporalSuperResolution/TSRKernels.ush" 2622
"../../../Engine/Shaders/Public/LaneVectorization.ush" 2623
"../../../Engine/Shaders/Private/TemporalSuperResolution/TSRUpdateHistory.usf" 2624
"../../../Engine/Shaders/Private/TemporalSuperResolution/TSRSpatialAntiAliasing.ush" 2625
"../../../Engine/Shaders/Private/TemporalSuperResolution/TSRSpatialAntiAliasing.usf" 2626
"../../../Engine/Shaders/Private/TemporalSuperResolution/TSRRejectShading.usf" 2627
"../../../Engine/Shaders/Private/TemporalSuperResolution/TSRShadingAnalysis.ush" 2628
"../../../Engine/Shaders/Private/TemporalSuperResolution/TSRConvolutionNetworkPass.ush" 2629
"../../../Engine/Shaders/Private/TemporalSuperResolution/TSRDecimateHistory.usf" 2630
"../../../Engine/Shaders/Private/TemporalSuperResolution/TSRDepthVelocityAnalysis.ush" 2631
"../../../Engine/Shaders/Private/TemporalSuperResolution/TSRClosestOccluder.ush" 2632
"../../../Engine/Shaders/Private/TemporalSuperResolution/TSRWeightRelaxation.usf" 2633
"../../../Engine/Shaders/Private/TemporalSuperResolution/TSRThinGeometryCommon.ush" 2634
"../../../Engine/Shaders/Private/TemporalSuperResolution/TSRDetectThinGeometry.usf" 2635
"../../../Engine/Shaders/Private/TemporalSuperResolution/TSRDilateVelocity.usf" 2636
"../../../Engine/Shaders/Private/MotionBlur/MotionBlurVelocityFlatten.ush" 2637
"../../../Engine/Shaders/Private/MotionBlur/MotionBlurCommon.ush" 2638
"../../../Engine/Shaders/Private/TemporalSuperResolution/TSRClearPrevTextures.usf" 2639
"../../../Engine/Shaders/Private/TemporalSuperResolution/TSRMeasureCoverage.usf" 2640
"../../../Engine/Shaders/Private/TemporalSuperResolution/TSRMeasureFlickeringLuma.usf" 2641
"../../../Engine/Shaders/Private/TemporalAA.usf" 2642
"../../../Engine/Shaders/Private/FilterPixelShader.usf" 2643
"../../../Engine/Shaders/Private/FilterVertexShader.usf" 2644
"../../../Engine/Shaders/Private/VisualizeVirtualTexture.usf" 2645
"../../../Engine/Shaders/Private/PostProcessVisualizeBuffer.usf" 2646
"../../../Engine/Shaders/Private/PostProcessVisualizeLocalExposure.usf" 2647
"../../../Engine/Shaders/Private/PostProcessHistogramCommon.ush" 2648
"../../../Engine/Shaders/Private/TonemapCommon.ush" 2649
"../../../Engine/Shaders/Private/ACES/ACESCommon.ush" 2650
"../../../Engine/Shaders/Private/ACES/ACESOutputTransform.ush" 2651
"../../../Engine/Shaders/Private/ACES/ACESUtilities.ush" 2652
"../../../Engine/Shaders/Private/ACES/ACESTonescale.ush" 2653
"../../../Engine/Shaders/Private/ACES/ACESDisplayEncoding.ush" 2654
"../../../Engine/Shaders/Private/ACES/ACES_v1.3.ush" 2655
"../../../Engine/Shaders/Private/PostProcessVisualizeLevelInstance.usf" 2656
"../../../Engine/Shaders/Private/PostProcessVisualizeHDR.usf" 2657
"../../../Engine/Shaders/Private/ShaderComplexityApplyPixelShader.usf" 2658
"../../../Engine/Shaders/Private/QuadOverdraw.ush" 2659
"../../../Engine/Shaders/Private/PostProcessUpscale.usf" 2660
"../../../Engine/Shaders/Private/PostProcessTonemap.usf" 2661
"../../../Engine/Shaders/Private/PostProcessing/FilmGrainPackConstants.usf" 2662
"../../../Engine/Shaders/Private/PostProcessing/FilmGrainReduce.usf" 2663
"../../../Engine/Shaders/Private/PostProcessTestImage.usf" 2664
"../../../Engine/Shaders/Private/PostProcessSubsurface.usf" 2665
"../../../Engine/Shaders/Private/SeparableSSS.ush" 2666
"../../../Engine/Shaders/Private/SubsurfaceBurleyNormalized.ush" 2667
"../../../Engine/Shaders/Private/PostProcessSelectionOutline.usf" 2668
"../../../Engine/Shaders/Private/MotionBlur/MotionBlurVisualize.usf" 2669
"../../../Engine/Shaders/Private/MotionBlur/MotionBlurApply.usf" 2670
"../../../Engine/Shaders/Private/MotionBlur/MotionBlurFilterTileClassify.usf" 2671
"../../../Engine/Shaders/Private/MotionBlur/MotionBlurTileScatter.usf" 2672
"../../../Engine/Shaders/Private/MotionBlur/MotionBlurTileGather.usf" 2673
"../../../Engine/Shaders/Private/MotionBlur/MotionBlurVelocityFlatten.usf" 2674
"../../../Engine/Shaders/Private/PostProcessMobile.usf" 2675
"../../../Engine/Shaders/Private/PostProcessMitchellNetravali.usf" 2676
"../../../Engine/Shaders/Private/PostProcessMaterialShaders.usf" 2677
"../../../Engine/Shaders/Private/NeuralPostProcessCommon.usf" 2678
"../../../Engine/Shaders/Private/PostProcessLocalExposure.usf" 2679
"../../../Engine/Shaders/Private/PostProcessLensFlares.usf" 2680
"../../../Engine/Shaders/Private/PostProcessGBufferHints.usf" 2681
"../../../Engine/Shaders/Private/PostProcessHMD.usf" 2682
"../../../Engine/Shaders/Private/Histogram.usf" 2683
"../../../Engine/Shaders/Private/PostProcessHistogramReduce.usf" 2684
"../../../Engine/Shaders/Private/PostProcessHistogram.usf" 2685
"../../../Engine/Shaders/Private/Bloom/BloomFinalizeApplyConstants.usf" 2686
"../../../Engine/Shaders/Private/Bloom/BloomCommon.ush" 2687
"../../../Engine/Shaders/Private/Bloom/BloomResizeKernel.usf" 2688
"../../../Engine/Shaders/Private/Bloom/BloomDownsampleKernel.usf" 2689
"../../../Engine/Shaders/Private/Bloom/BloomClampKernel.usf" 2690
"../../../Engine/Shaders/Private/Bloom/BloomPackKernelConstants.usf" 2691
"../../../Engine/Shaders/Private/Bloom/BloomSumScatterDispersionEnergy.usf" 2692
"../../../Engine/Shaders/Private/Bloom/BloomReduceKernelSurvey.usf" 2693
"../../../Engine/Shaders/Private/Bloom/BloomSurveyKernelCenterEnergy.usf" 2694
"../../../Engine/Shaders/Private/Bloom/BloomSurveyMaxScatterDispersion.usf" 2695
"../../../Engine/Shaders/Private/Bloom/BloomFindKernelCenter.usf" 2696
"../../../Engine/Shaders/Private/PostProcessEyeAdaptation.usf" 2697
"../../../Engine/Shaders/Private/TranslucencyVolumeCommon.ush" 2698
"../../../Engine/Shaders/Private/PostProcessEyeAdaptationUtils.usf" 2699
"../../../Engine/Shaders/Private/PostProcessDownsample.usf" 2700
"../../../Engine/Shaders/Private/PostProcessDOF.usf" 2701
"../../../Engine/Shaders/Private/PostProcessDeviceEncodingOnly.usf" 2702
"../../../Engine/Shaders/Private/PostProcessCompositePrimitives.usf" 2703
"../../../Engine/Shaders/Private/PostProcessCombineLUTs.usf" 2704
"../../../Engine/Shaders/Private/PostProcessVisualizeDOF.usf" 2705
"../../../Engine/Shaders/Private/PostProcessBloom.usf" 2706
"../../../Engine/Shaders/Private/PostProcessAmbientOcclusionMobile.usf" 2707
"../../../Engine/Shaders/Private/PostProcessAmbientOcclusionCommon.ush" 2708
"../../../Engine/Shaders/Private/FXAAShader.usf" 2709
"../../../Engine/Shaders/Private/Fxaa3_11.ush" 2710
"../../../Engine/Shaders/Private/PaniniProjection.usf" 2711
"../../../Engine/Shaders/Private/DiaphragmDOF/DOFRecombine.usf" 2712
"../../../Engine/Shaders/Private/DiaphragmDOF/DOFHybridScatterPixelShader.usf" 2713
"../../../Engine/Shaders/Private/DiaphragmDOF/DOFHybridScatterCommon.ush" 2714
"../../../Engine/Shaders/Private/DiaphragmDOF/DOFVignetteCommon.ush" 2715
"../../../Engine/Shaders/Private/DiaphragmDOF/DOFHybridScatterVertexShader.usf" 2716
"../../../Engine/Shaders/Private/DiaphragmDOF/DOFPostfiltering.usf" 2717
"../../../Engine/Shaders/Private/DiaphragmDOF/DOFGatherTileSuggest.ush" 2718
"../../../Engine/Shaders/Private/DiaphragmDOF/DOFCocTileCommon.ush" 2719
"../../../Engine/Shaders/Private/DiaphragmDOF/DOFGatherPass.usf" 2720
"../../../Engine/Shaders/Private/DiaphragmDOF/DOFGatherCommon.ush" 2721
"../../../Engine/Shaders/Private/DiaphragmDOF/DOFGatherAccumulator.ush" 2722
"../../../Engine/Shaders/Private/DiaphragmDOF/DOFGatherKernel.ush" 2723
"../../../Engine/Shaders/Private/DiaphragmDOF/DOFBokehLUT.usf" 2724
"../../../Engine/Shaders/Private/DiaphragmDOF/DOFHybridScatterCompilation.usf" 2725
"../../../Engine/Shaders/Private/DiaphragmDOF/DOFReduce.usf" 2726
"../../../Engine/Shaders/Private/DiaphragmDOF/DOFDownsample.ush" 2727
"../../../Engine/Shaders/Private/DiaphragmDOF/DOFHybridScatterCompilation.ush" 2728
"../../../Engine/Shaders/Private/DiaphragmDOF/DOFDownsample.usf" 2729
"../../../Engine/Shaders/Private/DiaphragmDOF/DOFCocTileDilate.usf" 2730
"../../../Engine/Shaders/Private/DiaphragmDOF/DOFCocTileFlatten.usf" 2731
"../../../Engine/Shaders/Private/DiaphragmDOF/DOFSetup.usf" 2732
"../../../Engine/Shaders/Private/Tools/DebugAlphaChannel.usf" 2733
"../../../Engine/Shaders/Private/PostProcessAlphaInvert.usf" 2734
"../../../Engine/Shaders/Private/PlanarReflectionShaders.usf" 2735
"../../../Engine/Shaders/Private/PhysicsFieldVisualizer.usf" 2736
"../../../Engine/Shaders/Private/PathTracing/PathTracingSpatialTemporalDenoising.usf" 2737
"../../../Engine/Shaders/Private/ColorDifference.ush" 2738
"../../../Engine/Shaders/Private/PathTracing/PathTracingCompositingPixelShader.usf" 2739
"../../../Engine/Shaders/Private/PathTracing/PathTracingAdaptiveUtils.ush" 2740
"../../../Engine/Shaders/Private/PathTracing/PathTracingDefaultHitShader.usf" 2741
"../../../Engine/Shaders/Private/PathTracing/PathTracingGPULightmassMaterialHitShader.usf" 2742
"../../../Engine/Shaders/Private/PathTracing/PathTracingMaterialHitShader.usf" 2743
"../../../Engine/Shaders/Private/PathTracing/Material/PathTracingSubstrateCommon.ush" 2744
"../../../Engine/Shaders/Private/PathTracing/PathTracingLightingMissShader.usf" 2745
"../../../Engine/Shaders/Private/PathTracing/PathTracingMissShader.usf" 2746
"../../../Engine/Shaders/Private/PathTracing/PathTracingAdaptiveStart.usf" 2747
"../../../Engine/Shaders/Private/PathTracing/PathTracingBuildAdaptiveError.usf" 2748
"../../../Engine/Shaders/Private/PathTracing/PathTracingVolumetricCloudMaterialShader.usf" 2749
"../../../Engine/Shaders/Private/PathTracing/Volume/PathTracingCloudsMaterialCommon.ush" 2750
"../../../Engine/Shaders/Private/PathTracing/Volume/PathTracingVolumeCommon.ush" 2751
"../../../Engine/Shaders/Private/PathTracing/Volume/PathTracingCloudsCommon.ush" 2752
"../../../Engine/Shaders/Private/PathTracing/Volume/PathTracingFog.ush" 2753
"../../../Engine/Shaders/Private/PathTracing/Volume/PathTracingAtmosphere.ush" 2754
"../../../Engine/Shaders/Private/PathTracing/Volume/PathTracingAtmosphereCommon.ush" 2755
"../../../Engine/Shaders/Private/PathTracing/Volume/PathTracingVolumeSampling.ush" 2756
"../../../Engine/Shaders/Private/PathTracing/PathTracingBuildCloudAccelerationMap.usf" 2757
"../../../Engine/Shaders/Private/PathTracing/PathTracingBuildAtmosphereLUT.usf" 2758
"../../../Engine/Shaders/Private/PathTracing/PathTracingSwizzleScanlines.usf" 2759
"../../../Engine/Shaders/Private/PathTracing/PathTracingInitExtinctionCoefficient.usf" 2760
"../../../Engine/Shaders/Private/PathTracing/PathTracingCopyDepth.usf" 2761
"../../../Engine/Shaders/Private/PathTracing/PathTracingDebug.usf" 2762
"../../../Engine/Shaders/Private/RayTracing/RayTracingDecalGrid.ush" 2763
"../../../Engine/Shaders/Private/PathTracing/Material/PathTracingMaterialSampling.ush" 2764
"../../../Engine/Shaders/Private/PathTracing/Material/PathTracingLambert.ush" 2765
"../../../Engine/Shaders/Private/PathTracing/Material/PathTracingSubstrate.ush" 2766
"../../../Engine/Shaders/Private/PathTracing/Material/PathTracingSubstrateFoliage.ush" 2767
"../../../Engine/Shaders/Private/PathTracing/Material/PathTracingSubstrateSolidGlass.ush" 2768
"../../../Engine/Shaders/Private/PathTracing/Material/PathTracingSubstrateThinGlass.ush" 2769
"../../../Engine/Shaders/Private/PathTracing/Material/PathTracingSolidGlass.ush" 2770
"../../../Engine/Shaders/Private/PathTracing/Material/PathTracingEnergyConservation.ush" 2771
"../../../Engine/Shaders/Private/PathTracing/Material/PathTracingThinGlass.ush" 2772
"../../../Engine/Shaders/Private/PathTracing/Material/PathTracingDefaultLit.ush" 2773
"../../../Engine/Shaders/Private/PathTracing/Material/PathTracingClearCoat.ush" 2774
"../../../Engine/Shaders/Private/PathTracing/Material/PathTracingTwoSidedFoliage.ush" 2775
"../../../Engine/Shaders/Private/PathTracing/Material/PathTracingCloth.ush" 2776
"../../../Engine/Shaders/Private/PathTracing/Material/PathTracingSubsurfaceProfile.ush" 2777
"../../../Engine/Shaders/Private/PathTracing/Material/PathTracingEye.ush" 2778
"../../../Engine/Shaders/Private/PathTracing/Material/PathTracingHair.ush" 2779
"../../../Engine/Shaders/Private/PathTracing/Material/PathTracingMedium.ush" 2780
"../../../Engine/Shaders/Private/PathTracing/Light/PathTracingLightSampling.ush" 2781
"../../../Engine/Shaders/Private/PathTracing/Light/PathTracingLightCommon.ush" 2782
"../../../Engine/Shaders/Private/PathTracing/Light/PathTracingDirectionalLight.ush" 2783
"../../../Engine/Shaders/Private/PathTracing/Light/PathTracingPointLight.ush" 2784
"../../../Engine/Shaders/Private/PathTracing/Light/PathTracingCapsuleLight.ush" 2785
"../../../Engine/Shaders/Private/PathTracing/Light/PathTracingRectLight.ush" 2786
"../../../Engine/Shaders/Private/PathTracing/Light/PathTracingSkyLight.ush" 2787
"../../../Engine/Shaders/Private/PathTracing/Light/PathTracingLightGrid.ush" 2788
"../../../Engine/Shaders/Private/PathTracing/PathTracing.usf" 2789
"../../../Engine/Shaders/Private/PathTracing/PathTracingCore.ush" 2790
"../../../Engine/Shaders/Private/HeterogeneousVolumes/HeterogeneousVolumesVoxelGridTypes.ush" 2791
"../../../Engine/Shaders/Private/PathTracing/Volume/PathTracingVolume.ush" 2792
"../../../Engine/Shaders/Private/PathTracing/Volume/PathTracingClouds.ush" 2793
"../../../Engine/Shaders/Private/PathTracing/Volume/PathTracingHeterogeneousVolumes.ush" 2794
"../../../Engine/Shaders/Private/HeterogeneousVolumes/HeterogeneousVolumesVoxelGridTraversal.ush" 2795
"../../../Engine/Shaders/Private/HeterogeneousVolumes/HeterogeneousVolumesVoxelGridUtils.ush" 2796
"../../../Engine/Shaders/Private/HeterogeneousVolumes/HeterogeneousVolumesFrustumVoxelGridUtils.ush" 2797
"../../../Engine/Shaders/Private/PathTracing/PathTracingBuildLightGrid.usf" 2798
"../../../Engine/Shaders/Private/PathTracing/PathTracingSkylightMISCompensation.usf" 2799
"../../../Engine/Shaders/Private/PathTracing/PathTracingSkylightPrepare.usf" 2800
"../../../Engine/Shaders/Private/OIT/OITSorting.usf" 2801
"../../../Engine/Shaders/Private/OITCombine.usf" 2802
"../../../Engine/Shaders/Private/OITCommon.ush" 2803
"../../../Engine/Shaders/Private/Nanite/Voxel/RasterizeBricks.usf" 2804
"../../../Engine/Shaders/Private/Nanite/Voxel/Brick.ush" 2805
"../../../Engine/Shaders/Private/Nanite/Voxel/Voxel.ush" 2806
"../../../Engine/Shaders/Private/Nanite/Voxel/ScatterBricks.usf" 2807
"../../../Engine/Shaders/Private/Nanite/Voxel/TileBricks.usf" 2808
"../../../Engine/Shaders/Private/Nanite/Voxel/AutoVoxel.usf" 2809
"../../../Engine/Shaders/Private/Nanite/NaniteDebugViews.usf" 2810
"../../../Engine/Shaders/Private/Nanite/NaniteEditorCommon.ush" 2811
"../../../Engine/Shaders/Private/BinarySearch.ush" 2812
"../../../Engine/Shaders/Private/Nanite/NaniteDepthDecode.usf" 2813
"../../../Engine/Shaders/Private/HTileEncoding.ush" 2814
"../../../Engine/Shaders/Private/Nanite/NaniteVisualize.usf" 2815
"../../../Engine/Shaders/Private/Nanite/NaniteStreamOut.usf" 2816
"../../../Engine/Shaders/Private/Nanite/NaniteHierarchyTraversal.ush" 2817
"../../../Engine/Shaders/Private/Nanite/NaniteSkinningUpdateViewData.usf" 2818
"../../../Engine/Shaders/Private/Skinning/TransformProviders.usf" 2819
"../../../Engine/Shaders/Private/Nanite/NaniteShadeBinning.usf" 2820
"../../../Engine/Shaders/Private/Nanite/NaniteShadeCommon.ush" 2821
"../../../Engine/Shaders/Private/Nanite/NaniteFastClear.usf" 2822
"../../../Engine/Shaders/Private/Nanite/NaniteExportGBuffer.usf" 2823
"../../../Engine/Shaders/Private/Nanite/NaniteClusterCulling.usf" 2824
"../../../Engine/Shaders/Private/Nanite/NanitePrintStats.usf" 2825
"../../../Engine/Shaders/Private/Nanite/NaniteRasterizer.usf" 2826
"../../../Engine/Shaders/Private/Nanite/NaniteRasterizationCommon.ush" 2827
"../../../Engine/Shaders/Private/Nanite/NaniteRasterizer.ush" 2828
"../../../Engine/Shaders/Private/Nanite/NaniteWritePixel.ush" 2829
"../../../Engine/Shaders/Private/Nanite/NaniteTessellation.ush" 2830
"../../../Engine/Shaders/Private/WorkDistribution.ush" 2831
"../../../Engine/Shaders/Private/Nanite/NaniteDice.ush" 2832
"../../../Engine/Shaders/Private/ShaderBundleWorkGraphCommon.ush" 2833
"../../../Engine/Shaders/Public/RootConstants.ush" 2834
"../../../Engine/Shaders/Public/Platform/D3D/D3DRootConstants.ush" 2835
"../../../Engine/Shaders/Private/Nanite/NaniteSplit.usf" 2836
"../../../Engine/Shaders/Private/Nanite/NaniteRasterBinning.usf" 2837
"../../../Engine/Shaders/Private/Nanite/NaniteInstanceCulling.usf" 2838
"../../../Engine/Shaders/Private/Nanite/NaniteImposter.ush" 2839
"../../../Engine/Shaders/Private/Nanite/NaniteInstanceHierarchyCulling.usf" 2840
"../../../Engine/Shaders/Private/WorkGroupLoadBalancer.ush" 2841
"../../../Engine/Shaders/Private/Nanite/NanitePrimitiveFilter.usf" 2842
"../../../Engine/Shaders/Private/Nanite/NaniteRasterClear.usf" 2843
"../../../Engine/Shaders/Private/Nanite/NaniteDepthExport.usf" 2844
"../../../Engine/Shaders/Private/Nanite/NaniteEmitShadow.usf" 2845
"../../../Engine/Shaders/Private/MobileDeferredUtils.usf" 2846
"../../../Engine/Shaders/Private/MobileLocalLightsBuffer.usf" 2847
"../../../Engine/Shaders/Private/MobileFog.usf" 2848
"../../../Engine/Shaders/Private/DistortApplyScreenPS.usf" 2849
"../../../Engine/Shaders/Private/MobileDeferredShading.usf" 2850
"../../../Engine/Shaders/Private/MobileBasePassPixelShader.usf" 2851
"../../../Engine/Shaders/Private/MobileBasePassCommon.ush" 2852
"../../../Engine/Shaders/Private/BasePassCommon.ush" 2853
"../../../Engine/Shaders/Private/ShadingModelsMaterial.ush" 2854
"../../../Engine/Shaders/Private/ThinTranslucentCommon.ush" 2855
"../../../Engine/Shaders/Private/SingleLayerWaterShading.ush" 2856
"../../../Engine/Shaders/Private/DistortionCommon.ush" 2857
"../../../Engine/Shaders/Private/Substrate/SubstrateMobileForwardLighting.ush" 2858
"../../../Engine/Shaders/Private/MobileBasePassVertexShader.usf" 2859
"../../../Engine/Shaders/Private/MeshEdges.usf" 2860
"../../../Engine/Shaders/Private/MegaLights/MegaLightsVSMTracing.usf" 2861
"../../../Engine/Shaders/Private/MegaLights/MegaLights.ush" 2862
"../../../Engine/Shaders/Shared/MegaLightsDefinitions.h" 2863
"../../../Engine/Shaders/Private/HairStrands/HairStrandsVisibilityUtils.ush" 2864
"../../../Engine/Shaders/Private/MegaLights/MegaLightsRayTracing.ush" 2865
"../../../Engine/Shaders/Private/MegaLights/MegaLightsRayTracing.usf" 2866
"../../../Engine/Shaders/Private/DistanceField/GlobalDistanceFieldUtils.ush" 2867
"../../../Engine/Shaders/Private/Lumen/LumenScreenTracing.ush" 2868
"../../../Engine/Shaders/Private/MegaLights/MegaLightsVolumeRayTracing.usf" 2869
"../../../Engine/Shaders/Private/MegaLights/MegaLightsVolume.ush" 2870
"../../../Engine/Shaders/Private/MegaLights/MegaLightsVolumeHardwareRayTracing.usf" 2871
"../../../Engine/Shaders/Private/Lumen/LumenHardwareRayTracingCommon.ush" 2872
"../../../Engine/Shaders/Private/RayTracing/RayTracingReflectionEnvironment.ush" 2873
"../../../Engine/Shaders/Private/Lumen/LumenHardwareRayTracingPlatformCommon.ush" 2874
"../../../Engine/Shaders/Private/Lumen/LumenReflectionsCombine.ush" 2875
"../../../Engine/Shaders/Private/Lumen/LumenTracingCommon.ush" 2876
"../../../Engine/Shaders/Private/Lumen/SurfaceCache/LumenSurfaceCacheSampling.ush" 2877
"../../../Engine/Shaders/Private/Lumen/SurfaceCache/LumenSurfaceCache.ush" 2878
"../../../Engine/Shaders/Private/Lumen/LumenCardCommon.ush" 2879
"../../../Engine/Shaders/Private/Lumen/LumenCardTileShadowDownsampleFactor.ush" 2880
"../../../Engine/Shaders/Private/MegaLights/MegaLightsHardwareRayTracing.usf" 2881
"../../../Engine/Shaders/Private/MegaLights/MegaLights.usf" 2882
"../../../Engine/Shaders/Private/MegaLights/MegaLightsShading.ush" 2883
"../../../Engine/Shaders/Private/MegaLights/MegaLightsFilterVisibleLightHash.usf" 2884
"../../../Engine/Shaders/Private/MegaLights/MegaLightsDenoiserSpatial.usf" 2885
"../../../Engine/Shaders/Private/Lumen/LumenReflectionDenoiserCommon.ush" 2886
"../../../Engine/Shaders/Private/MegaLights/MegaLightsDenoiserTemporal.usf" 2887
"../../../Engine/Shaders/Private/MegaLights/MegaLightsShading.usf" 2888
"../../../Engine/Shaders/Private/StochasticLighting/StochasticLightingUpsample.ush" 2889
"../../../Engine/Shaders/Private/MegaLights/MegaLightsVisibleLightHash.usf" 2890
"../../../Engine/Shaders/Private/MegaLights/MegaLightsVolumeShading.usf" 2891
"../../../Engine/Shaders/Private/MegaLights/MegaLightsSampling.usf" 2892
"../../../Engine/Shaders/Private/MegaLights/MegaLightsSampling.ush" 2893
"../../../Engine/Shaders/Private/MegaLights/MegaLightsVolumeSampling.usf" 2894
"../../../Engine/Shaders/Private/MaterialCache/MaterialCacheABufferPages.usf" 2895
"../../../Engine/Shaders/Private/MaterialCache/MaterialCacheShade.usf" 2896
"../../../Engine/Shaders/Private/MaterialCache/MaterialCacheUnwrapNaniteShade.usf" 2897
"../../../Engine/Shaders/Private/MaterialCache/MaterialCacheUnwrapPixelShader.usf" 2898
"../../../Engine/Shaders/Private/MaterialCache/MaterialCacheUnwrapVertexShader.usf" 2899
"../../../Engine/Shaders/Private/Lumen/LumenVisualizeRadianceCache.usf" 2900
"../../../Engine/Shaders/Private/Lumen/LumenRadianceCacheCommon.ush" 2901
"../../../Engine/Shaders/Private/Lumen/LumenVisualizeHardwareRayTracing.usf" 2902
"../../../Engine/Shaders/Private/Lumen/LumenVisualize.ush" 2903
"../../../Engine/Shaders/Private/Lumen/LumenHairTracing.ush" 2904
"../../../Engine/Shaders/Private/Lumen/LumenVisualize.usf" 2905
"../../../Engine/Shaders/Private/Lumen/LumenSoftwareRayTracing.ush" 2906
"../../../Engine/Shaders/Private/DistanceField/GlobalDistanceFieldObjectGrid.ush" 2907
"../../../Engine/Shaders/Private/DistanceFieldLightingShared.ush" 2908
"../../../Engine/Shaders/Private/Lumen/LumenVisualizeTraces.ush" 2909
"../../../Engine/Shaders/Private/Lumen/LumenTranslucencyVolumeLighting.usf" 2910
"../../../Engine/Shaders/Private/Lumen/LumenRadianceCacheMarkCommon.ush" 2911
"../../../Engine/Shaders/Private/Lumen/LumenTranslucencyVolumeLightingShared.ush" 2912
"../../../Engine/Shaders/Private/Lumen/LumenScreenProbeCommon.ush" 2913
"../../../Engine/Shaders/Private/RayTracing/RayGenUtils.ush" 2914
"../../../Engine/Shaders/Private/Lumen/LumenRadianceCacheTracingCommon.ush" 2915
"../../../Engine/Shaders/Private/Lumen/LumenTranslucencyVolumeHardwareRayTracing.usf" 2916
"../../../Engine/Shaders/Private/Lumen/LumenTranslucencyRadianceCacheMarkShaders.usf" 2917
"../../../Engine/Shaders/Private/Lumen/SurfaceCache/LumenSurfaceCache.usf" 2918
"../../../Engine/Shaders/Private/Lumen/LumenShortRangeAOHardwareRayTracing.usf" 2919
"../../../Engine/Shaders/Private/Lumen/LumenScreenSpaceBentNormal.ush" 2920
"../../../Engine/Shaders/Private/Lumen/LumenScreenSpaceBentNormal.usf" 2921
"../../../Engine/Shaders/Private/Lumen/LumenScreenProbeTracing.usf" 2922
"../../../Engine/Shaders/Private/Lumen/LumenScreenProbeTracingCommon.ush" 2923
"../../../Engine/Shaders/Private/Lumen/LumenFloatQuantization.ush" 2924
"../../../Engine/Shaders/Private/Lumen/LumenScreenProbeImportanceSampling.usf" 2925
"../../../Engine/Shaders/Private/Lumen/LumenScreenProbeImportanceSamplingShared.ush" 2926
"../../../Engine/Shaders/Private/Lumen/LumenScreenProbeHardwareRayTracing.usf" 2927
"../../../Engine/Shaders/Private/Lumen/LumenScreenProbeDebug.usf" 2928
"../../../Engine/Shaders/Private/Lumen/LumenScreenProbeGather.usf" 2929
"../../../Engine/Shaders/Private/Lumen/LumenScreenProbeGatherTemporal.usf" 2930
"../../../Engine/Shaders/Private/Lumen/LumenScreenProbeFiltering.usf" 2931
"../../../Engine/Shaders/Private/Lumen/LumenSceneLighting.usf" 2932
"../../../Engine/Shaders/Private/Lumen/LumenCardTile.ush" 2933
"../../../Engine/Shaders/Private/Lumen/LumenSceneLighting.ush" 2934
"../../../Engine/Shaders/Private/Lumen/Radiosity/LumenRadiosity.ush" 2935
"../../../Engine/Shaders/Private/Lumen/LumenSceneLightingDebug.usf" 2936
"../../../Engine/Shaders/Private/Lumen/LumenScene.usf" 2937
"../../../Engine/Shaders/Private/Lumen/LumenSceneDirectLightingHardwareRayTracing.usf" 2938
"../../../Engine/Shaders/Private/Lumen/LumenSceneDirectLightingStochastic.ush" 2939
"../../../Engine/Shaders/Private/Lumen/LumenReflectionCommon.ush" 2940
"../../../Engine/Shaders/Private/Lumen/LumenSceneDirectLighting.ush" 2941
"../../../Engine/Shaders/Private/Lumen/LumenSceneDebugHardwareRayTracing.usf" 2942
"../../../Engine/Shaders/Private/Lumen/LumenSceneDirectLightingStochastic.usf" 2943
"../../../Engine/Shaders/Private/Lumen/LumenSceneDirectLightingSoftwareRayTracing.usf" 2944
"../../../Engine/Shaders/Private/DistanceFieldShadowingShared.ush" 2945
"../../../Engine/Shaders/Private/Lumen/LumenSceneDirectLightingPerLightShadowCommon.ush" 2946
"../../../Engine/Shaders/Private/Lumen/LumenSceneDirectLightingShadowMask.usf" 2947
"../../../Engine/Shaders/Private/Lumen/LumenSceneDirectLighting.usf" 2948
"../../../Engine/Shaders/Private/Lumen/LumenSceneDirectLightingCulling.usf" 2949
"../../../Engine/Shaders/Private/Lumen/LumenCardComputeShader.usf" 2950
"../../../Engine/Shaders/Private/Lumen/LumenCardBasePass.ush" 2951
"../../../Engine/Shaders/Private/Lumen/LumenCardPixelShader.usf" 2952
"../../../Engine/Shaders/Private/Lumen/LumenCardVertexShader.usf" 2953
"../../../Engine/Shaders/Private/Lumen/LumenReSTIRGather.usf" 2954
"../../../Engine/Shaders/Private/Lumen/LumenReflectionTracing.usf" 2955
"../../../Engine/Shaders/Private/Lumen/LumenReflectionDenoiserSpatial.usf" 2956
"../../../Engine/Shaders/Private/Lumen/LumenReflectionDenoiserClear.usf" 2957
"../../../Engine/Shaders/Private/Lumen/LumenReflectionDenoiserTemporal.usf" 2958
"../../../Engine/Shaders/Private/Lumen/LumenReflectionResolve.usf" 2959
"../../../Engine/Shaders/Private/Lumen/LumenReflections.usf" 2960
"../../../Engine/Shaders/Private/Lumen/RayTracedTranslucency.usf" 2961
"../../../Engine/Shaders/Private/Lumen/LumenReflectionHardwareRayTracing.usf" 2962
"../../../Engine/Shaders/Private/Lumen/Radiosity/LumenVisualizeRadiosityProbes.usf" 2963
"../../../Engine/Shaders/Private/Lumen/Radiosity/LumenRadiosity.usf" 2964
"../../../Engine/Shaders/Private/Lumen/Radiosity/LumenRadiosityHardwareRayTracing.usf" 2965
"../../../Engine/Shaders/Private/Lumen/Radiosity/LumenRadiosityCulling.usf" 2966
"../../../Engine/Shaders/Private/Lumen/LumenRadianceCacheHardwareRayTracing.usf" 2967
"../../../Engine/Shaders/Private/Lumen/LumenRadianceCache.usf" 2968
"../../../Engine/Shaders/Private/Lumen/LumenRadianceCacheUpdate.ush" 2969
"../../../Engine/Shaders/Private/Lumen/LumenRadianceCacheDebug.usf" 2970
"../../../Engine/Shaders/Private/Lumen/LumenRadianceCacheUpdate.usf" 2971
"../../../Engine/Shaders/Private/Lumen/LumenMeshSDFCulling.usf" 2972
"../../../Engine/Shaders/Private/HybridIndirectLighting.ush" 2973
"../../../Engine/Shaders/Private/MeshDistanceFieldCommon.ush" 2974
"../../../Engine/Shaders/Private/Lumen/LumenIrradianceFieldGather.usf" 2975
"../../../Engine/Shaders/Private/Lumen/LumenHardwareRayTracingMaterials.usf" 2976
"../../../Engine/Shaders/Private/Lumen/LumenFrontLayerTranslucency.usf" 2977
"../../../Engine/Shaders/Private/LocalFogVolumes/LocalFogVolumeSplat.usf" 2978
"../../../Engine/Shaders/Private/LocalFogVolumes/LocalFogVolumeTiledCulling.usf" 2979
"../../../Engine/Shaders/Private/LightShaftShader.usf" 2980
"../../../Engine/Shaders/Private/StationaryLightOverlapShaders.usf" 2981
"../../../Engine/Shaders/Private/DeferredLightPixelShaders.usf" 2982
"../../../Engine/Shaders/Private/DeferredLightVertexShaders.usf" 2983
"../../../Engine/Shaders/Private/LightMapDensityShader.usf" 2984
"../../../Engine/Shaders/Private/LightGridInjection.usf" 2985
"../../../Engine/Shaders/Shared/LightGridDefinitions.h" 2986
"../../../Engine/Shaders/Private/LightFunctionPixelShader.usf" 2987
"../../../Engine/Shaders/Private/LightFunctionVertexShader.usf" 2988
"../../../Engine/Shaders/Private/LightFunctionAtlas/LightFunctionAtlasRender.usf" 2989
"../../../Engine/Shaders/Private/InstanceCulling/InstanceCullingOcclusionQuery.usf" 2990
"../../../Engine/Shaders/Private/InstanceCulling/InstanceCullingSetup.ush" 2991
"../../../Engine/Shaders/Private/InstanceCulling/BuildInstanceDrawCommands.usf" 2992
"../../../Engine/Shaders/Private/InstanceCulling/InstanceCompactionCommon.ush" 2993
"../../../Engine/Shaders/Private/SceneDataMobileWriter.ush" 2994
"../../../Engine/Shaders/Private/InstanceCulling/CompactVisibleInstances.usf" 2995
"../../../Engine/Shaders/Private/ReflectionEnvironmentPixelShader.usf" 2996
"../../../Engine/Shaders/Private/AmbientCubemapComposite.usf" 2997
"../../../Engine/Shaders/Private/DiffuseIndirectComposite.usf" 2998
"../../../Engine/Shaders/Private/IESAtlas.usf" 2999
"../../../Engine/Shaders/Private/HeterogeneousVolumes/HeterogeneousVolumesVoxelGridShadows.usf" 3000
"../../../Engine/Shaders/Private/HeterogeneousVolumes/HeterogeneousVolumesStochasticFiltering.ush" 3001
"../../../Engine/Shaders/Private/HeterogeneousVolumes/HeterogeneousVolumesVoxelGridRenderingUtils.ush" 3002
"../../../Engine/Shaders/Private/HeterogeneousVolumes/HeterogeneousVolumesLightingUtils.ush" 3003
"../../../Engine/Shaders/Private/HeterogeneousVolumes/HeterogeneousVolumesVoxelGridRendering.usf" 3004
"../../../Engine/Shaders/Private/HeterogeneousVolumes/HeterogeneousVolumesVoxelGridPipeline.usf" 3005
"../../../Engine/Shaders/Private/HeterogeneousVolumes/HeterogeneousVolumesMaterialBakingPipeline.usf" 3006
"../../../Engine/Shaders/Private/HeterogeneousVolumes/HeterogeneousVolumesLiveShadingUtils.ush" 3007
"../../../Engine/Shaders/Private/HeterogeneousVolumes/HeterogeneousVolumesFrustumVoxelGrid.usf" 3008
"../../../Engine/Shaders/Private/HeterogeneousVolumes/HeterogeneousVolumesSparseVoxelPipeline.usf" 3009
"../../../Engine/Shaders/Private/HeterogeneousVolumes/HeterogeneousVolumesSparseVoxelUtils.ush" 3010
"../../../Engine/Shaders/Private/HeterogeneousVolumes/HeterogeneousVolumesSparseVoxelUniformBufferUtils.ush" 3011
"../../../Engine/Shaders/Private/HeterogeneousVolumes/HeterogeneousVolumesPreshadingPipeline.usf" 3012
"../../../Engine/Shaders/Private/HeterogeneousVolumes/HeterogeneousVolumesLiveShadingShadows.usf" 3013
"../../../Engine/Shaders/Private/HeterogeneousVolumes/HeterogeneousVolumesLiveShadingGlobalPipeline.usf" 3014
"../../../Engine/Shaders/Private/HeterogeneousVolumes/HeterogeneousVolumesLiveShadingPipeline.usf" 3015
"../../../Engine/Shaders/Private/HeterogeneousVolumes/HeterogeneousVolumesHardwareRayTracing.usf" 3016
"../../../Engine/Shaders/Private/HeterogeneousVolumes/HeterogeneousVolumesAmbientOcclusionPipeline.usf" 3017
"../../../Engine/Shaders/Private/HeterogeneousVolumes/HeterogeneousVolumesComposite.usf" 3018
"../../../Engine/Shaders/Private/HdrCustomResolveShaders.usf" 3019
"../../../Engine/Shaders/Private/HairStrands/RenderCurveRaster.usf" 3020
"../../../Engine/Shaders/Private/HairStrands/HairStrandsVoxelRasterCompute.usf" 3021
"../../../Engine/Shaders/Private/HairStrands/HairStrandsHitProxy.usf" 3022
"../../../Engine/Shaders/Private/HairStrands/HairStrandsVisibilityRasterComputeNaive.usf" 3023
"../../../Engine/Shaders/Private/HairStrands/HairStrandsVisibilityRasterHW.usf" 3024
"../../../Engine/Shaders/Private/HairStrands/HairStrandsVisibilityRasterCompute.usf" 3025
"../../../Engine/Shaders/Private/HairStrands/HairStrandsVisibilityRasterClassification.usf" 3026
"../../../Engine/Shaders/Private/HairStrands/HairStrandsCoverage.usf" 3027
"../../../Engine/Shaders/Private/HairStrands/HairStrandsVisibilityDepthPS.usf" 3028
"../../../Engine/Shaders/Private/HairStrands/HairStrandsVisibilityTransmittanceDepthPS.usf" 3029
"../../../Engine/Shaders/Private/HairStrands/HairStrandsVisibilityFillOpaqueDepthPS.usf" 3030
"../../../Engine/Shaders/Private/HairStrands/HairStrandsVisibilityCompactionComputeRaster.usf" 3031
"../../../Engine/Shaders/Private/HairStrands/HairStrandsVisibilityCompaction.usf" 3032
"../../../Engine/Shaders/Private/HairStrands/HairStrandsVisibilityCopyIndirectArg.usf" 3033
"../../../Engine/Shaders/Private/HairStrands/HairStrandsVisibilityClearPS.usf" 3034
"../../../Engine/Shaders/Private/HairStrands/HairStrandsVisibilityPS.usf" 3035
"../../../Engine/Shaders/Private/HairStrands/HairStrandsVisibilityVS.usf" 3036
"../../../Engine/Shaders/Private/HairStrands/HairStrandsVelocity.usf" 3037
"../../../Engine/Shaders/Private/HairStrands/HairStrandsVisibilityComputeSampleCoverage.usf" 3038
"../../../Engine/Shaders/Private/HairStrands/HairStrandsMaterialPS.usf" 3039
"../../../Engine/Shaders/Private/HairStrands/HairStrandsMaterialCommon.ush" 3040
"../../../Engine/Shaders/Private/HairStrands/HairStrandsMaterialVS.usf" 3041
"../../../Engine/Shaders/Private/HairStrands/HairStrandsLightSample.usf" 3042
"../../../Engine/Shaders/Private/HairStrands/HairStrandsDeepShadowMask.usf" 3043
"../../../Engine/Shaders/Private/HairStrands/HairStrandsDeepTransmittanceMask.usf" 3044
"../../../Engine/Shaders/Private/HairStrands/HairStrandsVisibilityTile.usf" 3045
"../../../Engine/Shaders/Private/HairStrands/HairStrandsDeepShadowPS.usf" 3046
"../../../Engine/Shaders/Private/HairStrands/HairStrandsDeepShadowVS.usf" 3047
"../../../Engine/Shaders/Private/HairStrands/HairStrandsAABB.usf" 3048
"../../../Engine/Shaders/Private/HairStrands/HairStrandsLUT.usf" 3049
"../../../Engine/Shaders/Private/HairStrands/HairStrandsForwardRaster.usf" 3050
"../../../Engine/Shaders/Private/HairStrands/HairStrandsForwardCulling.usf" 3051
"../../../Engine/Shaders/Private/HairStrands/HairStrandsEnvironmentLighting.usf" 3052
"../../../Engine/Shaders/Private/HairStrands/HairStrandsEnvironmentAO.usf" 3053
"../../../Engine/Shaders/Private/HairStrands/HairStrandsDeepShadowAllocation.usf" 3054
"../../../Engine/Shaders/Private/HairStrands/HairStrandsVoxelDebug.usf" 3055
"../../../Engine/Shaders/Private/HairStrands/HairStrandsComposition.usf" 3056
"../../../Engine/Shaders/Private/HairStrands/HairStrandsGBufferCommon.ush" 3057
"../../../Engine/Shaders/Private/GPUScene/GPUSceneDataManagement.usf" 3058
"../../../Engine/Shaders/Private/GPUSceneDebugRender.usf" 3059
"../../../Engine/Shaders/Private/GPUFeedbackCompaction.usf" 3060
"../../../Engine/Shaders/Private/GPUFastFourierTransform.usf" 3061
"../../../Engine/Shaders/Private/GPUFastFourierTransform2DCore.ush" 3062
"../../../Engine/Shaders/Private/GPUFastFourierTransformCore.ush" 3063
"../../../Engine/Shaders/Private/GPUBenchmark.usf" 3064
"../../../Engine/Shaders/Private/DistanceField/GlobalDistanceFieldDebug.usf" 3065
"../../../Engine/Shaders/Private/DistanceField/GlobalDistanceFieldUpdate.ush" 3066
"../../../Engine/Shaders/Private/DistanceField/GlobalDistanceFieldMip.usf" 3067
"../../../Engine/Shaders/Private/DistanceField/GlobalDistanceField.usf" 3068
"../../../Engine/Shaders/Private/DistanceField/GlobalDistanceFieldCompositeObjects.usf" 3069
"../../../Engine/Shaders/Private/DistanceField/GlobalDistanceFieldHeightfields.usf" 3070
"../../../Engine/Shaders/Private/HeightfieldLightingShared.ush" 3071
"../../../Engine/Shaders/Private/GenerateConservativeDepth.usf" 3072
"../../../Engine/Shaders/Private/HeightFogPixelShader.usf" 3073
"../../../Engine/Shaders/Private/HeightFogVertexShader.usf" 3074
"../../../Engine/Shaders/Private/DistortFiltering.usf" 3075
"../../../Engine/Shaders/Private/DistortAccumulatePS.usf" 3076
"../../../Engine/Shaders/Private/DistortAccumulateVS.usf" 3077
"../../../Engine/Shaders/Private/DistanceFieldVisualization.usf" 3078
"../../../Engine/Shaders/Private/DistanceFieldStreaming.usf" 3079
"../../../Engine/Shaders/Private/DistanceFieldShadowing.usf" 3080
"../../../Engine/Shaders/Private/DistanceFieldScreenGridLighting.usf" 3081
"../../../Engine/Shaders/Private/DistanceFieldObjectCulling.usf" 3082
"../../../Engine/Shaders/Private/DistanceFieldLightingPost.usf" 3083
"../../../Engine/Shaders/Private/DitheredTransitionStencil.usf" 3084
"../../../Engine/Shaders/Private/CopyDepthTexture.usf" 3085
"../../../Engine/Shaders/Private/CopyDepthTextureCS.usf" 3086
"../../../Engine/Shaders/Private/DeferredDecal.usf" 3087
"../../../Engine/Shaders/Private/DecalCommon.ush" 3088
"../../../Engine/Shaders/Private/DebugViewModeVertexShader.usf" 3089
"../../../Engine/Shaders/Private/DebugViewModeCommon.ush" 3090
"../../../Engine/Shaders/Private/DebugViewModePixelShader.usf" 3091
"../../../Engine/Shaders/Private/DebugProbes.usf" 3092
"../../../Engine/Shaders/Private/MeshDecals.usf" 3093
"../../../Engine/Shaders/Private/PostProcessAmbientOcclusion.usf" 3094
"../../../Engine/Shaders/Private/ClusteredDeferredShadingPixelShader.usf" 3095
"../../../Engine/Shaders/Private/ClusteredDeferredShadingVertexShader.usf" 3096
"../../../Engine/Shaders/Private/CapsuleShadowShaders.usf" 3097
"../../../Engine/Shaders/Private/BasePassPixelShader.usf" 3098
"../../../Engine/Shaders/Private/ForwardLightingCommon.ush" 3099
"../../../Engine/Shaders/Private/Substrate/SubstrateForwardLighting.ush" 3100
"../../../Engine/Shaders/Private/ComputeShaderOutputCommon.ush" 3101
"../../../Engine/Shaders/Private/BasePassVertexShader.usf" 3102
"../../../Engine/Shaders/Private/BasePassVertexCommon.ush" 3103
"../../../Engine/Shaders/Private/SimpleElementVolumeTexturePreviewPixelShader.usf" 3104
"../../../Engine/Shaders/Private/SimpleElementTexture2DPreviewPixelShader.usf" 3105
"../../../Engine/Shaders/Private/meshpaintdilatepixelshader.usf" 3106
"../../../Engine/Shaders/Private/meshpaintdilatevertexshader.usf" 3107
"../../../Engine/Shaders/Private/MeshPaintPixelShader.usf" 3108
"../../../Engine/Shaders/Private/MeshPaintVertexShader.usf" 3109
"../../../Engine/Shaders/Private/SlateElementPixelShader.usf" 3110
"../../../Engine/Shaders/Private/SlateShaderCommon.ush" 3111
"../../../Engine/Shaders/Private/SlateMaskingShader.usf" 3112
"../../../Engine/Shaders/Private/SlateVertexShader.usf" 3113
"../../../Engine/Shaders/Private/CompositeUIPixelShader.usf" 3114
"../../../Engine/Shaders/Private/ColorDeficiency.ush" 3115
"../../../Engine/Shaders/Private/SlatePostProcessColorDeficiencyPixelShader.usf" 3116
"../../../Engine/Shaders/Private/SlatePostProcessPixelShader.usf" 3117
"../../../Engine/Shaders/Private/Tools/VisualizeTexture.usf" 3118
"../../../Engine/Shaders/Private/UpdateDescriptorHandle.usf" 3119
"../../../Engine/Shaders/Private/ByteBuffer.usf" 3120
"../../../Engine/Shaders/Private/ShaderBundleWorkGraphDispatch.usf" 3121
"../../../Engine/Shaders/Private/ShaderBundleDispatch.usf" 3122
"../../../Engine/Shaders/Private/ResolveVertexShader.usf" 3123
"../../../Engine/Shaders/Private/ResolvePixelShader.usf" 3124
"../../../Engine/Shaders/Private/Tools/SetupIndirectArgs.usf" 3125
"../../../Engine/Shaders/Private/ClearReplacementShaders.usf" 3126
"../../../Engine/Shaders/Private/Tools/DrawTexture.usf" 3127
"../../../Engine/Shaders/Private/RayTracing/RayTracingValidation.usf" 3128
"../../../Engine/Shaders/Private/RenderGraphUtilities.usf" 3129
"../../../Engine/Shaders/Private/OneColorShader.usf" 3130
"../../../Engine/Shaders/Private/OculusShaders.usf" 3131
"../../../Engine/Shaders/Private/MediaShaders.usf" 3132
"../../../Engine/Shaders/Private/GPUMessaging.usf" 3133
"../../../Engine/Shaders/Private/Tools/GPUDebugCrashUtils.usf" 3134
"../../../Engine/Shaders/Private/NullPixelShader.usf" 3135
"../../../Engine/Shaders/Private/ComputeGenerateMips.usf" 3136
"../../../Engine/Shaders/Private/Tools/DumpTexture.usf" 3137
"../../../Engine/Shaders/Private/CopyTextureShaders.usf" 3138
"../../../Engine/Shaders/Private/Tools/FullscreenVertexShader.usf" 3139
"../../../Engine/Shaders/Private/RayTracing/RayTracingDispatchDesc.usf" 3140
"../../../Engine/Shaders/Private/Bink.usf" 3141
"../../../Engine/Shaders/Private/VelocityShader.usf" 3142
"../../../Engine/Shaders/Private/DepthOnlyPixelShader.usf" 3143
"../../../Engine/Shaders/Private/PositionOnlyDepthVertexShader.usf" 3144
"../../../Engine/Shaders/Private/DepthOnlyVertexShader.usf" 3145
"../../../Engine/Shaders/Private/AnisotropyPassShader.usf" 3146
"D:/TirocinioBadViceGames/Tirocinio_Giuseppe/Content/Blueprints/BP_Sparks.uasset" 3147
"D:/TirocinioBadViceGames/Tirocinio_Giuseppe/Content/Levels/Livello_Arte.umap" 3148
"D:/TirocinioBadViceGames/Tirocinio_Giuseppe/Content/Levels/Livello_Arte_BuiltData.uasset" 3149
"D:/TirocinioBadViceGames/Tirocinio_Giuseppe/Content/Levels/Demo.umap" 3150
"D:/TirocinioBadViceGames/Tirocinio_Giuseppe/Content/Environment/Pavimento.uasset" 3151
"D:/TirocinioBadViceGames/Tirocinio_Giuseppe/Content/Blueprints/Objects/BP_Cart.uasset" 3152
"D:/TirocinioBadViceGames/Tirocinio_Giuseppe/Content/Environment/Hallway/Floor/Floor.uasset" 3153
"D:/TirocinioBadViceGames/Tirocinio_Giuseppe/Content/Environment/Hallway/Floor/Pavimenti.uasset" 3154
"/Engine/EngineResources/WhiteSquareTexture" 3155
"../../../Engine/Content/EngineResources/WhiteSquareTexture.uasset" 3156
"/Engine/EngineResources/GradientTexture0" 3157
"../../../Engine/Content/EngineResources/GradientTexture0.uasset" 3158
"/Engine/EngineResources/Black" 3159
"../../../Engine/Content/EngineResources/Black.uasset" 3160
"/Engine/EditorResources/S_Actor" 3161
"../../../Engine/Content/EditorResources/S_Actor.uasset" 3162
"/Engine/EngineFonts/RobotoDistanceField" 3163
"../../../Engine/Content/EngineFonts/RobotoDistanceField.uasset" 3164
"/Engine/EngineMaterials/DefaultTextMaterialOpaque" 3165
"../../../Engine/Content/EngineMaterials/DefaultTextMaterialOpaque.uasset" 3166
"/Engine/Functions/Engine_MaterialFunctions01/Shading/PowerToRoughness" 3167
"../../../Engine/Content/Functions/Engine_MaterialFunctions01/Shading/PowerToRoughness.uasset" 3168
"/Engine/Functions/Engine_MaterialFunctions01/Shading/ConvertFromDiffSpec" 3169
"../../../Engine/Content/Functions/Engine_MaterialFunctions01/Shading/ConvertFromDiffSpec.uasset" 3170
"/Engine/EngineMaterials/WorldGridMaterial" 3171
"../../../Engine/Content/EngineMaterials/WorldGridMaterial.uasset" 3172
"../../../Engine/Content/Functions/Engine_MaterialFunctions01/Opacity/CameraDepthFade.uasset" 3173
"../../../Engine/Content/EngineMaterials/T_Default_Material_Grid_M.uasset" 3174
"../../../Engine/Content/EngineMaterials/T_Default_Material_Grid_N.uasset" 3175
"/Engine/EngineMaterials/DefaultDeferredDecalMaterial" 3176
"../../../Engine/Content/EngineMaterials/DefaultDeferredDecalMaterial.uasset" 3177
"../../../Engine/Content/EngineMaterials/DefaultDiffuse.uasset" 3178
"/Engine/EngineMaterials/DefaultLightFunctionMaterial" 3179
"../../../Engine/Content/EngineMaterials/DefaultLightFunctionMaterial.uasset" 3180
"/Engine/EngineMaterials/DefaultPostProcessMaterial" 3181
"../../../Engine/Content/EngineMaterials/DefaultPostProcessMaterial.uasset" 3182
"../../../Engine/Content/Functions/Engine_MaterialFunctions02/Utility/BreakOutFloat2Components.uasset" 3183
"/Engine/EditorResources/S_Trigger" 3184
"../../../Engine/Content/EditorResources/S_Trigger.uasset" 3185
"/Engine/EditorResources/S_BoxReflectionCapture" 3186
"../../../Engine/Content/EditorResources/S_BoxReflectionCapture.uasset" 3187
"/Engine/EngineResources/DefaultTexture" 3188
"../../../Engine/Content/EngineResources/DefaultTexture.uasset" 3189
"/Engine/EditorResources/S_TriggerBox" 3190
"../../../Engine/Content/EditorResources/S_TriggerBox.uasset" 3191
"/Engine/EditorResources/S_TriggerCapsule" 3192
"../../../Engine/Content/EditorResources/S_TriggerCapsule.uasset" 3193
"/Engine/EditorResources/S_TriggerSphere" 3194
"../../../Engine/Content/EditorResources/S_TriggerSphere.uasset" 3195
"/Engine/EngineDamageTypes/DmgTypeBP_Environmental" 3196
"../../../Engine/Content/EngineDamageTypes/DmgTypeBP_Environmental.uasset" 3197
"/Engine/EngineMeshes/Sphere" 3198
"../../../Engine/Content/EngineMeshes/Sphere.uasset" 3199
"/Engine/EngineResources/DefaultTextureCube" 3200
"../../../Engine/Content/EngineResources/DefaultTextureCube.uasset" 3201
"/Engine/EngineResources/DefaultVolumeTexture" 3202
"../../../Engine/Content/EngineResources/DefaultVolumeTexture.uasset" 3203
"../../../Engine/Content/EngineResources/DefaultVolumeTexture2D.uasset" 3204
"/Engine/VREditor/TransformGizmo/SM_Sequencer_Node" 3205
"../../../Engine/Content/VREditor/TransformGizmo/SM_Sequencer_Node.uasset" 3206
"../../../Engine/Content/VREditor/TransformGizmo/Main.uasset" 3207
"../../../Engine/Content/VREditor/TransformGizmo/Xray.uasset" 3208
"/Engine/EditorResources/S_Solver" 3209
"../../../Engine/Content/EditorResources/S_Solver.uasset" 3210
"/Engine/EngineDebugMaterials/VolumeToRender" 3211
"../../../Engine/Content/EngineDebugMaterials/VolumeToRender.uasset" 3212
"/Engine/EngineDebugMaterials/M_VolumeRenderSphereTracePP" 3213
"../../../Engine/Content/EngineDebugMaterials/M_VolumeRenderSphereTracePP.uasset" 3214
"../../../Engine/Content/Functions/Engine_MaterialFunctions02/Utility/CameraDirectionVector.uasset" 3215
"/Engine/EditorMeshes/Camera/SM_CraneRig_Base" 3216
"../../../Engine/Content/EditorMeshes/Camera/SM_CraneRig_Base.uasset" 3217
"../../../Engine/Content/EditorMaterials/Camera/MI_CineMat_Rig.uasset" 3218
"../../../Engine/Content/EditorMaterials/Camera/CineMat.uasset" 3219
"/Engine/EditorMeshes/Camera/SM_CraneRig_Arm" 3220
"../../../Engine/Content/EditorMeshes/Camera/SM_CraneRig_Arm.uasset" 3221
"/Engine/EditorMeshes/Camera/SM_CraneRig_Mount" 3222
"../../../Engine/Content/EditorMeshes/Camera/SM_CraneRig_Mount.uasset" 3223
"/Engine/EditorMeshes/Camera/SM_CraneRig_Body" 3224
"../../../Engine/Content/EditorMeshes/Camera/SM_CraneRig_Body.uasset" 3225
"/Engine/EditorMeshes/Camera/SM_RailRig_Track" 3226
"../../../Engine/Content/EditorMeshes/Camera/SM_RailRig_Track.uasset" 3227
"/Engine/EditorMeshes/Camera/SM_RailRig_Mount" 3228
"../../../Engine/Content/EditorMeshes/Camera/SM_RailRig_Mount.uasset" 3229
"/Engine/EditorLandscapeResources/SplineEditorMesh" 3230
"../../../Engine/Content/EditorLandscapeResources/SplineEditorMesh.uasset" 3231
"../../../Engine/Content/EditorLandscapeResources/SplineEditorMeshMat.uasset" 3232
"/HairStrands/Materials/HairDebugMaterial" 3233
"../../Plugins/Runtime/HairStrands/Content/Materials/HairDebugMaterial.uasset" 3234
"../../../Engine/Content/Functions/Engine_MaterialFunctions02/Utility/MakeFloat2.uasset" 3235
"../../../Engine/Content/Functions/Engine_MaterialFunctions02/Utility/MakeFloat3.uasset" 3236
"../../../Engine/Content/EngineMaterials/HairColorMap.uasset" 3237
"../../../Engine/Content/EngineMaterials/HairDebugColor.uasset" 3238
"../../Plugins/Runtime/HairStrands/Content/Materials/HairGroupColors.uasset" 3239
"/HairStrands/Materials/HairDefaultMaterial" 3240
"../../Plugins/Runtime/HairStrands/Content/Materials/HairDefaultMaterial.uasset" 3241
"/HairStrands/Materials/HairCardsDefaultMaterial" 3242
"../../Plugins/Runtime/HairStrands/Content/Materials/HairCardsDefaultMaterial.uasset" 3243
"/HairStrands/Materials/HairMeshesDefaultMaterial" 3244
"../../Plugins/Runtime/HairStrands/Content/Materials/HairMeshesDefaultMaterial.uasset" 3245
"/Engine/BasicShapes/Cube" 3246
"../../../Engine/Content/BasicShapes/Cube.uasset" 3247
"/CameraCalibrationCore/Materials/M_DefaultOddSquare" 3248
"../../Plugins/VirtualProduction/CameraCalibrationCore/Content/Materials/M_DefaultOddSquare.uasset" 3249
"/CameraCalibrationCore/Materials/M_DefaultEvenSquare" 3250
"../../Plugins/VirtualProduction/CameraCalibrationCore/Content/Materials/M_DefaultEvenSquare.uasset" 3251
"/Engine/EngineMaterials/Widget3DPassThrough_Translucent" 3252
"../../../Engine/Content/EngineMaterials/Widget3DPassThrough_Translucent.uasset" 3253
"../../../Engine/Content/EngineMaterials/Widget3DPassThrough.uasset" 3254
"/Engine/EngineMaterials/Widget3DPassThrough_Translucent_OneSided" 3255
"../../../Engine/Content/EngineMaterials/Widget3DPassThrough_Translucent_OneSided.uasset" 3256
"/Engine/EngineMaterials/Widget3DPassThrough_Opaque" 3257
"../../../Engine/Content/EngineMaterials/Widget3DPassThrough_Opaque.uasset" 3258
"/Engine/EngineMaterials/Widget3DPassThrough_Opaque_OneSided" 3259
"../../../Engine/Content/EngineMaterials/Widget3DPassThrough_Opaque_OneSided.uasset" 3260
"/Engine/EngineMaterials/Widget3DPassThrough_Masked" 3261
"../../../Engine/Content/EngineMaterials/Widget3DPassThrough_Masked.uasset" 3262
"/Engine/EngineMaterials/Widget3DPassThrough_Masked_OneSided" 3263
"../../../Engine/Content/EngineMaterials/Widget3DPassThrough_Masked_OneSided.uasset" 3264
"/Engine/VREditor/ViewportInteractionAssetContainerData" 3265
"../../../Engine/Content/VREditor/ViewportInteractionAssetContainerData.uasset" 3266
"../../../Engine/Content/VREditor/SnapGrid/SnapGridMaterial.uasset" 3267
"../../../Engine/Content/VREditor/TransformGizmo/TransformGizmoMaterial_Inst.uasset" 3268
"../../../Engine/Content/VREditor/TransformGizmo/TranslucentTransformGizmoMaterial_Inst.uasset" 3269
"../../../Engine/Content/VREditor/SnapGrid/SnapGridPlaneMesh.uasset" 3270
"../../../Engine/Content/VREditor/Sounds/UI/Drop_Item_From_ContentBrowser.uasset" 3271
"../../../Engine/Content/VREditor/Sounds/UI/Gizmo_Handle_Clicked.uasset" 3272
"../../../Engine/Content/VREditor/Sounds/UI/Object_PickUp.uasset" 3273
"../../../Engine/Content/VREditor/Sounds/UI/Object_Snaps_To_Another_Actor.uasset" 3274
"../../../Engine/Content/VREditor/Sounds/UI/Object_Snaps_To_Grid.uasset" 3275
"../../../Engine/Content/VREditor/Sounds/UI/Scaling_Down.uasset" 3276
"../../../Engine/Content/VREditor/Sounds/UI/Scaling_Up.uasset" 3277
"../../../Engine/Content/VREditor/Sounds/UI/Selection_Changes.uasset" 3278
"../../../Engine/Content/VREditor/TransformGizmo/PlaneTranslationHandle.uasset" 3279
"../../../Engine/Content/VREditor/TransformGizmo/RotationHandleFull.uasset" 3280
"../../../Engine/Content/VREditor/TransformGizmo/RotationHandleIndicator.uasset" 3281
"../../../Engine/Content/VREditor/TransformGizmo/RotationHandleQuarter.uasset" 3282
"../../../Engine/Content/VREditor/TransformGizmo/StartRotationHandleIndicator.uasset" 3283
"../../../Engine/Content/VREditor/TransformGizmo/TransformGizmoFreeRotation.uasset" 3284
"../../../Engine/Content/VREditor/TransformGizmo/TranslateArrowHandle.uasset" 3285
"../../../Engine/Content/VREditor/TransformGizmo/UniformScaleHandle.uasset" 3286
"../../../Engine/Content/Functions/Engine_MaterialFunctions02/Math/Transform3x3Matrix.uasset" 3287
"../../../Engine/Content/Functions/Engine_MaterialFunctions02/SplitComponents.uasset" 3288
"../../../Engine/Content/VREditor/TransformGizmo/TransformGizmoMaterial.uasset" 3289
"../../../Engine/Content/VREditor/TransformGizmo/TranslucentTransformGizmoMaterial.uasset" 3290
"../../../Engine/Content/Functions/Engine_MaterialFunctions02/Utility/BreakOutFloat3Components.uasset" 3291
"../../../Engine/Content/VREditor/LaserPointer/VR_LaserPower_01.uasset" 3292
"/Engine/VREditor/TransformGizmo/BoundingBoxCorner" 3293
"../../../Engine/Content/VREditor/TransformGizmo/BoundingBoxCorner.uasset" 3294
"/Engine/VREditor/TransformGizmo/BoundingBoxEdge" 3295
"../../../Engine/Content/VREditor/TransformGizmo/BoundingBoxEdge.uasset" 3296
"/Engine/ArtTools/RenderToTexture/Meshes/S_1_Unit_Plane" 3297
"../../../Engine/Content/ArtTools/RenderToTexture/Meshes/S_1_Unit_Plane.uasset" 3298
"/Engine/EngineDebugMaterials/M_SimpleUnlitTranslucent" 3299
"../../../Engine/Content/EngineDebugMaterials/M_SimpleUnlitTranslucent.uasset" 3300
"/Engine/EngineFonts/Roboto" 3301
"../../../Engine/Content/EngineFonts/Roboto.uasset" 3302
"../../../Engine/Content/EngineFonts/Faces/DroidSansFallback.uasset" 3303
"../../../Engine/Content/EngineFonts/Faces/RobotoBold.uasset" 3304
"../../../Engine/Content/EngineFonts/Faces/RobotoBoldItalic.uasset" 3305
"../../../Engine/Content/EngineFonts/Faces/RobotoItalic.uasset" 3306
"../../../Engine/Content/EngineFonts/Faces/RobotoLight.uasset" 3307
"../../../Engine/Content/EngineFonts/Faces/RobotoRegular.uasset" 3308
"/Engine/EditorMaterials/ParticleSystems/PSysThumbnail_NoImage" 3309
"../../../Engine/Content/EditorMaterials/ParticleSystems/PSysThumbnail_NoImage.uasset" 3310
"/Engine/EditorMaterials/ParticleSystems/PSysThumbnail_OOD" 3311
"../../../Engine/Content/EditorMaterials/ParticleSystems/PSysThumbnail_OOD.uasset" 3312
"/Engine/EngineResources/LandscapeVisibilityLayerInfo" 3313
"../../../Engine/Content/EngineResources/LandscapeVisibilityLayerInfo.uasset" 3314
"../../../Engine/Content/Internationalization/icudt64l/coll/en.res" 3315
"/ACLPlugin/ACLAnimBoneCompressionSettings" 3316
"../../Plugins/Animation/ACLPlugin/Content/ACLAnimBoneCompressionSettings.uasset" 3317
"/Engine/Animation/DefaultRecorderBoneCompression" 3318
"../../../Engine/Content/Animation/DefaultRecorderBoneCompression.uasset" 3319
"/ACLPlugin/ACLAnimCurveCompressionSettings" 3320
"../../Plugins/Animation/ACLPlugin/Content/ACLAnimCurveCompressionSettings.uasset" 3321
"/Engine/Animation/DefaultVariableFrameStrippingSettings" 3322
"../../../Engine/Content/Animation/DefaultVariableFrameStrippingSettings.uasset" 3323
"/Paper2D/MaskedUnlitSpriteMaterial" 3324
"../../Plugins/2D/Paper2D/Content/MaskedUnlitSpriteMaterial.uasset" 3325
"../../Plugins/2D/Paper2D/Content/DefaultSpriteMaterial.uasset" 3326
"../../Plugins/2D/Paper2D/Content/PlaceholderTextures/DummySpriteTexture.uasset" 3327
"/Paper2D/OpaqueUnlitSpriteMaterial" 3328
"../../Plugins/2D/Paper2D/Content/OpaqueUnlitSpriteMaterial.uasset" 3329
"/Paper2D/DefaultPaperTerrainMaterial" 3330
"../../Plugins/2D/Paper2D/Content/DefaultPaperTerrainMaterial.uasset" 3331
"../../Plugins/2D/Paper2D/Content/DummySprite.uasset" 3332
"/ControlRig/Controls/ControlRigXRayMaterial" 3333
"../../Plugins/Animation/ControlRig/Content/Controls/ControlRigXRayMaterial.uasset" 3334
"/ControlRig/Controls/DefaultGizmoLibraryNormalized" 3335
"../../Plugins/Animation/ControlRig/Content/Controls/DefaultGizmoLibraryNormalized.uasset" 3336
"/ControlRig/M_Manip" 3337
"../../Plugins/Animation/ControlRig/Content/M_Manip.uasset" 3338
"../../../Engine/Content/Functions/Engine_MaterialFunctions02/WorldPositionOffset/CameraOffset.uasset" 3339
"/AudioWidgets/Resources/ScrubHandleDown_Clamped" 3340
"../../Plugins/Runtime/AudioWidgets/Content/Resources/ScrubHandleDown_Clamped.uasset" 3341
"/Game/Blueprints/Player/BP_CharacterController" 3342
"../../../../TirocinioBadViceGames/Tirocinio_Giuseppe/Content/Blueprints/Player/BP_CharacterController.uasset" 3343
"../../../Engine/Content/EditorBlueprintResources/StandardMacros.uasset" 3344
"../../../../TirocinioBadViceGames/Tirocinio_Giuseppe/Content/Blueprints/Interfaces/BPI_Cart.uasset" 3345
"../../../../TirocinioBadViceGames/Tirocinio_Giuseppe/Content/Blueprints/Interfaces/BPI_CleanableObject.uasset" 3346
"../../../../TirocinioBadViceGames/Tirocinio_Giuseppe/Content/Blueprints/Interfaces/BPI_CleaningTool.uasset" 3347
"../../../../TirocinioBadViceGames/Tirocinio_Giuseppe/Content/Blueprints/Interfaces/BPI_Interarct.uasset" 3348
"../../../../TirocinioBadViceGames/Tirocinio_Giuseppe/Content/Blueprints/Interfaces/BPI_Light.uasset" 3349
"../../../../TirocinioBadViceGames/Tirocinio_Giuseppe/Content/Blueprints/Interfaces/BPI_Player.uasset" 3350
"../../../../TirocinioBadViceGames/Tirocinio_Giuseppe/Content/Blueprints/Interfaces/BPI_Sound.uasset" 3351
"../../../../TirocinioBadViceGames/Tirocinio_Giuseppe/Content/Blueprints/Objects/CameraShakes/BP_IdleCameraShakes.uasset" 3352
"../../../../TirocinioBadViceGames/Tirocinio_Giuseppe/Content/Blueprints/Objects/CameraShakes/BP_WalkCameraShakes.uasset" 3353
"../../../../TirocinioBadViceGames/Tirocinio_Giuseppe/Content/Blueprints/Objects/Trash/BP_TrashBag.uasset" 3354
"../../../../TirocinioBadViceGames/Tirocinio_Giuseppe/Content/Blueprints/PlayerControllerBP.uasset" 3355
"../../../../TirocinioBadViceGames/Tirocinio_Giuseppe/Content/Blueprints/Singletons/BP_MainGameInstance.uasset" 3356
"../../../../TirocinioBadViceGames/Tirocinio_Giuseppe/Content/Blueprints/Singletons/BP_ScriptManager.uasset" 3357
"../../../../TirocinioBadViceGames/Tirocinio_Giuseppe/Content/Input/Actions/IA_Interact.uasset" 3358
"../../../../TirocinioBadViceGames/Tirocinio_Giuseppe/Content/Input/Actions/IA_Use_Tool.uasset" 3359
"../../../../TirocinioBadViceGames/Tirocinio_Giuseppe/Content/Input/IMC_PlayerInput.uasset" 3360
"../../../../TirocinioBadViceGames/Tirocinio_Giuseppe/Content/Blueprints/Enums/CleaningToolType.uasset" 3361
"../../../../TirocinioBadViceGames/Tirocinio_Giuseppe/Content/Blueprints/UI/WBP_Pointer.uasset" 3362
"../../../../TirocinioBadViceGames/Tirocinio_Giuseppe/Content/Sounds/ThrowGarbage_SC.uasset" 3363
"../../../../TirocinioBadViceGames/Tirocinio_Giuseppe/Content/Sounds/Walk_SC.uasset" 3364
"../../../../TirocinioBadViceGames/Tirocinio_Giuseppe/Content/Blueprints/Objects/BP_InteractableObject.uasset" 3365
"../../../../TirocinioBadViceGames/Tirocinio_Giuseppe/Content/Environment/Objects/CleaningTools/TrashBag/M_TrashBagDissolve.uasset" 3366
"../../../../TirocinioBadViceGames/Tirocinio_Giuseppe/Content/Environment/Objects/CleaningTools/TrashBag/Trash_Bag.uasset" 3367
"../../../../TirocinioBadViceGames/Tirocinio_Giuseppe/Content/Input/Actions/IA_Detach.uasset" 3368
"../../../../TirocinioBadViceGames/Tirocinio_Giuseppe/Content/Input/Actions/IA_Look.uasset" 3369
"../../../../TirocinioBadViceGames/Tirocinio_Giuseppe/Content/Input/Actions/IA_Move_Forward.uasset" 3370
"../../../../TirocinioBadViceGames/Tirocinio_Giuseppe/Content/Input/Actions/IA_Move_Right.uasset" 3371
"../../../../TirocinioBadViceGames/Tirocinio_Giuseppe/Content/Input/Actions/IA_Pause.uasset" 3372
"../../../../TirocinioBadViceGames/Tirocinio_Giuseppe/Content/Blueprints/Interfaces/BPI_GameInstance.uasset" 3373
"../../../../TirocinioBadViceGames/Tirocinio_Giuseppe/Content/Blueprints/Singletons/BP_QuestManager.uasset" 3374
"../../../../TirocinioBadViceGames/Tirocinio_Giuseppe/Content/Blueprints/Singletons/BP_SaveGame.uasset" 3375
"../../../../TirocinioBadViceGames/Tirocinio_Giuseppe/Content/Blueprints/Audio/SCM_Audio.uasset" 3376
"../../../../TirocinioBadViceGames/Tirocinio_Giuseppe/Content/Blueprints/UI/WBP_Dialogues.uasset" 3377
"../../../../TirocinioBadViceGames/Tirocinio_Giuseppe/Content/Blueprints/UI/WBP_ObjectiveList.uasset" 3378
"../../../../TirocinioBadViceGames/Tirocinio_Giuseppe/Content/Blueprints/UI/WBP_PauseMenu.uasset" 3379
"../../../../TirocinioBadViceGames/Tirocinio_Giuseppe/Content/Blueprints/UI/WBP_ScreenInputs.uasset" 3380
"../../../../TirocinioBadViceGames/Tirocinio_Giuseppe/Content/Blueprints/AI/BP_Cockroach.uasset" 3381
"../../../../TirocinioBadViceGames/Tirocinio_Giuseppe/Content/Blueprints/AI/BP_NotInteractableCockroach.uasset" 3382
"../../../../TirocinioBadViceGames/Tirocinio_Giuseppe/Content/Blueprints/Interfaces/BPI_Decal.uasset" 3383
"../../../../TirocinioBadViceGames/Tirocinio_Giuseppe/Content/Blueprints/Interfaces/BPI_Incinerator.uasset" 3384
"../../../../TirocinioBadViceGames/Tirocinio_Giuseppe/Content/Blueprints/Objects/BP_Cart.uasset" 3385
"../../../../TirocinioBadViceGames/Tirocinio_Giuseppe/Content/Blueprints/Objects/CleanableObjects/BP_CleanableObject.uasset" 3386
"../../../../TirocinioBadViceGames/Tirocinio_Giuseppe/Content/Blueprints/Objects/Environment/BP_ElevatorDoor_DX.uasset" 3387
"../../../../TirocinioBadViceGames/Tirocinio_Giuseppe/Content/Blueprints/Objects/Environment/BP_ElevatorDoor_SX.uasset" 3388
"../../../../TirocinioBadViceGames/Tirocinio_Giuseppe/Content/Blueprints/Objects/Quest/BP_RightNeutralRoomDoor.uasset" 3389
"../../../../TirocinioBadViceGames/Tirocinio_Giuseppe/Content/Blueprints/Objects/Tools/BP_CleaningComp.uasset" 3390
"../../../../TirocinioBadViceGames/Tirocinio_Giuseppe/Content/Blueprints/Objects/Tools/BP_CleaningTool.uasset" 3391
"../../../../TirocinioBadViceGames/Tirocinio_Giuseppe/Content/Blueprints/Objects/Tools/BP_Duster.uasset" 3392
"../../../../TirocinioBadViceGames/Tirocinio_Giuseppe/Content/Blueprints/Objects/Tools/BP_Mop.uasset" 3393
"../../../../TirocinioBadViceGames/Tirocinio_Giuseppe/Content/Blueprints/Objects/Tools/BP_Swatter.uasset" 3394
"../../../../TirocinioBadViceGames/Tirocinio_Giuseppe/Content/Blueprints/Objects/Trash/BP_Incinerator.uasset" 3395
"../../../../TirocinioBadViceGames/Tirocinio_Giuseppe/Content/Environment/Hallway/BaseBoard/Heaven/M_BaseBoard_Heaven.uasset" 3396
"../../../../TirocinioBadViceGames/Tirocinio_Giuseppe/Content/Environment/Hallway/Ceiling/M_HeavenCeiling.uasset" 3397
"../../../../TirocinioBadViceGames/Tirocinio_Giuseppe/Content/Environment/Hallway/Floor/M_HeavenFloor.uasset" 3398
"../../../../TirocinioBadViceGames/Tirocinio_Giuseppe/Content/Environment/Hallway/Wall/Heaven/M_HeavenWall.uasset" 3399
"../../../../TirocinioBadViceGames/Tirocinio_Giuseppe/Content/Blueprints/UI/WBP_FinalScreen.uasset" 3400
"../../../../TirocinioBadViceGames/Tirocinio_Giuseppe/Content/Images/Decals/Blood/Cleanse_their_sins.uasset" 3401
"../../../../TirocinioBadViceGames/Tirocinio_Giuseppe/Content/Images/Decals/Blood/Dispose_of_their_regrets.uasset" 3402
"../../../../TirocinioBadViceGames/Tirocinio_Giuseppe/Content/Sounds/DoorUnlocked_SC.uasset" 3403
"../../../../TirocinioBadViceGames/Tirocinio_Giuseppe/Content/Sounds/ElevatorDing_SC.uasset" 3404
"../../../../TirocinioBadViceGames/Tirocinio_Giuseppe/Content/Sounds/ElevatorMoving_SC.uasset" 3405
"../../../../TirocinioBadViceGames/Tirocinio_Giuseppe/Content/Textures/T_Pointer.uasset" 3406
"../../../../TirocinioBadViceGames/Tirocinio_Giuseppe/Content/Blueprints/Audio/SC_Effects.uasset" 3407
"../../../../TirocinioBadViceGames/Tirocinio_Giuseppe/Content/Sounds/FileWav/ThrowGarbage_Sound.uasset" 3408
"../../../../TirocinioBadViceGames/Tirocinio_Giuseppe/Content/Sounds/FileWav/Walk_Sound.uasset" 3409
"../../../../TirocinioBadViceGames/Tirocinio_Giuseppe/Content/Materials/MM_DissolveMaterial.uasset" 3410
"../../../../TirocinioBadViceGames/Tirocinio_Giuseppe/Content/Blueprints/Audio/SC_General.uasset" 3411
"../../../../TirocinioBadViceGames/Tirocinio_Giuseppe/Content/Blueprints/Audio/SC_Music.uasset" 3412
"../../../../TirocinioBadViceGames/Tirocinio_Giuseppe/Content/Blueprints/Dialogues/Dialogue_Struct.uasset" 3413
"../../../../TirocinioBadViceGames/Tirocinio_Giuseppe/Content/Materials/Fonts/HappyHalloweenMichelle_Font.uasset" 3414
"../../../../TirocinioBadViceGames/Tirocinio_Giuseppe/Content/Blueprints/UI/Base/WBP_BaseButton.uasset" 3415
"../../../../TirocinioBadViceGames/Tirocinio_Giuseppe/Content/Blueprints/UI/MainMenu/WBP_AudioSettings.uasset" 3416
"../../../../TirocinioBadViceGames/Tirocinio_Giuseppe/Content/Blueprints/UI/MainMenu/WBP_GraphicSettings.uasset" 3417
"../../../../TirocinioBadViceGames/Tirocinio_Giuseppe/Content/Blueprints/Objects/CleanableObjects/BP_DeadCockroach.uasset" 3418
"../../../../TirocinioBadViceGames/Tirocinio_Giuseppe/Content/Materials/M_Cockroach.uasset" 3419
"../../../Engine/Content/BasicShapes/Plane.uasset" 3420
"../../../../TirocinioBadViceGames/Tirocinio_Giuseppe/Content/Sounds/Cockroach_SC.uasset" 3421
"../../../../TirocinioBadViceGames/Tirocinio_Giuseppe/Content/Sounds/NotInteractableCockroach_SC.uasset" 3422
"../../../../TirocinioBadViceGames/Tirocinio_Giuseppe/Content/Blueprints/Objects/BP_LightingComponent.uasset" 3423
"../../../../TirocinioBadViceGames/Tirocinio_Giuseppe/Content/Blueprints/Objects/Tools/BP_WaterBucket.uasset" 3424
"../../../../TirocinioBadViceGames/Tirocinio_Giuseppe/Content/Blueprints/Objects/Trash/BP_TrashBin.uasset" 3425
"../../../../TirocinioBadViceGames/Tirocinio_Giuseppe/Content/Environment/Objects/CleaningTools/Cart/M_Cart.uasset" 3426
"../../../../TirocinioBadViceGames/Tirocinio_Giuseppe/Content/Environment/Objects/CleaningTools/Cart/Cart.uasset" 3427
"../../../../TirocinioBadViceGames/Tirocinio_Giuseppe/Content/Sounds/Cart_SC.uasset" 3428
"../../../../TirocinioBadViceGames/Tirocinio_Giuseppe/Content/Environment/Elevator/Doors/Hallaway_Elevator_Door_right_001.uasset" 3429
"../../../../TirocinioBadViceGames/Tirocinio_Giuseppe/Content/Environment/Elevator/Doors/M_Elevator_Door.uasset" 3430
"../../../../TirocinioBadViceGames/Tirocinio_Giuseppe/Content/Environment/Elevator/Doors/Hallaway_Elevator_Door_left_001.uasset" 3431
"../../../../TirocinioBadViceGames/Tirocinio_Giuseppe/Content/Blueprints/Objects/BP_TriggerZoneForInsideClosing.uasset" 3432
"../../../../TirocinioBadViceGames/Tirocinio_Giuseppe/Content/Blueprints/Objects/BP_TriggerZoneForOutsideClosing.uasset" 3433
"../../../../TirocinioBadViceGames/Tirocinio_Giuseppe/Content/Environment/Objects/Door/Plates/Plate_015.uasset" 3434
"../../../../TirocinioBadViceGames/Tirocinio_Giuseppe/Content/Environment/Objects/Door/RightHallway_Door.uasset" 3435
"../../../../TirocinioBadViceGames/Tirocinio_Giuseppe/Content/Sounds/DoorCreaking_SC.uasset" 3436
"../../../../TirocinioBadViceGames/Tirocinio_Giuseppe/Content/Sounds/FileWav/Door/Door_Closing.uasset" 3437
"../../../../TirocinioBadViceGames/Tirocinio_Giuseppe/Content/Blueprints/Objects/CleanableObjects/BP_BloodStain.uasset" 3438
"../../../Engine/Content/EngineMeshes/Cube.uasset" 3439
"../../../../TirocinioBadViceGames/Tirocinio_Giuseppe/Content/Environment/Objects/CleaningTools/Duster/M_Duster.uasset" 3440
"../../../../TirocinioBadViceGames/Tirocinio_Giuseppe/Content/Environment/Objects/CleaningTools/Duster/Duster_001.uasset" 3441
"../../../../TirocinioBadViceGames/Tirocinio_Giuseppe/Content/Environment/Objects/CleaningTools/Mop/M_Mop.uasset" 3442
"../../../../TirocinioBadViceGames/Tirocinio_Giuseppe/Content/Environment/Objects/CleaningTools/Mop/Mop.uasset" 3443
"../../../../TirocinioBadViceGames/Tirocinio_Giuseppe/Content/Sounds/Mop_SC.uasset" 3444
"../../../../TirocinioBadViceGames/Tirocinio_Giuseppe/Content/Environment/Objects/CleaningTools/Swatter/M_Swatter.uasset" 3445
"../../../../TirocinioBadViceGames/Tirocinio_Giuseppe/Content/Environment/Objects/CleaningTools/Swatter/Swatter.uasset" 3446
"../../../../TirocinioBadViceGames/Tirocinio_Giuseppe/Content/Sounds/CockroachSplat_SC.uasset" 3447
"../../../../TirocinioBadViceGames/Tirocinio_Giuseppe/Content/Environment/Objects/CleaningTools/Incinerator/M_Incinerator.uasset" 3448
"../../../../TirocinioBadViceGames/Tirocinio_Giuseppe/Content/Environment/Objects/CleaningTools/Incinerator/Hallaway_IncineratorDoor_Type_001.uasset" 3449
"../../../../TirocinioBadViceGames/Tirocinio_Giuseppe/Content/Environment/Objects/CleaningTools/Incinerator/Hallaway_IncineratorVault_Type_001.uasset" 3450
"../../../../TirocinioBadViceGames/Tirocinio_Giuseppe/Content/Sounds/Fire_SC.uasset" 3451
"../../../../TirocinioBadViceGames/Tirocinio_Giuseppe/Content/Sounds/IncineratorDoorClosing_SC.uasset" 3452
"../../../../TirocinioBadViceGames/Tirocinio_Giuseppe/Content/Sounds/IncineratorDoorOpening_SC.uasset" 3453
"../../../../TirocinioBadViceGames/Tirocinio_Giuseppe/Content/Materials/MM_OpaqueEnvironment.uasset" 3454
"../../../../TirocinioBadViceGames/Tirocinio_Giuseppe/Content/Environment/Hallway/BaseBoard/Heaven/T_Heaven_BaseBoard_BC.uasset" 3455
"../../../../TirocinioBadViceGames/Tirocinio_Giuseppe/Content/Environment/Hallway/BaseBoard/Heaven/T_Heaven_BaseBoard_N.uasset" 3456
"../../../../TirocinioBadViceGames/Tirocinio_Giuseppe/Content/Environment/Hallway/BaseBoard/Heaven/T_Heaven_BaseBoard_Spec.uasset" 3457
"../../../../TirocinioBadViceGames/Tirocinio_Giuseppe/Content/Environment/Hallway/BaseBoard/Hell/T_SkirtingBoard_AO_Type_001.uasset" 3458
"../../../../TirocinioBadViceGames/Tirocinio_Giuseppe/Content/Environment/Hallway/Ceiling/T_Ceiling_AO.uasset" 3459
"../../../../TirocinioBadViceGames/Tirocinio_Giuseppe/Content/Environment/Hallway/Ceiling/T_Ceiling_Normal.uasset" 3460
"../../../../TirocinioBadViceGames/Tirocinio_Giuseppe/Content/Environment/Hallway/Ceiling/T_Ceiling_Roughness.uasset" 3461
"../../../../TirocinioBadViceGames/Tirocinio_Giuseppe/Content/Environment/Hallway/Ceiling/White_Wood_BC.uasset" 3462
"../../../../TirocinioBadViceGames/Tirocinio_Giuseppe/Content/Textures/Flat_Black_Texture.uasset" 3463
"../../../../TirocinioBadViceGames/Tirocinio_Giuseppe/Content/Environment/Hallway/Floor/HeavenFloor_BaseColor.uasset" 3464
"../../../../TirocinioBadViceGames/Tirocinio_Giuseppe/Content/Environment/Hallway/Floor/Wood_ParquetChevron_N.uasset" 3465
"../../../../TirocinioBadViceGames/Tirocinio_Giuseppe/Content/Environment/Hallway/Floor/Wood_ParquetChevron_R.uasset" 3466
"../../../../TirocinioBadViceGames/Tirocinio_Giuseppe/Content/Textures/T_Flat_White.uasset" 3467
"../../../../TirocinioBadViceGames/Tirocinio_Giuseppe/Content/Environment/Hallway/Wall/Heaven/HeavenWall_BaseColor.uasset" 3468
"../../../../TirocinioBadViceGames/Tirocinio_Giuseppe/Content/Environment/Hallway/Wall/Heaven/T_HeavenWalls_AO.uasset" 3469
"../../../../TirocinioBadViceGames/Tirocinio_Giuseppe/Content/Environment/Hallway/Wall/Heaven/T_HeavenWalls_N.uasset" 3470
"../../../../TirocinioBadViceGames/Tirocinio_Giuseppe/Content/Sounds/FileWav/Door/Door_Unlocked.uasset" 3471
"../../../../TirocinioBadViceGames/Tirocinio_Giuseppe/Content/Sounds/FileWav/Elevator_Ding_Sound.uasset" 3472
"../../../../TirocinioBadViceGames/Tirocinio_Giuseppe/Content/Sounds/FileWav/Elevator_Moving_Sound.uasset" 3473
"../../../Engine/Content/Functions/Engine_MaterialFunctions01/Texturing/FlattenNormal.uasset" 3474
"../../../../TirocinioBadViceGames/Tirocinio_Giuseppe/Content/Environment/Objects/CleaningTools/TrashBag/T_Perlin_Noise_03.uasset" 3475
"../../../../TirocinioBadViceGames/Tirocinio_Giuseppe/Content/Environment/Objects/CleaningTools/TrashBag/Trash_Bag_001_Base_color.uasset" 3476
"../../../../TirocinioBadViceGames/Tirocinio_Giuseppe/Content/Environment/Objects/CleaningTools/TrashBag/Trash_Bag_001_Metallic.uasset" 3477
"../../../../TirocinioBadViceGames/Tirocinio_Giuseppe/Content/Environment/Objects/CleaningTools/TrashBag/Trash_Bag_001_Mixed_AO.uasset" 3478
"../../../../TirocinioBadViceGames/Tirocinio_Giuseppe/Content/Environment/Objects/CleaningTools/TrashBag/Trash_Bag_001_Normal_OpenGL.uasset" 3479
"../../../../TirocinioBadViceGames/Tirocinio_Giuseppe/Content/Environment/Objects/CleaningTools/TrashBag/Trash_Bag_001_Roughness.uasset" 3480
"../../../../TirocinioBadViceGames/Tirocinio_Giuseppe/Content/Materials/Fonts/HappyHalloweenMichelle.uasset" 3481
"../../../../TirocinioBadViceGames/Tirocinio_Giuseppe/Content/Blueprints/UI/Base/WBP_BaseText.uasset" 3482
"../../../../TirocinioBadViceGames/Tirocinio_Giuseppe/Content/ModernCasualUiPack/Textures/C_UI/T_C_UI_Red.uasset" 3483
"../../../../TirocinioBadViceGames/Tirocinio_Giuseppe/Content/Blueprints/UI/Base/WBP_BaseScaler.uasset" 3484
"../../../../TirocinioBadViceGames/Tirocinio_Giuseppe/Content/Blueprints/Decal/BP_CockRoachDead.uasset" 3485
"../../../../TirocinioBadViceGames/Tirocinio_Giuseppe/Content/Images/Cockroach_BC.uasset" 3486
"../../../../TirocinioBadViceGames/Tirocinio_Giuseppe/Content/Sounds/FileWav/Cockroach_Sound.uasset" 3487
"../../../../TirocinioBadViceGames/Tirocinio_Giuseppe/Content/Environment/Objects/CleaningTools/Water_Bucket/M_Water_Bucket.uasset" 3488
"../../../../TirocinioBadViceGames/Tirocinio_Giuseppe/Content/Environment/Objects/CleaningTools/Water_Bucket/Water_Bucket.uasset" 3489
"../../../../TirocinioBadViceGames/Tirocinio_Giuseppe/Content/Sounds/WaterBucket_SC.uasset" 3490
"../../../../TirocinioBadViceGames/Tirocinio_Giuseppe/Content/Environment/Objects/CleaningTools/TrashBin/M_TrashBag.uasset" 3491
"../../../../TirocinioBadViceGames/Tirocinio_Giuseppe/Content/Environment/Objects/CleaningTools/TrashBin/TrashBag.uasset" 3492
"../../../../TirocinioBadViceGames/Tirocinio_Giuseppe/Content/Environment/Objects/CleaningTools/Cart/Hallaway_Cart_001_AO.uasset" 3493
"../../../../TirocinioBadViceGames/Tirocinio_Giuseppe/Content/Environment/Objects/CleaningTools/Cart/Hallaway_Cart_001_Base_color.uasset" 3494
"../../../../TirocinioBadViceGames/Tirocinio_Giuseppe/Content/Environment/Objects/CleaningTools/Cart/Hallaway_Cart_001_Metallic.uasset" 3495
"../../../../TirocinioBadViceGames/Tirocinio_Giuseppe/Content/Environment/Objects/CleaningTools/Cart/Hallaway_Cart_001_Normal_OpenGL.uasset" 3496
"../../../../TirocinioBadViceGames/Tirocinio_Giuseppe/Content/Environment/Objects/CleaningTools/Cart/Hallaway_Cart_001_Roughness.uasset" 3497
"../../../../TirocinioBadViceGames/Tirocinio_Giuseppe/Content/Sounds/FileWav/Cart_Sound.uasset" 3498
"../../../../TirocinioBadViceGames/Tirocinio_Giuseppe/Content/Environment/Elevator/Doors/Elevator_doors_001_AO.uasset" 3499
"../../../../TirocinioBadViceGames/Tirocinio_Giuseppe/Content/Environment/Elevator/Doors/Elevator_doors_001_Base_color.uasset" 3500
"../../../../TirocinioBadViceGames/Tirocinio_Giuseppe/Content/Environment/Elevator/Doors/Elevator_doors_001_Metallic.uasset" 3501
"../../../../TirocinioBadViceGames/Tirocinio_Giuseppe/Content/Environment/Elevator/Doors/Elevator_doors_001_Normal_OpenGL.uasset" 3502
"../../../../TirocinioBadViceGames/Tirocinio_Giuseppe/Content/Environment/Elevator/Doors/Elevator_doors_001_Roughness.uasset" 3503
"../../../../TirocinioBadViceGames/Tirocinio_Giuseppe/Content/Environment/Objects/Door/Plates/M_Door_Plate.uasset" 3504
"../../../../TirocinioBadViceGames/Tirocinio_Giuseppe/Content/Environment/Objects/Door/M_Door_Type_001.uasset" 3505
"../../../../TirocinioBadViceGames/Tirocinio_Giuseppe/Content/Sounds/FileWav/Door/Door_Opening.uasset" 3506
"../../../../TirocinioBadViceGames/Tirocinio_Giuseppe/Content/Blueprints/Decal/BP_DecalBlood.uasset" 3507
"../../../Engine/Content/EngineMaterials/DefaultMaterial.uasset" 3508
"../../../../TirocinioBadViceGames/Tirocinio_Giuseppe/Content/Environment/Objects/CleaningTools/Duster/Spolverino_Base_color.uasset" 3509
"../../../../TirocinioBadViceGames/Tirocinio_Giuseppe/Content/Environment/Objects/CleaningTools/Duster/Spolverino_Metallic.uasset" 3510
"../../../../TirocinioBadViceGames/Tirocinio_Giuseppe/Content/Environment/Objects/CleaningTools/Duster/Spolverino_Mixed_AO.uasset" 3511
"../../../../TirocinioBadViceGames/Tirocinio_Giuseppe/Content/Environment/Objects/CleaningTools/Duster/Spolverino_Normal_OpenGL.uasset" 3512
"../../../../TirocinioBadViceGames/Tirocinio_Giuseppe/Content/Environment/Objects/CleaningTools/Duster/Spolverino_Roughness.uasset" 3513
"../../../../TirocinioBadViceGames/Tirocinio_Giuseppe/Content/Environment/Objects/CleaningTools/Duster/M_MaskedDuster.uasset" 3514
"../../../../TirocinioBadViceGames/Tirocinio_Giuseppe/Content/Environment/Objects/CleaningTools/Mop/Mocio_Base_color.uasset" 3515
"../../../../TirocinioBadViceGames/Tirocinio_Giuseppe/Content/Environment/Objects/CleaningTools/Mop/Mocio_Metallic.uasset" 3516
"../../../../TirocinioBadViceGames/Tirocinio_Giuseppe/Content/Environment/Objects/CleaningTools/Mop/Mocio_Mixed_AO.uasset" 3517
"../../../../TirocinioBadViceGames/Tirocinio_Giuseppe/Content/Environment/Objects/CleaningTools/Mop/Mocio_Normal_OpenGL.uasset" 3518
"../../../../TirocinioBadViceGames/Tirocinio_Giuseppe/Content/Environment/Objects/CleaningTools/Mop/Mocio_Roughness.uasset" 3519
"../../../../TirocinioBadViceGames/Tirocinio_Giuseppe/Content/Sounds/FileWav/Mop_Sound.uasset" 3520
"../../../../TirocinioBadViceGames/Tirocinio_Giuseppe/Content/Environment/Objects/CleaningTools/Swatter/Scacciamosche_Base_color.uasset" 3521
"../../../../TirocinioBadViceGames/Tirocinio_Giuseppe/Content/Environment/Objects/CleaningTools/Swatter/Scacciamosche_Metallic.uasset" 3522
"../../../../TirocinioBadViceGames/Tirocinio_Giuseppe/Content/Environment/Objects/CleaningTools/Swatter/Scacciamosche_Mixed_AO.uasset" 3523
"../../../../TirocinioBadViceGames/Tirocinio_Giuseppe/Content/Environment/Objects/CleaningTools/Swatter/Scacciamosche_Normal_OpenGL.uasset" 3524
"../../../../TirocinioBadViceGames/Tirocinio_Giuseppe/Content/Environment/Objects/CleaningTools/Swatter/Scacciamosche_Roughness.uasset" 3525
"../../../../TirocinioBadViceGames/Tirocinio_Giuseppe/Content/Environment/Objects/CleaningTools/Material.uasset" 3526
"../../../../TirocinioBadViceGames/Tirocinio_Giuseppe/Content/Sounds/FileWav/CockroachSplat_Sound.uasset" 3527
"../../../../TirocinioBadViceGames/Tirocinio_Giuseppe/Content/Environment/Objects/CleaningTools/Incinerator/T_Incinerator_AO_Type_001.uasset" 3528
"../../../../TirocinioBadViceGames/Tirocinio_Giuseppe/Content/Environment/Objects/CleaningTools/Incinerator/T_Incinerator_Base_Color_Type_001.uasset" 3529
"../../../../TirocinioBadViceGames/Tirocinio_Giuseppe/Content/Environment/Objects/CleaningTools/Incinerator/T_Incinerator_Metallic_Type_001.uasset" 3530
"../../../../TirocinioBadViceGames/Tirocinio_Giuseppe/Content/Environment/Objects/CleaningTools/Incinerator/T_Incinerator_Normal_Type_001.uasset" 3531
"../../../../TirocinioBadViceGames/Tirocinio_Giuseppe/Content/Environment/Objects/CleaningTools/Incinerator/T_Incinerator_Roughness_Type_001.uasset" 3532
"../../../../TirocinioBadViceGames/Tirocinio_Giuseppe/Content/Sounds/FileWav/Fire_Sound.uasset" 3533
"../../../../TirocinioBadViceGames/Tirocinio_Giuseppe/Content/Sounds/FileWav/Door/IncineratorDoorClosing_Sound.uasset" 3534
"../../../../TirocinioBadViceGames/Tirocinio_Giuseppe/Content/Sounds/FileWav/Door/IncineratorDoorOpening_Sound.uasset" 3535
"../../../../TirocinioBadViceGames/Tirocinio_Giuseppe/Content/Environment/Objects/Room_Sink_001/T_Room_Sink_001_AO.uasset" 3536
"../../../../TirocinioBadViceGames/Tirocinio_Giuseppe/Content/Environment/Objects/Room_Sink_001/T_Room_Sink_001_BC.uasset" 3537
"../../../../TirocinioBadViceGames/Tirocinio_Giuseppe/Content/Environment/Objects/Room_Sink_001/T_Room_Sink_001_M.uasset" 3538
"../../../../TirocinioBadViceGames/Tirocinio_Giuseppe/Content/Environment/Objects/Room_Sink_001/T_Room_Sink_001_N.uasset" 3539
"../../../../TirocinioBadViceGames/Tirocinio_Giuseppe/Content/Environment/Objects/Room_Sink_001/T_Room_Sink_001_R.uasset" 3540
"../../../../TirocinioBadViceGames/Tirocinio_Giuseppe/Content/Images/yellow.uasset" 3541
"../../../../TirocinioBadViceGames/Tirocinio_Giuseppe/Content/Materials/Decals/Stains/M_Cockroach_Dead.uasset" 3542
"../../../../TirocinioBadViceGames/Tirocinio_Giuseppe/Content/Environment/Objects/CleaningTools/Water_Bucket/Water_Bucket_AO.uasset" 3543
"../../../../TirocinioBadViceGames/Tirocinio_Giuseppe/Content/Environment/Objects/CleaningTools/Water_Bucket/Water_Bucket_BaseColor.uasset" 3544
"../../../../TirocinioBadViceGames/Tirocinio_Giuseppe/Content/Environment/Objects/CleaningTools/Water_Bucket/Water_Bucket_Metallic.uasset" 3545
"../../../../TirocinioBadViceGames/Tirocinio_Giuseppe/Content/Environment/Objects/CleaningTools/Water_Bucket/Water_Bucket_Normal.uasset" 3546
"../../../../TirocinioBadViceGames/Tirocinio_Giuseppe/Content/Environment/Objects/CleaningTools/Water_Bucket/Water_Bucket_Roughness.uasset" 3547
"../../../../TirocinioBadViceGames/Tirocinio_Giuseppe/Content/Sounds/FileWav/WaterBucket_Sound.uasset" 3548
"../../../../TirocinioBadViceGames/Tirocinio_Giuseppe/Content/Environment/Objects/CleaningTools/TrashBin/Sacchetto_Carello_Base_color.uasset" 3549
"../../../../TirocinioBadViceGames/Tirocinio_Giuseppe/Content/Environment/Objects/CleaningTools/TrashBin/Sacchetto_Carello_Metallic.uasset" 3550
"../../../../TirocinioBadViceGames/Tirocinio_Giuseppe/Content/Environment/Objects/CleaningTools/TrashBin/Sacchetto_Carello_Mixed_AO.uasset" 3551
"../../../../TirocinioBadViceGames/Tirocinio_Giuseppe/Content/Environment/Objects/CleaningTools/TrashBin/Sacchetto_Carello_Normal_OpenGL.uasset" 3552
"../../../../TirocinioBadViceGames/Tirocinio_Giuseppe/Content/Environment/Objects/CleaningTools/TrashBin/Sacchetto_Carello_Roughness.uasset" 3553
"../../../../TirocinioBadViceGames/Tirocinio_Giuseppe/Content/Materials/MM_MaskedMaterial.uasset" 3554
"../../../../TirocinioBadViceGames/Tirocinio_Giuseppe/Content/Environment/Objects/Door/T_Door_AO_Type_001.uasset" 3555
"../../../../TirocinioBadViceGames/Tirocinio_Giuseppe/Content/Environment/Objects/Door/T_Door_BaseColor_Type_001.uasset" 3556
"../../../../TirocinioBadViceGames/Tirocinio_Giuseppe/Content/Environment/Objects/Door/T_Door_Normal_Type_001.uasset" 3557
"../../../../TirocinioBadViceGames/Tirocinio_Giuseppe/Content/Environment/Objects/Door/T_Door_Roughness_Type_001.uasset" 3558
"../../../../TirocinioBadViceGames/Tirocinio_Giuseppe/Content/Materials/Decals/Stains/M_Blood_Decal.uasset" 3559
"../../../../TirocinioBadViceGames/Tirocinio_Giuseppe/Content/Environment/Objects/CleaningTools/Duster/Brush_Card_BC.uasset" 3560
"../../Plugins/Interchange/Assets/Content/Functions/MF_PhongToMetalRoughness.uasset" 3561
"../../../../TirocinioBadViceGames/Tirocinio_Giuseppe/Content/Materials/Decals/MM_Stain_Decal.uasset" 3562
"../../../Engine/Content/EngineMaterials/FlatNormal.uasset" 3563
"../../../../TirocinioBadViceGames/Tirocinio_Giuseppe/Content/Images/Decals/Cockroach/Cockroach_Dead_BC.uasset" 3564
"../../../../TirocinioBadViceGames/Tirocinio_Giuseppe/Content/Environment/Objects/Door/Plates/T_Door_Numbers.uasset" 3565
"../../../../TirocinioBadViceGames/Tirocinio_Giuseppe/Content/Images/Decals/Blood/Blood.uasset" 3566
"../../../../TirocinioBadViceGames/Tirocinio_Giuseppe/Content/Images/Decals/Blood/T_Decal_Blood_01_BC.uasset" 3567
"../../../../TirocinioBadViceGames/Tirocinio_Giuseppe/Content/Textures/Decal_Normal.uasset" 3568
"../../../Engine/Intermediate/ProjectFiles/PrimaryProjectPath.txt" 3569
"/SpeedTreeImporter/SpeedTree9/SpeedTreeMaster" 3570
"../../Plugins/Editor/SpeedTreeImporter/Content/SpeedTree9/SpeedTreeMaster.uasset" 3571
"../../../Engine/Content/Functions/Engine_MaterialFunctions02/ObjectLocalBounds.uasset" 3572
"../../../Engine/Content/Functions/Engine_MaterialFunctions02/SafeNormalize.uasset" 3573
"../../../Engine/Content/Functions/Engine_MaterialFunctions02/Utility/VectorLength.uasset" 3574
"../../../Engine/Content/Functions/Engine_MaterialFunctions02/UVs/BoundingBoxBased_0-1_UVW.uasset" 3575
"../../../Engine/Content/Functions/Engine_MaterialFunctions02/WorldPositionOffset/ObjectScale.uasset" 3576
"../../Plugins/Editor/SpeedTreeImporter/Content/SpeedTree9/SpeedTreeBranchMotion.uasset" 3577
"../../Plugins/Editor/SpeedTreeImporter/Content/SpeedTree9/SpeedTreeCameraFacing.uasset" 3578
"../../Plugins/Editor/SpeedTreeImporter/Content/SpeedTree9/SpeedTreeWind.uasset" 3579
"../../Plugins/Editor/SpeedTreeImporter/Content/SpeedTree9/SpeedTreeWindMotion.uasset" 3580
"../../Plugins/Editor/SpeedTreeImporter/Content/SpeedTree9/UnpackDirection.uasset" 3581
"../../Plugins/Editor/SpeedTreeImporter/Content/SpeedTree9/UnpackInteger3.uasset" 3582
"../../Plugins/Editor/SpeedTreeImporter/Content/SpeedTree9/Empty.uasset" 3583
"../../Plugins/Editor/SpeedTreeImporter/Content/SpeedTree9/EmptyNormal.uasset" 3584
"../../Plugins/Editor/SpeedTreeImporter/Content/SpeedTree9/game_wind_noise.uasset" 3585
"/SpeedTreeImporter/SpeedTree9/SpeedTreeBillboardMaster" 3586
"../../Plugins/Editor/SpeedTreeImporter/Content/SpeedTree9/SpeedTreeBillboardMaster.uasset" 3587
"../../Plugins/Editor/SpeedTreeImporter/Content/SpeedTree9/SpeedTreeBillboard.uasset" 3588
"/MediaPlate/SM_MediaPlateScreen" 3589
"../../Plugins/Media/MediaPlate/Content/SM_MediaPlateScreen.uasset" 3590
"/Engine/BasicShapes/BasicShapeMaterial" 3591
"../../../Engine/Content/BasicShapes/BasicShapeMaterial.uasset" 3592
"/Engine/EditorMaterials/Dataflow/DataflowVertexMaterial" 3593
"../../../Engine/Content/EditorMaterials/Dataflow/DataflowVertexMaterial.uasset" 3594
"/Engine/EditorMaterials/Dataflow/DataflowTwoSidedVertexMaterial" 3595
"../../../Engine/Content/EditorMaterials/Dataflow/DataflowTwoSidedVertexMaterial.uasset" 3596
"/Engine/EditorLandscapeResources/LayerVisMaterial" 3597
"../../../Engine/Content/EditorLandscapeResources/LayerVisMaterial.uasset" 3598
"../../../Engine/Content/EditorLandscapeResources/WhiteSquareTexture.uasset" 3599
"/Engine/EditorLandscapeResources/SelectBrushMaterial_Selected" 3600
"../../../Engine/Content/EditorLandscapeResources/SelectBrushMaterial_Selected.uasset" 3601
"../../../Engine/Content/EditorLandscapeResources/SelectBrushMaterial.uasset" 3602
"../../../Engine/Content/Functions/Engine_MaterialFunctions03/Math/WithinRangeFloat2.uasset" 3603
"../../../Engine/Content/EditorLandscapeResources/DefaultAlphaTexture.uasset" 3604
"/Engine/EditorLandscapeResources/SelectBrushMaterial_SelectedRegion" 3605
"../../../Engine/Content/EditorLandscapeResources/SelectBrushMaterial_SelectedRegion.uasset" 3606
"/Engine/EditorLandscapeResources/MaskBrushMaterial_MaskedRegion" 3607
"../../../Engine/Content/EditorLandscapeResources/MaskBrushMaterial_MaskedRegion.uasset" 3608
"../../../Engine/Content/EditorLandscapeResources/MaskBrushMaterial.uasset" 3609
"/Engine/EditorLandscapeResources/ColorMaskBrushMaterial_MaskedRegion" 3610
"../../../Engine/Content/EditorLandscapeResources/ColorMaskBrushMaterial_MaskedRegion.uasset" 3611
"../../../Engine/Content/EditorLandscapeResources/ColorMaskBrushMaterial.uasset" 3612
"/Engine/EditorLandscapeResources/LandscapeDirtyMaterial" 3613
"../../../Engine/Content/EditorLandscapeResources/LandscapeDirtyMaterial.uasset" 3614
"/Engine/EditorLandscapeResources/LandscapeLayerUsageMaterial" 3615
"../../../Engine/Content/EditorLandscapeResources/LandscapeLayerUsageMaterial.uasset" 3616
"../../../Engine/Content/Functions/Engine_MaterialFunctions01/Debug/DebugIntValues.uasset" 3617
"../../../Engine/Content/Functions/Engine_MaterialFunctions01/Texturing/ScaleUVsByCenter.uasset" 3618
"../../../Engine/Content/Functions/Engine_MaterialFunctions02/WorldPositionOffset/LocalPosition.uasset" 3619
"../../../Engine/Content/Functions/Engine_MaterialFunctions01/Texturing/TextureCropping.uasset" 3620
"../../../Engine/Content/Functions/Engine_MaterialFunctions02/ExampleContent/DebugNumberStrip.uasset" 3621
"C:/Users/nicol/AppData/Local/UnrealEngine/Editor/UInteractiveToolsPresetCollectionAsset_DefaultCollection.json" 3622
"/Engine/EngineMaterials/NaniteHiddenSectionMaterial" 3623
"../../../Engine/Content/EngineMaterials/NaniteHiddenSectionMaterial.uasset" 3624
"/Engine/EngineMaterials/RemoveSurfaceMaterial" 3625
"../../../Engine/Content/EngineMaterials/RemoveSurfaceMaterial.uasset" 3626
"/Engine/EngineDebugMaterials/DebugMeshMaterial" 3627
"../../../Engine/Content/EngineDebugMaterials/DebugMeshMaterial.uasset" 3628
"/Engine/EngineMaterials/EmissiveMeshMaterial" 3629
"../../../Engine/Content/EngineMaterials/EmissiveMeshMaterial.uasset" 3630
"../../../Engine/Content/EngineMaterials/DefaultWhiteGrid_Low.uasset" 3631
"/Engine/EngineMaterials/M_InvalidLightmapSettings" 3632
"../../../Engine/Content/EngineMaterials/M_InvalidLightmapSettings.uasset" 3633
"../../../Engine/Content/EngineMaterials/InvalidLightmapSettings.uasset" 3634
"/Engine/EngineMaterials/GizmoMaterial" 3635
"../../../Engine/Content/EngineMaterials/GizmoMaterial.uasset" 3636
"/Engine/EngineMaterials/PhAT_JointLimitMaterial" 3637
"../../../Engine/Content/EngineMaterials/PhAT_JointLimitMaterial.uasset" 3638
"/Engine/EngineMaterials/FlattenMaterial" 3639
"../../../Engine/Content/EngineMaterials/FlattenMaterial.uasset" 3640
"../../../Engine/Content/EngineMaterials/BaseFlattenDiffuseMap.uasset" 3641
"../../../Engine/Content/EngineMaterials/BaseFlattenEmissiveMap.uasset" 3642
"../../../Engine/Content/EngineMaterials/BaseFlattenGrayscaleMap.uasset" 3643
"../../../Engine/Content/EngineMaterials/BaseFlattenLinearColor.uasset" 3644
"../../../Engine/Content/EngineMaterials/BaseFlattenNormalMap.uasset" 3645
"../../../Engine/Content/Functions/Engine_MaterialFunctions02/PivotPainter2/Black_1x1_EXR_Texture.uasset" 3646
"/Engine/EngineMaterials/FlattenMaterial_VT" 3647
"../../../Engine/Content/EngineMaterials/FlattenMaterial_VT.uasset" 3648
"../../../Engine/Content/EngineMaterials/BaseFlattenDiffuseMap_VT.uasset" 3649
"../../../Engine/Content/EngineMaterials/BaseFlattenEmissiveMap_VT.uasset" 3650
"../../../Engine/Content/EngineMaterials/BaseFlattenGrayscaleMap_VT.uasset" 3651
"../../../Engine/Content/EngineMaterials/BaseFlattenLinearColor_VT.uasset" 3652
"../../../Engine/Content/EngineMaterials/BaseFlattenNormalMap_VT.uasset" 3653
"../../../Engine/Content/EngineMaterials/Black_1x1_EXR_Texture_VT.uasset" 3654
"/Engine/EngineMaterials/FlattenMaterial_WS_Normal_VT" 3655
"../../../Engine/Content/EngineMaterials/FlattenMaterial_WS_Normal_VT.uasset" 3656
"/Engine/EngineMaterials/Good64x64TilingNoiseHighFreq" 3657
"../../../Engine/Content/EngineMaterials/Good64x64TilingNoiseHighFreq.uasset" 3658
"/Engine/EngineMaterials/DefaultBokeh" 3659
"../../../Engine/Content/EngineMaterials/DefaultBokeh.uasset" 3660
"/Engine/EngineMaterials/MiniFont" 3661
"../../../Engine/Content/EngineMaterials/MiniFont.uasset" 3662
"/Engine/EngineMaterials/WeightMapPlaceholderTexture" 3663
"../../../Engine/Content/EngineMaterials/WeightMapPlaceholderTexture.uasset" 3664
"/Engine/EngineMaterials/WeightMapArrayPlaceholderTexture" 3665
"../../../Engine/Content/EngineMaterials/WeightMapArrayPlaceholderTexture.uasset" 3666
"/Engine/EngineMaterials/DefaultWhiteGrid" 3667
"../../../Engine/Content/EngineMaterials/DefaultWhiteGrid.uasset" 3668
"/Engine/EngineMaterials/PreintegratedSkinBRDF" 3669
"../../../Engine/Content/EngineMaterials/PreintegratedSkinBRDF.uasset" 3670
"/Engine/EngineMaterials/LTC/GGX_LTCAmp" 3671
"../../../Engine/Content/EngineMaterials/LTC/GGX_LTCAmp.uasset" 3672
"/Engine/EngineMaterials/LTC/GGX_LTCMat" 3673
"../../../Engine/Content/EngineMaterials/LTC/GGX_LTCMat.uasset" 3674
"/Engine/EngineMaterials/EnergyConservation/GGX_ReflectionEnergy" 3675
"../../../Engine/Content/EngineMaterials/EnergyConservation/GGX_ReflectionEnergy.uasset" 3676
"/Engine/EngineMaterials/EnergyConservation/GGX_TransmissionEnergyArray" 3677
"../../../Engine/Content/EngineMaterials/EnergyConservation/GGX_TransmissionEnergyArray.uasset" 3678
"/Engine/EngineMaterials/EnergyConservation/SheenLegacy_Energy" 3679
"../../../Engine/Content/EngineMaterials/EnergyConservation/SheenLegacy_Energy.uasset" 3680
"/Engine/EngineMaterials/DefaultPhysicalMaterial" 3681
"../../../Engine/Content/EngineMaterials/DefaultPhysicalMaterial.uasset" 3682
"/Engine/EngineMaterials/DefaultDestructiblePhysicalMaterial" 3683
"../../../Engine/Content/EngineMaterials/DefaultDestructiblePhysicalMaterial.uasset" 3684
"C:/Users/nicol/AppData/Local/UnrealEngine/Editor/ProjectEditorRecords.json" 3685
"/Niagara/ParameterDefinitions/SpriteRenderer" 3686
"../../Plugins/FX/Niagara/Content/ParameterDefinitions/SpriteRenderer.uasset" 3687
"/Niagara/ParameterDefinitions/RibbonRenderer" 3688
"../../Plugins/FX/Niagara/Content/ParameterDefinitions/RibbonRenderer.uasset" 3689
"/Niagara/ParameterDefinitions/MeshRenderer" 3690
"../../Plugins/FX/Niagara/Content/ParameterDefinitions/MeshRenderer.uasset" 3691
"/Niagara/ParameterDefinitions/LightRenderer" 3692
"../../Plugins/FX/Niagara/Content/ParameterDefinitions/LightRenderer.uasset" 3693
"/Niagara/ParameterDefinitions/DecalRenderer" 3694
"../../Plugins/FX/Niagara/Content/ParameterDefinitions/DecalRenderer.uasset" 3695
"/Niagara/ParameterDefinitions/CoreParameters" 3696
"../../Plugins/FX/Niagara/Content/ParameterDefinitions/CoreParameters.uasset" 3697
"/DeformerGraph/Deformers/DG_LinearBlendSkin_Morph_Cloth" 3698
"../../Plugins/Animation/DeformerGraph/Content/Deformers/DG_LinearBlendSkin_Morph_Cloth.uasset" 3699
"../../Plugins/Animation/DeformerGraph/Content/DeformerFunctions/DG_Function_LinearBlendSkin_Morph_Cloth.uasset" 3700
"/DeformerGraph/Deformers/DG_LinearBlendSkin_Morph_Cloth_RecomputeNormals" 3701
"../../Plugins/Animation/DeformerGraph/Content/Deformers/DG_LinearBlendSkin_Morph_Cloth_RecomputeNormals.uasset" 3702
"../../Plugins/Animation/DeformerGraph/Content/DeformerFunctions/DG_Function_ComputeNormalsTangents.uasset" 3703
"../../Plugins/Animation/DeformerGraph/Content/DeformerFunctions/DG_Function_LinearBlendSkin_Morph_Cloth_PositionOnly.uasset" 3704
"/Engine/EngineFonts/DroidSansMono" 3705
"../../../Engine/Content/EngineFonts/DroidSansMono.uasset" 3706
"../../../Engine/Content/EngineFonts/Faces/DroidSansMono.uasset" 3707
"/Engine/BasicShapes/Sphere" 3708
"../../../Engine/Content/BasicShapes/Sphere.uasset" 3709
"/Engine/BasicShapes/Cylinder" 3710
"../../../Engine/Content/BasicShapes/Cylinder.uasset" 3711
"/Engine/BasicShapes/Cone" 3712
"../../../Engine/Content/BasicShapes/Cone.uasset" 3713
"../../../Engine/Documentation/Source/Shared/Types/ABrush/ABrush.INT.udn" 3714
"../../../Engine/Content/Internationalization/icudt64l/brkitr/it.res" 3715
"../../../Engine/Content/Internationalization/icudt64l/brkitr/root.res" 3716
"../../../Engine/Content/Internationalization/icudt64l/brkitr/char.brk" 3717
"../../../Engine/Content/Internationalization/icudt64l/brkitr/word.brk" 3718
"/Engine/EditorResources/SequenceRecorder/Countdown" 3719
"../../../Engine/Content/EditorResources/SequenceRecorder/Countdown.uasset" 3720
"/Engine/EditorResources/SequenceRecorder/RecordingIndicator" 3721
"../../../Engine/Content/EditorResources/SequenceRecorder/RecordingIndicator.uasset" 3722
"/Engine/EditorMaterials/PhAT_UnselectedMaterial" 3723
"../../../Engine/Content/EditorMaterials/PhAT_UnselectedMaterial.uasset" 3724
"/Engine/EditorMaterials/PhAT_NoCollisionMaterial" 3725
"../../../Engine/Content/EditorMaterials/PhAT_NoCollisionMaterial.uasset" 3726
"/Engine/EditorResources/S_Terrain" 3727
"../../../Engine/Content/EditorResources/S_Terrain.uasset" 3728
"../../../Engine/Plugins/FX/Niagara/Shaders/Private/NiagaraDataInterfaceTexture2DArrayTemplate.ush" 3729
"../../../Engine/Plugins/FX/Niagara/Shaders/Private/NiagaraDataInterfaceActorComponentTemplate.ush" 3730
"../../../Engine/Plugins/FX/Niagara/Shaders/Private/NiagaraDataInterfaceArrayTemplate.ush" 3731
"../../../Engine/Plugins/FX/Niagara/Shaders/Private/NiagaraDataInterfaceArrayRWTemplate.ush" 3732
"../../../Engine/Plugins/FX/Niagara/Shaders/Private/NiagaraDataInterfaceAsyncGpuTrace.ush" 3733
"../../../Engine/Plugins/FX/Niagara/Shaders/Private/NiagaraDataInterfaceAsyncGpuTraceTemplate.ush" 3734
"../../../Engine/Plugins/FX/Niagara/Shaders/Private/NiagaraDataInterfaceCamera.ush" 3735
"../../../Engine/Plugins/Experimental/ChaosNiagara/Shaders/NiagaraDataInterfaceChaosDestruction.ush" 3736
"../../../Engine/Plugins/FX/Niagara/Shaders/Private/NiagaraDataInterfaceCollisionQuery.ush" 3737
"D:/TirocinioBadViceGames/Tirocinio_Giuseppe/Intermediate/ShaderAutogen/PCD3D_SM5/AutogenShaderHeaders.ush" 3738
"../../../Engine/Plugins/FX/Niagara/Shaders/Private/NiagaraDataInterfaceCollisionQueryTemplate.ush" 3739
"../../../Engine/Plugins/FX/Niagara/Shaders/Private/NiagaraDataInterfaceCurveTemplate.ush" 3740
"../../../Engine/Plugins/FX/Niagara/Shaders/Private/NiagaraDataInterfaceCubeTextureTemplate.ush" 3741
"../../../Engine/Plugins/FX/Niagara/Shaders/Private/DataChannel/NiagaraDataInterfaceDataChannelCommon.ush" 3742
"../../../Engine/Plugins/FX/Niagara/Shaders/Private/DataChannel/NiagaraDataInterfaceDataChannelTemplateCommon.ush" 3743
"../../../Engine/Plugins/FX/Niagara/Shaders/Private/DataChannel/NiagaraDataInterfaceDataChannelTemplateReadCommon.ush" 3744
"../../../Engine/Plugins/FX/Niagara/Shaders/Private/DataChannel/NiagaraDataInterfaceDataChannelTemplate_Read.ush" 3745
"../../../Engine/Plugins/FX/Niagara/Shaders/Private/DataChannel/NiagaraDataInterfaceDataChannelTemplate_Consume.ush" 3746
"../../../Engine/Plugins/FX/Niagara/Shaders/Private/DataChannel/NiagaraDataInterfaceDataChannelTemplateWriteCommon.ush" 3747
"../../../Engine/Plugins/FX/Niagara/Shaders/Private/DataChannel/NiagaraDataInterfaceDataChannelTemplate_Append.ush" 3748
"../../../Engine/Plugins/FX/Niagara/Shaders/Private/NiagaraDataInterfaceDataTableTemplate.ush" 3749
"../../../Engine/Plugins/FX/Niagara/Shaders/Private/NiagaraDataInterfaceDebugDraw.ush" 3750
"../../../Engine/Plugins/FX/Niagara/Shaders/Private/NiagaraDataInterfaceDebugDrawTemplate.ush" 3751
"../../../Engine/Plugins/FX/Niagara/Shaders/Private/NiagaraDataInterfaceDynamicMeshTemplate.ush" 3752
"../../../Engine/Plugins/FX/Niagara/Shaders/Private/NiagaraDataInterfaceEmitterPropertiesTemplate.ush" 3753
"../../../Engine/Plugins/FX/Niagara/Shaders/Private/NiagaraDataInterfaceExportTemplate.ush" 3754
"../../../Engine/Plugins/FX/Niagara/Shaders/Private/NiagaraDataInterfaceGBufferTemplate.ush" 3755
"../../../Engine/Plugins/Experimental/ChaosNiagara/Shaders/NiagaraDataInterfaceGeometryCollection.ush" 3756
"../../../Engine/Plugins/FX/Niagara/Shaders/Private/NiagaraTransformUtils.ush" 3757
"../../../Engine/Plugins/Runtime/HairStrands/Shaders/Private/NiagaraStrandsExternalForce.ush" 3758
"../../../Engine/Plugins/Runtime/HairStrands/Shaders/Private/NiagaraHookeSpringMaterial.ush" 3759
"../../../Engine/Plugins/Runtime/HairStrands/Shaders/Private/NiagaraAngularSpringMaterial.ush" 3760
"../../../Engine/Plugins/Runtime/HairStrands/Shaders/Private/NiagaraConstantVolumeMaterial.ush" 3761
"../../../Engine/Plugins/Runtime/HairStrands/Shaders/Private/NiagaraCosseratRodMaterial.ush" 3762
"../../../Engine/Plugins/Runtime/HairStrands/Shaders/Private/NiagaraStaticCollisionConstraint.ush" 3763
"../../../Engine/Plugins/Runtime/HairStrands/Shaders/Private/NiagaraDataInterfaceHairStrands.ush" 3764
"../../../Engine/Plugins/Runtime/HairStrands/Shaders/Private/NiagaraDataInterfaceHairStrandsTemplate.ush" 3765
"../../../Engine/Plugins/FX/Niagara/Shaders/Private/NiagaraDataInterfaceIntRenderTarget2D.ush" 3766
"../../../Engine/Plugins/FX/Niagara/Shaders/Private/NiagaraDataInterfaceLandscape.ush" 3767
"../../../Engine/Plugins/FX/Niagara/Shaders/Private/NiagaraDataInterfaceMemoryBufferTemplate.ush" 3768
"../../../Engine/Plugins/FX/Niagara/Shaders/Private/NiagaraDataInterfaceMeshRendererInfoTemplate.ush" 3769
"../../../Engine/Plugins/FX/Niagara/Shaders/Private/NiagaraDataInterfaceOcclusion.ush" 3770
"../../../Engine/Plugins/FX/Niagara/Shaders/Private/NiagaraDataInterfacePhysicsAsset.ush" 3771
"../../../Engine/Plugins/Experimental/ChaosNiagara/Shaders/NiagaraDataInterfacePhysicsField.ush" 3772
"../../../Engine/Plugins/FX/Niagara/Shaders/Private/NiagaraDataInterfacePlatformSetTemplate.ush" 3773
"../../../Engine/Plugins/Runtime/HairStrands/Shaders/Private/NiagaraDataInterfaceVelocityGrid.ush" 3774
"../../../Engine/Plugins/Runtime/HairStrands/Shaders/Private/NiagaraDataInterfaceVelocityGridTemplate.ush" 3775
"../../../Engine/Plugins/Runtime/HairStrands/Shaders/Private/NiagaraDataInterfacePressureGrid.ush" 3776
"../../../Engine/Plugins/Runtime/HairStrands/Shaders/Private/NiagaraDataInterfacePressureGridTemplate.ush" 3777
"../../../Engine/Plugins/FX/Niagara/Shaders/Private/NiagaraDataInterfaceRenderTarget2DTemplate.ush" 3778
"../../../Engine/Plugins/FX/Niagara/Shaders/Private/NiagaraDataInterfaceRenderTarget2DArrayTemplate.ush" 3779
"../../../Engine/Plugins/FX/Niagara/Shaders/Private/NiagaraDataInterfaceRenderTargetCubeTemplate.ush" 3780
"../../../Engine/Plugins/FX/Niagara/Shaders/Private/NiagaraDataInterfaceRenderTargetVolumeTemplate.ush" 3781
"../../../Engine/Plugins/FX/Niagara/Shaders/Private/NiagaraDataInterfaceRigidMeshCollisionQuery.ush" 3782
"../../../Engine/Plugins/FX/Niagara/Shaders/Private/NiagaraDistanceFieldQueries.ush" 3783
"../../../Engine/Plugins/FX/Niagara/Shaders/Private/NiagaraDataInterfaceSceneCapture2DTemplate.ush" 3784
"../../../Engine/Plugins/FX/Niagara/Shaders/Private/NiagaraDataInterfaceSimCacheReaderTemplate.ush" 3785
"../../../Engine/Plugins/FX/Niagara/Shaders/Private/NiagaraDataInterfaceSimpleCounterTemplate.ush" 3786
"../../../Engine/Plugins/FX/Niagara/Shaders/Private/NiagaraDataInterfaceSkeletalMesh.ush" 3787
"../../../Engine/Plugins/FX/Niagara/Shaders/Private/NiagaraBaryCentricUtils.ush" 3788
"../../../Engine/Plugins/FX/Niagara/Shaders/Private/NiagaraDataInterfaceSkeletalMeshTemplate.ush" 3789
"../../../Engine/Plugins/FX/Niagara/Shaders/Private/NiagaraDataInterfaceSocketReaderTemplate.ush" 3790
"../../../Engine/Plugins/FX/Niagara/Shaders/Private/NiagaraDataInterfaceSparseVolumeTextureTemplate.ush" 3791
"../../../Engine/Plugins/FX/Niagara/Shaders/Private/NiagaraDataInterfaceSplineTemplate.ush" 3792
"../../../Engine/Plugins/FX/Niagara/Shaders/Private/NiagaraDataInterfaceSpriteRendererInfoTemplate.ush" 3793
"../../../Engine/Plugins/FX/Niagara/Shaders/Private/NiagaraDataInterfaceStaticMeshTemplate.ush" 3794
"../../../Engine/Plugins/FX/Niagara/Shaders/Private/NiagaraDataInterfaceTextureTemplate.ush" 3795
"../../../Engine/Plugins/FX/Niagara/Shaders/Private/NiagaraDataInterfaceVirtualTexture.ush" 3796
"../../../Engine/Plugins/FX/Niagara/Shaders/Private/NiagaraDataInterfaceVirtualTextureTemplate.ush" 3797
"../../../Engine/Plugins/FX/Niagara/Shaders/Private/NiagaraDataInterfaceVolumeCache.ush" 3798
"../../../Engine/Plugins/FX/Niagara/Shaders/Private/NiagaraDataInterfaceVolumeTextureTemplate.ush" 3799
"D:/TirocinioBadViceGames/Tirocinio_Giuseppe/Binaries/Win64/UnrealEditor-Tirocinio_Giuseppe.dll" 3800
"../../../../TirocinioBadViceGames/Tirocinio_Giuseppe/Intermediate/ShaderAutogen/PCD3D_SM5/AutogenShaderHeaders.ush" 3801
"D:/TirocinioBadViceGames/Tirocinio_Giuseppe/Content/Environment/Objects/Body_Parts/Bones/Skull/Type_003/Human_Skull.uasset" 3802
"D:/TirocinioBadViceGames/Tirocinio_Giuseppe/Content/Environment/Objects/Body_Parts/Bones/Skull/Type_003/T_Skull_Roughness_Type_003.uasset" 3803
"D:/TirocinioBadViceGames/Tirocinio_Giuseppe/Content/Environment/Objects/Body_Parts/Bones/Skull/Type_003/T_Skull_BaseColor_Type_003.uasset" 3804
"D:/TirocinioBadViceGames/Tirocinio_Giuseppe/Content/Environment/Objects/Body_Parts/Bones/Skull/Type_003/T_Skull_Normal_Type_003.uasset" 3805
"D:/TirocinioBadViceGames/Tirocinio_Giuseppe/Content/Environment/Hallway/Floor/M_Floor.uasset" 3806
"D:/TirocinioBadViceGames/Tirocinio_Giuseppe/Content/Environment/Objects/Body_Parts/Bones/Skull/Type_001/T_Skull_BaseColor_Type_001.uasset" 3807
"D:/TirocinioBadViceGames/Tirocinio_Giuseppe/Content/Environment/Objects/Body_Parts/Bones/Skull/Type_001/Human_Half_Skull.uasset" 3808
"D:/TirocinioBadViceGames/Tirocinio_Giuseppe/Content/Environment/Objects/Body_Parts/Bones/Skull/Type_001/T_Skull_Normal_Type_001.uasset" 3809
"D:/TirocinioBadViceGames/Tirocinio_Giuseppe/Content/Blueprints/Singletons/BP_PlayerDetachZoneManager.uasset" 3810
"D:/TirocinioBadViceGames/Tirocinio_Giuseppe/Content/Environment/Objects/Body_Parts/Bones/Skull/Type_001/T_Skull_AO_Type_001.uasset" 3811
"D:/TirocinioBadViceGames/Tirocinio_Giuseppe/Content/Environment/Objects/Body_Parts/Bones/Skull/Type_001/M_Skull_001.uasset" 3812
"D:/TirocinioBadViceGames/Tirocinio_Giuseppe/Content/Environment/Objects/Drug/Drug.uasset" 3813
"D:/TirocinioBadViceGames/Tirocinio_Giuseppe/Content/Blueprints/Objects/Trash/All_Trash/BP_Bones/BP_Skull.uasset" 3814
"D:/TirocinioBadViceGames/Tirocinio_Giuseppe/Content/Environment/Objects/Drug/Busta_Droga_Base_color.uasset" 3815
"D:/TirocinioBadViceGames/Tirocinio_Giuseppe/Content/Environment/Objects/Drug/Busta_Droga_AO.uasset" 3816
"D:/TirocinioBadViceGames/Tirocinio_Giuseppe/Content/Environment/Objects/Drug/Busta_Droga_Normal_OpenGL.uasset" 3817
"D:/TirocinioBadViceGames/Tirocinio_Giuseppe/Content/Environment/Objects/Drug/M_Drug.uasset" 3818
"D:/TirocinioBadViceGames/Tirocinio_Giuseppe/Content/Environment/Objects/Drug/Busta_Droga_Roughness.uasset" 3819
"D:/TirocinioBadViceGames/Tirocinio_Giuseppe/Content/Blueprints/Objects/Trash/All_Trash/BP_Drug.uasset" 3820
"D:/TirocinioBadViceGames/Tirocinio_Giuseppe/Content/Environment/Objects/Body_Parts/Bones/Type_006/T_HandBones_Normal_Type_002.uasset" 3821
"D:/TirocinioBadViceGames/Tirocinio_Giuseppe/Content/Environment/Objects/Body_Parts/Bones/Type_006/T_HandBones_Roughness_Type_002.uasset" 3822
"D:/TirocinioBadViceGames/Tirocinio_Giuseppe/Content/Environment/Objects/Body_Parts/Bones/Type_006/T_HandBones_BaseColor_Type_002.uasset" 3823
"D:/TirocinioBadViceGames/Tirocinio_Giuseppe/Content/Environment/Objects/Body_Parts/Bones/Skull/Type_003/M_Skull_003.uasset" 3824
"D:/TirocinioBadViceGames/Tirocinio_Giuseppe/Content/Environment/Objects/Body_Parts/Bones/Type_006/M_Bone_006.uasset" 3825
"D:/TirocinioBadViceGames/Tirocinio_Giuseppe/Content/Environment/Objects/Body_Parts/Bones/Ribs/Chest_Ribs3.uasset" 3826
"D:/TirocinioBadViceGames/Tirocinio_Giuseppe/Content/Blueprints/Objects/Trash/All_Trash/BP_Bones/BP_HumanBone_006.uasset" 3827
"D:/TirocinioBadViceGames/Tirocinio_Giuseppe/Content/Environment/Objects/Body_Parts/Bones/Ribs/T_Ribs_BaseColor_Type_001.uasset" 3828
"D:/TirocinioBadViceGames/Tirocinio_Giuseppe/Content/Blueprints/Objects/Trash/All_Trash/BP_Bones/BP_Ribs_002.uasset" 3829
"/Game/Environment/Hallway/Floor/M_Floor" 3830
"D:/TirocinioBadViceGames/Tirocinio_Giuseppe/Content/Environment/Objects/Body_Parts/Bones/Skull/Type_001/T_Skull_Roughness_Type_001.uasset" 3831
"D:/TirocinioBadViceGames/Tirocinio_Giuseppe/Content/Environment/Objects/Body_Parts/Bones/Ribs/T_Ribs_Normal_Type_001.uasset" 3832
"D:/TirocinioBadViceGames/Tirocinio_Giuseppe/Content/Blueprints/Objects/Trash/All_Trash/BP_Bones/BP_Half_Skull.uasset" 3833
"../../../../TirocinioBadViceGames/Tirocinio_Giuseppe/Content/Environment/Hallway/Floor/Wood_ParquetChevron_AO.uasset" 3834
"../../../../TirocinioBadViceGames/Tirocinio_Giuseppe/Content/Environment/Hallway/Floor/Wood_ParquetChevron_BC.uasset" 3835
"/Game/Environment/Hallway/Floor/Pavimenti" 3836
"/Game/Blueprints/Singletons/BP_PlayerDetachZoneManager" 3837
"/Game/Environment/Objects/Body_Parts/Bones/Skull/Type_003/T_Skull_BaseColor_Type_003" 3838
"/Game/Environment/Objects/Body_Parts/Bones/Skull/Type_003/T_Skull_Normal_Type_003" 3839
"/Game/Environment/Objects/Body_Parts/Bones/Skull/Type_003/T_Skull_Roughness_Type_003" 3840
"/Game/Environment/Objects/Body_Parts/Bones/Skull/Type_001/T_Skull_BaseColor_Type_001" 3841
"/Game/Environment/Objects/Body_Parts/Bones/Skull/Type_001/T_Skull_Normal_Type_001" 3842
"/Game/Environment/Objects/Body_Parts/Bones/Skull/Type_001/T_Skull_AO_Type_001" 3843
"/Game/Environment/Objects/Drug/Busta_Droga_Base_color" 3844
"/Game/Environment/Objects/Drug/Busta_Droga_Normal_OpenGL" 3845
"/Game/Environment/Objects/Drug/Busta_Droga_Roughness" 3846
"D:/TirocinioBadViceGames/Tirocinio_Giuseppe/Content/Environment/Objects/Bullets/MafiaRoom_Bullet_Type_001.uasset" 3847
"D:/TirocinioBadViceGames/Tirocinio_Giuseppe/Content/Blueprints/Objects/Trash/All_Trash/BP_Bones/BP_Ribs_003.uasset" 3848
"D:/TirocinioBadViceGames/Tirocinio_Giuseppe/Content/Environment/Objects/Bullets/Bullets_Roughness.uasset" 3849
"D:/TirocinioBadViceGames/Tirocinio_Giuseppe/Content/Environment/Objects/Body_Parts/Bones/Ribs/M_Ribs_001.uasset" 3850
"D:/TirocinioBadViceGames/Tirocinio_Giuseppe/Content/Environment/Objects/Bullets/T_Bullets_BaseColor_Type_001.uasset" 3851
"D:/TirocinioBadViceGames/Tirocinio_Giuseppe/Content/Blueprints/Objects/Trash/All_Trash/BP_Bullets/BP_Bullets.uasset" 3852
"D:/TirocinioBadViceGames/Tirocinio_Giuseppe/Content/Environment/Objects/Bullets/T_Bullets_Metallic_Type_001.uasset" 3853
"D:/TirocinioBadViceGames/Tirocinio_Giuseppe/Content/Environment/Objects/Bullets/T_Bullets_Normal_Type_001.uasset" 3854
"D:/TirocinioBadViceGames/Tirocinio_Giuseppe/Content/Environment/Objects/Bullets/M_Bullets.uasset" 3855
"D:/TirocinioBadViceGames/Tirocinio_Giuseppe/Content/Environment/Objects/Body_Parts/Bones/Ribs/T_Ribs_Roughness_Type_001.uasset" 3856
"/Game/Environment/Objects/Body_Parts/Bones/Skull/Type_003/Human_Skull" 3857
"D:/TirocinioBadViceGames/Tirocinio_Giuseppe/Content/Environment/Objects/Bullets/T_Bullets_AO_Type_001.uasset" 3858
"D:/TirocinioBadViceGames/Tirocinio_Giuseppe/Content/Environment/Objects/Chips_Bag/Chips_Bag_002/Chips_Bag_002.uasset" 3859
"/Game/Blueprints/Objects/Trash/All_Trash/BP_Bones/BP_Skull" 3860
"../../../../TirocinioBadViceGames/Tirocinio_Giuseppe/Content/Blueprints/Objects/Trash/BP_Trash.uasset" 3861
"../../../../TirocinioBadViceGames/Tirocinio_Giuseppe/Content/Materials/M_ObjectLighting.uasset" 3862
"/Game/Environment/Objects/Body_Parts/Bones/Skull/Type_001/Human_Half_Skull" 3863
"/Game/Blueprints/Objects/Trash/All_Trash/BP_Bones/BP_Half_Skull" 3864
"/Game/Environment/Objects/Drug/Drug" 3865
"/Game/Blueprints/Objects/Trash/All_Trash/BP_Drug" 3866
"/Game/Environment/Objects/Body_Parts/Bones/Type_006/T_HandBones_BaseColor_Type_002" 3867
"/Game/Environment/Objects/Body_Parts/Bones/Type_006/T_HandBones_Normal_Type_002" 3868
"/Game/Environment/Objects/Body_Parts/Bones/Type_006/T_HandBones_Roughness_Type_002" 3869
"/Game/Environment/Objects/Body_Parts/Bones/Type_006/M_Bone_006" 3870
"../../../../TirocinioBadViceGames/Tirocinio_Giuseppe/Content/Environment/Objects/Body_Parts/Bones/Type_005/T_HandBones_AO_Type_001.uasset" 3871
"/Game/Blueprints/Objects/Trash/All_Trash/BP_Bones/BP_HumanBone_006" 3872
"../../../../TirocinioBadViceGames/Tirocinio_Giuseppe/Content/Environment/Objects/Body_Parts/Bones/Type_005/Hand_Bone.uasset" 3873
"../../../../TirocinioBadViceGames/Tirocinio_Giuseppe/Content/Environment/Objects/Body_Parts/Bones/Type_005/M_Bone_005.uasset" 3874
"../../../../TirocinioBadViceGames/Tirocinio_Giuseppe/Content/Environment/Objects/Body_Parts/Bones/Type_005/T_HandBones_BaseColor_Type_001.uasset" 3875
"../../../../TirocinioBadViceGames/Tirocinio_Giuseppe/Content/Environment/Objects/Body_Parts/Bones/Type_005/T_HandBones_Normal_Type_001.uasset" 3876
"../../../../TirocinioBadViceGames/Tirocinio_Giuseppe/Content/Environment/Objects/Body_Parts/Bones/Type_005/T_HandBones_Roughness_Type_001.uasset" 3877
"/Game/Environment/Objects/Body_Parts/Bones/Ribs/Chest_Ribs3" 3878
"../../../../TirocinioBadViceGames/Tirocinio_Giuseppe/Content/Environment/Objects/Body_Parts/Bones/Ribs/M_Ribs_002.uasset" 3879
"../../../../TirocinioBadViceGames/Tirocinio_Giuseppe/Content/Environment/Objects/Body_Parts/Bones/Ribs/T_Ribs_AO_Type_001.uasset" 3880
"../../../../TirocinioBadViceGames/Tirocinio_Giuseppe/Content/Environment/Objects/Body_Parts/Bones/Ribs/T_Ribs_BaseColor_Type_002.uasset" 3881
"../../../../TirocinioBadViceGames/Tirocinio_Giuseppe/Content/Environment/Objects/Body_Parts/Bones/Ribs/T_Ribs_Normal_Type_002.uasset" 3882
"../../../../TirocinioBadViceGames/Tirocinio_Giuseppe/Content/Environment/Objects/Body_Parts/Bones/Ribs/T_Ribs_Roughness_Type_002.uasset" 3883
"/Game/Blueprints/Objects/Trash/All_Trash/BP_Bones/BP_Ribs_002" 3884
"/Game/Environment/Objects/Body_Parts/Bones/Ribs/T_Ribs_BaseColor_Type_001" 3885
"/Game/Environment/Objects/Body_Parts/Bones/Ribs/T_Ribs_Normal_Type_001" 3886
"D:/TirocinioBadViceGames/Tirocinio_Giuseppe/Content/Environment/Objects/Chips_Bag/Chips_Bag_002/Chips_Bag_Roughness_002.uasset" 3887
"D:/TirocinioBadViceGames/Tirocinio_Giuseppe/Content/Environment/Objects/Chips_Bag/Chips_Bag_002/Chips_Bag_Normal_002.uasset" 3888
"D:/TirocinioBadViceGames/Tirocinio_Giuseppe/Content/Environment/Objects/Chips_Bag/Chips_Bag_002/Chips_Bag_BaseColor_002.uasset" 3889
"D:/TirocinioBadViceGames/Tirocinio_Giuseppe/Content/Blueprints/Objects/Trash/All_Trash/BP_Chips_Bag/BP_Trash_Chips_Bag_002.uasset" 3890
"D:/TirocinioBadViceGames/Tirocinio_Giuseppe/Content/Environment/Objects/Cigar/Sigaro_Base_color.uasset" 3891
"D:/TirocinioBadViceGames/Tirocinio_Giuseppe/Content/Environment/Objects/Chips_Bag/Chips_Bag_002/Chips_Bag_AO_002.uasset" 3892
"D:/TirocinioBadViceGames/Tirocinio_Giuseppe/Content/Environment/Objects/Chips_Bag/Chips_Bag_002/M_Chips_Bag_002.uasset" 3893
"D:/TirocinioBadViceGames/Tirocinio_Giuseppe/Content/Environment/Objects/Chips_Bag/Chips_Bag_002/Chips_Bag_Metallic_002.uasset" 3894
"/Game/Blueprints/Objects/Trash/All_Trash/BP_Bullets/BP_Bullets" 3895
"D:/TirocinioBadViceGames/Tirocinio_Giuseppe/Content/Environment/Objects/Cigar/Sigaro_Metallic.uasset" 3896
"D:/TirocinioBadViceGames/Tirocinio_Giuseppe/Content/Environment/Objects/Cigar/Sigaro_Normal_OpenGL.uasset" 3897
"D:/TirocinioBadViceGames/Tirocinio_Giuseppe/Content/Environment/Objects/Cigar/Sigaro_Mixed_AO.uasset" 3898
"D:/TirocinioBadViceGames/Tirocinio_Giuseppe/Content/Environment/Objects/Cigar/M_Cigar.uasset" 3899
"D:/TirocinioBadViceGames/Tirocinio_Giuseppe/Content/Environment/Objects/Cigar/Sigaro_Roughness.uasset" 3900
"D:/TirocinioBadViceGames/Tirocinio_Giuseppe/Content/Blueprints/Objects/Trash/All_Trash/BP_Syringe.uasset" 3901
"D:/TirocinioBadViceGames/Tirocinio_Giuseppe/Content/Environment/Objects/Waste_Paper/Waste_Paper_002/T_WastePaper_BaseColor_Type_002.uasset" 3902
"D:/TirocinioBadViceGames/Tirocinio_Giuseppe/Content/Environment/Objects/Waste_Paper/Waste_Paper_002/M_Waste_Paper_002.uasset" 3903
"D:/TirocinioBadViceGames/Tirocinio_Giuseppe/Content/Blueprints/Objects/Trash/All_Trash/BP_Cigar.uasset" 3904
"D:/TirocinioBadViceGames/Tirocinio_Giuseppe/Content/Blueprints/Objects/Trash/All_Trash/BP_Waste_Paper/BP_Waste_Paper_002.uasset" 3905
"D:/TirocinioBadViceGames/Tirocinio_Giuseppe/Content/Blueprints/Objects/Trash/All_Trash/BP_Drink_Can/BP_Trash_Drink_Can_Open_001.uasset" 3906
"D:/TirocinioBadViceGames/Tirocinio_Giuseppe/Content/Environment/Objects/Cigar/Cigar.uasset" 3907
"/Game/Blueprints/Objects/Trash/All_Trash/BP_Bones/BP_Ribs_003" 3908
"../../../../TirocinioBadViceGames/Tirocinio_Giuseppe/Content/Environment/Objects/Body_Parts/Bones/Ribs/Chest_Ribs.uasset" 3909
"/Game/Environment/Objects/Chips_Bag/Chips_Bag_002/Chips_Bag_Roughness_002" 3910
"D:/TirocinioBadViceGames/Tirocinio_Giuseppe/Content/Environment/Objects/Bong/Bong_Mixed_AO.uasset" 3911
"D:/TirocinioBadViceGames/Tirocinio_Giuseppe/Content/Environment/Objects/Bong/Bong_Normal_OpenGL.uasset" 3912
"D:/TirocinioBadViceGames/Tirocinio_Giuseppe/Content/Environment/Objects/PetrolCan/Tanica_Base_color.uasset" 3913
"D:/TirocinioBadViceGames/Tirocinio_Giuseppe/Content/Environment/Objects/Bong/Bong_Base_color.uasset" 3914
"D:/TirocinioBadViceGames/Tirocinio_Giuseppe/Content/Environment/Objects/Bong/Bong_Roughness.uasset" 3915
"/Game/Environment/Objects/Chips_Bag/Chips_Bag_002/Chips_Bag_002" 3916
"D:/TirocinioBadViceGames/Tirocinio_Giuseppe/Content/Environment/Objects/Bong/Bong.uasset" 3917
"D:/TirocinioBadViceGames/Tirocinio_Giuseppe/Content/Blueprints/Objects/Trash/All_Trash/BP_Bong.uasset" 3918
"D:/TirocinioBadViceGames/Tirocinio_Giuseppe/Content/Environment/Objects/Bong/M_Bong.uasset" 3919
"D:/TirocinioBadViceGames/Tirocinio_Giuseppe/Content/Environment/Objects/PetrolCan/Tanica_Mixed_AO.uasset" 3920
"D:/TirocinioBadViceGames/Tirocinio_Giuseppe/Content/Environment/Objects/PetrolCan/Tanica_Metallic.uasset" 3921
"D:/TirocinioBadViceGames/Tirocinio_Giuseppe/Content/Environment/Objects/PetrolCan/Tanica_Normal_OpenGL.uasset" 3922
"D:/TirocinioBadViceGames/Tirocinio_Giuseppe/Content/Environment/Objects/Bong/Bong_Metallic.uasset" 3923
"/Game/Blueprints/Objects/Trash/All_Trash/BP_Waste_Paper/BP_Waste_Paper_002" 3924
"../../../../TirocinioBadViceGames/Tirocinio_Giuseppe/Content/Environment/Objects/Waste_Paper/Waste_Paper_001/Waste_Paper_001.uasset" 3925
"../../../../TirocinioBadViceGames/Tirocinio_Giuseppe/Content/Textures/Flat_Normal_Texture.uasset" 3926
"D:/TirocinioBadViceGames/Tirocinio_Giuseppe/Content/Environment/Objects/PetrolCan/Tanica_Roughness.uasset" 3927
"D:/TirocinioBadViceGames/Tirocinio_Giuseppe/Content/Environment/Objects/Shovel/Pala_Normal_OpenGL.uasset" 3928
"D:/TirocinioBadViceGames/Tirocinio_Giuseppe/Content/Environment/Objects/Shovel/Pala_Mixed_AO.uasset" 3929
"D:/TirocinioBadViceGames/Tirocinio_Giuseppe/Content/Environment/Objects/PetrolCan/Tanica_di_benzina.uasset" 3930
"D:/TirocinioBadViceGames/Tirocinio_Giuseppe/Content/Environment/Objects/Shovel/Pala_Roughness.uasset" 3931
"D:/TirocinioBadViceGames/Tirocinio_Giuseppe/Content/Environment/Objects/PetrolCan/M_PetrolCan.uasset" 3932
"D:/TirocinioBadViceGames/Tirocinio_Giuseppe/Content/Environment/Objects/Shovel/Pala_Base_color.uasset" 3933
"D:/TirocinioBadViceGames/Tirocinio_Giuseppe/Content/Environment/Objects/Shovel/Pala_Metallic.uasset" 3934
"D:/TirocinioBadViceGames/Tirocinio_Giuseppe/Content/Blueprints/Objects/Trash/All_Trash/BP_PetrolCan.uasset" 3935
"/Game/Environment/Objects/PetrolCan/Tanica_Normal_OpenGL" 3936
"/Game/Environment/Objects/PetrolCan/Tanica_Mixed_AO" 3937
"/Game/Environment/Objects/PetrolCan/Tanica_Metallic" 3938
"/Game/Environment/Objects/PetrolCan/Tanica_Base_color" 3939
"/Game/Blueprints/Objects/Trash/All_Trash/BP_Bong" 3940
"/Game/Environment/Objects/Cigar/Sigaro_Base_color" 3941
"/Game/Environment/Objects/Cigar/Sigaro_Metallic" 3942
"/Game/Environment/Objects/Cigar/Sigaro_Mixed_AO" 3943
"/Game/Environment/Objects/Cigar/Sigaro_Normal_OpenGL" 3944
"/Game/Environment/Objects/Cigar/Sigaro_Roughness" 3945
"/Game/Environment/Objects/Cigar/Cigar" 3946
"/Game/Blueprints/Objects/Trash/All_Trash/BP_Chips_Bag/BP_Trash_Chips_Bag_002" 3947
"/Game/Blueprints/Objects/Trash/All_Trash/BP_Cigar" 3948
"/Game/Blueprints/Objects/Trash/All_Trash/BP_Syringe" 3949
"../../../../TirocinioBadViceGames/Tirocinio_Giuseppe/Content/Environment/Objects/Syringe/M_Syringe.uasset" 3950
"../../../../TirocinioBadViceGames/Tirocinio_Giuseppe/Content/Environment/Objects/Syringe/Siringa.uasset" 3951
"../../../../TirocinioBadViceGames/Tirocinio_Giuseppe/Content/Environment/Objects/Syringe/Siringa_Base_color.uasset" 3952
"../../../../TirocinioBadViceGames/Tirocinio_Giuseppe/Content/Environment/Objects/Syringe/Siringa_Metallic.uasset" 3953
"../../../../TirocinioBadViceGames/Tirocinio_Giuseppe/Content/Environment/Objects/Syringe/Siringa_Mixed_AO.uasset" 3954
"../../../../TirocinioBadViceGames/Tirocinio_Giuseppe/Content/Environment/Objects/Syringe/Siringa_Normal_OpenGL.uasset" 3955
"../../../../TirocinioBadViceGames/Tirocinio_Giuseppe/Content/Environment/Objects/Syringe/Siringa_Roughness.uasset" 3956
"/Game/Blueprints/Objects/Trash/All_Trash/BP_Drink_Can/BP_Trash_Drink_Can_Open_001" 3957
"../../../../TirocinioBadViceGames/Tirocinio_Giuseppe/Content/Environment/Objects/DrinkCans/M_Drink_Cans_001.uasset" 3958
"../../../../TirocinioBadViceGames/Tirocinio_Giuseppe/Content/Environment/Objects/DrinkCans/Drink_Can_Open.uasset" 3959
"../../../../TirocinioBadViceGames/Tirocinio_Giuseppe/Content/Environment/Objects/DrinkCans/Texture_1/T_DrinksCan_AO.uasset" 3960
"../../../../TirocinioBadViceGames/Tirocinio_Giuseppe/Content/Environment/Objects/DrinkCans/Texture_1/T_DrinksCan_BaseColor_Type_001.uasset" 3961
"../../../../TirocinioBadViceGames/Tirocinio_Giuseppe/Content/Environment/Objects/DrinkCans/Texture_1/T_DrinksCan_Metallic_Type_001.uasset" 3962
"../../../../TirocinioBadViceGames/Tirocinio_Giuseppe/Content/Environment/Objects/DrinkCans/Texture_1/T_DrinksCan_Normal_Type_001.uasset" 3963
"../../../../TirocinioBadViceGames/Tirocinio_Giuseppe/Content/Environment/Objects/DrinkCans/Texture_1/T_DrinksCan_Roughness_type_001.uasset" 3964
"D:/TirocinioBadViceGames/Tirocinio_Giuseppe/Content/Environment/Objects/Shovel/M_Shovel.uasset" 3965
"D:/TirocinioBadViceGames/Tirocinio_Giuseppe/Content/Environment/Objects/Body_Parts/Bones/Type_007/Arm_And_Forearm_Bone.uasset" 3966
"D:/TirocinioBadViceGames/Tirocinio_Giuseppe/Content/Environment/Objects/Body_Parts/Bones/Type_007/T_Arm_BaseColor_Type_001.uasset" 3967
"D:/TirocinioBadViceGames/Tirocinio_Giuseppe/Content/Blueprints/Objects/Trash/All_Trash/BP_Bones/BP_Ribs_001.uasset" 3968
"D:/TirocinioBadViceGames/Tirocinio_Giuseppe/Content/Blueprints/Objects/Trash/All_Trash/BP_Shovel.uasset" 3969
"D:/TirocinioBadViceGames/Tirocinio_Giuseppe/Content/Environment/Objects/Body_Parts/Bones/Type_007/M_Bone_007.uasset" 3970
"D:/TirocinioBadViceGames/Tirocinio_Giuseppe/Content/Blueprints/Objects/Trash/All_Trash/BP_Bones/BP_HumanBone_005.uasset" 3971
"D:/TirocinioBadViceGames/Tirocinio_Giuseppe/Content/Environment/Objects/Shovel/pala.uasset" 3972
"/Game/Environment/Objects/PetrolCan/M_PetrolCan" 3973
"D:/TirocinioBadViceGames/Tirocinio_Giuseppe/Content/Environment/Objects/Body_Parts/Bones/Type_008/Arm_And_Forearm_Bone.uasset" 3974
"D:/TirocinioBadViceGames/Tirocinio_Giuseppe/Content/Environment/Objects/Body_Parts/Bones/Type_007/T_Arm_AO_Type_001.uasset" 3975
"D:/TirocinioBadViceGames/Tirocinio_Giuseppe/Content/Environment/Objects/Body_Parts/Bones/Type_007/T_Arm_Roughness_Type_001.uasset" 3976
"D:/TirocinioBadViceGames/Tirocinio_Giuseppe/Content/Environment/Objects/Body_Parts/Bones/Type_008/T_Arm_Roughness_Type_002.uasset" 3977
"D:/TirocinioBadViceGames/Tirocinio_Giuseppe/Content/Environment/Objects/Body_Parts/Bones/Type_008/T_Arm_BaseColor_Type_002.uasset" 3978
"D:/TirocinioBadViceGames/Tirocinio_Giuseppe/Content/Blueprints/Objects/Trash/All_Trash/BP_Bones/BP_HumanBone_007.uasset" 3979
"D:/TirocinioBadViceGames/Tirocinio_Giuseppe/Content/Environment/Objects/Body_Parts/Bones/Type_008/M_Bone_008.uasset" 3980
"D:/TirocinioBadViceGames/Tirocinio_Giuseppe/Content/Blueprints/Objects/Trash/All_Trash/BP_Bones/BP_HumanBone_008.uasset" 3981
"D:/TirocinioBadViceGames/Tirocinio_Giuseppe/Content/Environment/Objects/Cigarettes_Packs/Cigarette_Pack_Open.uasset" 3982
"D:/TirocinioBadViceGames/Tirocinio_Giuseppe/Content/Blueprints/Objects/Trash/All_Trash/BP_Cigarettes_Pack/BP_Cigarettes_Pack_Open.uasset" 3983
"D:/TirocinioBadViceGames/Tirocinio_Giuseppe/Content/Blueprints/Objects/Trash/All_Trash/BP_Bones/BP_HumanBone_001.uasset" 3984
"D:/TirocinioBadViceGames/Tirocinio_Giuseppe/Content/Blueprints/Objects/Trash/All_Trash/BP_Drink_Can/BP_Trash_Drink_Can_Close_003.uasset" 3985
"D:/TirocinioBadViceGames/Tirocinio_Giuseppe/Content/Blueprints/Objects/Trash/All_Trash/BP_Drink_Can/BP_Trash_Drink_Can_Destructed_001.uasset" 3986
"D:/TirocinioBadViceGames/Tirocinio_Giuseppe/Content/Environment/Objects/Body_Parts/Bones/Type_007/T_Arm_Normal_Type_001.uasset" 3987
"D:/TirocinioBadViceGames/Tirocinio_Giuseppe/Content/Environment/Objects/Body_Parts/Bones/Type_008/T_Arm_Normal_Type_002.uasset" 3988
"/Game/Environment/Objects/PetrolCan/Tanica_di_benzina" 3989
"/Game/Blueprints/Objects/Trash/All_Trash/BP_PetrolCan" 3990
"/Game/Environment/Objects/Shovel/Pala_Base_color" 3991
"/Game/Environment/Objects/Shovel/Pala_Metallic" 3992
"/Game/Environment/Objects/Shovel/Pala_Mixed_AO" 3993
"/Game/Environment/Objects/Shovel/Pala_Normal_OpenGL" 3994
"/Game/Environment/Objects/Shovel/Pala_Roughness" 3995
"D:/TirocinioBadViceGames/Tirocinio_Giuseppe/Content/Environment/Objects/Body_Parts/Bones/Type_002/T_FemorBone_Normal_Type_002.uasset" 3996
"D:/TirocinioBadViceGames/Tirocinio_Giuseppe/Content/Environment/Objects/Body_Parts/Bones/Type_001/T_FemorBone_Normal_Type_001.uasset" 3997
"D:/TirocinioBadViceGames/Tirocinio_Giuseppe/Content/Environment/Objects/Body_Parts/Bones/Type_001/T_FemorBone_AO_Type_001.uasset" 3998
"D:/TirocinioBadViceGames/Tirocinio_Giuseppe/Content/Environment/Objects/Body_Parts/Bones/Type_001/T_FemorBone_Roughness_Type_001.uasset" 3999
"D:/TirocinioBadViceGames/Tirocinio_Giuseppe/Content/Environment/Objects/Body_Parts/Bones/Type_002/T_FemorBone_BaseColor_Type_002.uasset" 4000
"/Game/Blueprints/Objects/Trash/All_Trash/BP_Bones/BP_HumanBone_008" 4001
"D:/TirocinioBadViceGames/Tirocinio_Giuseppe/Content/Environment/Objects/Body_Parts/Bones/Type_002/T_FemorBone_Roughness_Type_002.uasset" 4002
"D:/TirocinioBadViceGames/Tirocinio_Giuseppe/Content/Environment/Objects/Body_Parts/Bones/Type_001/T_FemorBone_BaseColor_Type_001.uasset" 4003
"D:/TirocinioBadViceGames/Tirocinio_Giuseppe/Content/Environment/Objects/Body_Parts/Bones/Type_001/Femor_HumanBones.uasset" 4004
"D:/TirocinioBadViceGames/Tirocinio_Giuseppe/Content/Environment/Objects/Body_Parts/Bones/Type_001/M_Bone_001.uasset" 4005
"/Game/Blueprints/Objects/Trash/All_Trash/BP_Bones/BP_HumanBone_007" 4006
"/Game/Blueprints/Objects/Trash/All_Trash/BP_Bones/BP_HumanBone_005" 4007
"/Game/Blueprints/Objects/Trash/All_Trash/BP_Bones/BP_Ribs_001" 4008
"/Game/Blueprints/Objects/Trash/All_Trash/BP_Shovel" 4009
"/Game/Environment/Objects/Cigarettes_Packs/Cigarette_Pack_Open" 4010
"/Game/Blueprints/Objects/Trash/All_Trash/BP_Cigarettes_Pack/BP_Cigarettes_Pack_Open" 4011
"../../../../TirocinioBadViceGames/Tirocinio_Giuseppe/Content/Environment/Objects/Cigarettes_Packs/M_cigarette_Pack.uasset" 4012
"../../../../TirocinioBadViceGames/Tirocinio_Giuseppe/Content/Environment/Objects/Cigarettes_Packs/T_CigarettesPack_AO_Type_001.uasset" 4013
"../../../../TirocinioBadViceGames/Tirocinio_Giuseppe/Content/Environment/Objects/Cigarettes_Packs/T_CigarettesPack_BaseColor_Type_001.uasset" 4014
"../../../../TirocinioBadViceGames/Tirocinio_Giuseppe/Content/Environment/Objects/Cigarettes_Packs/T_CigarettesPack_Metallic_Type_001.uasset" 4015
"../../../../TirocinioBadViceGames/Tirocinio_Giuseppe/Content/Environment/Objects/Cigarettes_Packs/T_CigarettesPack_Normal_Type_001.uasset" 4016
"../../../../TirocinioBadViceGames/Tirocinio_Giuseppe/Content/Environment/Objects/Cigarettes_Packs/T_CigarettesPack_Roughness_Type_001.uasset" 4017
"/Game/Blueprints/Objects/Trash/All_Trash/BP_Drink_Can/BP_Trash_Drink_Can_Close_003" 4018
"../../../../TirocinioBadViceGames/Tirocinio_Giuseppe/Content/Environment/Objects/DrinkCans/M_Drink_Cans_003.uasset" 4019
"../../../../TirocinioBadViceGames/Tirocinio_Giuseppe/Content/Environment/Objects/DrinkCans/Drink_Can_Close.uasset" 4020
"../../../../TirocinioBadViceGames/Tirocinio_Giuseppe/Content/Environment/Objects/DrinkCans/Texture_3/T_DrinksCan_BaseColor_Type_003.uasset" 4021
"../../../../TirocinioBadViceGames/Tirocinio_Giuseppe/Content/Environment/Objects/DrinkCans/Texture_3/T_DrinksCan_Metallic_Type_003.uasset" 4022
"../../../../TirocinioBadViceGames/Tirocinio_Giuseppe/Content/Environment/Objects/DrinkCans/Texture_3/T_DrinksCan_Normal_Type_003.uasset" 4023
"../../../../TirocinioBadViceGames/Tirocinio_Giuseppe/Content/Environment/Objects/DrinkCans/Texture_3/T_DrinksCan_Roughness_Type_003.uasset" 4024
"/Game/Blueprints/Objects/Trash/All_Trash/BP_Drink_Can/BP_Trash_Drink_Can_Destructed_001" 4025
"../../../../TirocinioBadViceGames/Tirocinio_Giuseppe/Content/Environment/Objects/DrinkCans/Drink_Can_Destructed.uasset" 4026
"D:/TirocinioBadViceGames/Tirocinio_Giuseppe/Content/Blueprints/Objects/Trash/All_Trash/BP_Bones/BP_HumanBone_003.uasset" 4027
"D:/TirocinioBadViceGames/Tirocinio_Giuseppe/Content/Environment/Objects/Body_Parts/Bones/Type_003/M_Bone_003.uasset" 4028
"D:/TirocinioBadViceGames/Tirocinio_Giuseppe/Content/Environment/Objects/Body_Parts/Bones/Type_003/T_Forearm_AO_Type_001.uasset" 4029
"D:/TirocinioBadViceGames/Tirocinio_Giuseppe/Content/Environment/Objects/Body_Parts/Bones/Type_003/T_Forearm_Normal_Type_001.uasset" 4030
"D:/TirocinioBadViceGames/Tirocinio_Giuseppe/Content/Environment/Objects/Body_Parts/Bones/Type_003/T_Forearm_Roughness_Type_001.uasset" 4031
"D:/TirocinioBadViceGames/Tirocinio_Giuseppe/Content/Environment/Objects/Body_Parts/Bones/Type_004/Forearm_HumanBones.uasset" 4032
"/Game/Environment/Objects/Body_Parts/Bones/Type_002/T_FemorBone_Roughness_Type_002" 4033
"D:/TirocinioBadViceGames/Tirocinio_Giuseppe/Content/Blueprints/Objects/Trash/All_Trash/BP_Bones/BP_HumanBone_002.uasset" 4034
"D:/TirocinioBadViceGames/Tirocinio_Giuseppe/Content/Environment/Objects/Body_Parts/Bones/Type_004/T_Forearm_Roughness_Type_002.uasset" 4035
"D:/TirocinioBadViceGames/Tirocinio_Giuseppe/Content/Environment/Objects/Body_Parts/Bones/Type_002/M_Bone_002.uasset" 4036
"D:/TirocinioBadViceGames/Tirocinio_Giuseppe/Content/Environment/Objects/Body_Parts/Bones/Type_003/T_Forearm_BaseColor_Type_001.uasset" 4037
"D:/TirocinioBadViceGames/Tirocinio_Giuseppe/Content/Blueprints/Objects/Trash/All_Trash/BP_Bones/BP_HumanBone_004.uasset" 4038
"D:/TirocinioBadViceGames/Tirocinio_Giuseppe/Content/Blueprints/Objects/Trash/All_Trash/BP_Drink_Can/BP_Trash_Drink_Can_Close_002.uasset" 4039
"D:/TirocinioBadViceGames/Tirocinio_Giuseppe/Content/Environment/Objects/Body_Parts/Bones/Type_004/M_Bone_004.uasset" 4040
"D:/TirocinioBadViceGames/Tirocinio_Giuseppe/Content/Environment/Objects/Body_Parts/Bones/Type_004/T_Forearm_BaseColor_Type_002.uasset" 4041
"D:/TirocinioBadViceGames/Tirocinio_Giuseppe/Content/Environment/Objects/Waste_Paper/Waste_Paper_001/T_WastePaper_BaseColor_Type_001.uasset" 4042
"D:/TirocinioBadViceGames/Tirocinio_Giuseppe/Content/Environment/Objects/Waste_Paper/Waste_Paper_001/M_Waste_Paper_001.uasset" 4043
"D:/TirocinioBadViceGames/Tirocinio_Giuseppe/Content/Blueprints/Objects/Trash/All_Trash/BP_Waste_Paper/BP_Waste_Paper_001.uasset" 4044
"D:/TirocinioBadViceGames/Tirocinio_Giuseppe/Content/Environment/Objects/Body_Parts/Bones/Type_004/T_Forearm_Normal_Type_002.uasset" 4045
"D:/TirocinioBadViceGames/Tirocinio_Giuseppe/Content/Environment/Objects/Chips_Bag/Chips_Bag_001/Chips_Bag_001.uasset" 4046
"D:/TirocinioBadViceGames/Tirocinio_Giuseppe/Content/Environment/Objects/Chips_Bag/Chips_Bag_001/Chips_Bag_Normal_001.uasset" 4047
"D:/TirocinioBadViceGames/Tirocinio_Giuseppe/Content/Blueprints/Objects/Trash/All_Trash/BP_Drink_Can/BP_Trash_Drink_Can_Open_003.uasset" 4048
"D:/TirocinioBadViceGames/Tirocinio_Giuseppe/Content/Environment/Objects/Chips_Bag/Chips_Bag_001/Chips_Bag_Roughness_001.uasset" 4049
"/Game/Environment/Objects/Body_Parts/Bones/Type_002/T_FemorBone_Normal_Type_002" 4050
"/Game/Environment/Objects/Body_Parts/Bones/Type_002/T_FemorBone_BaseColor_Type_002" 4051
"/Game/Environment/Objects/Body_Parts/Bones/Type_001/T_FemorBone_AO_Type_001" 4052
"/Game/Environment/Objects/Body_Parts/Bones/Type_001/Femor_HumanBones" 4053
"/Game/Blueprints/Objects/Trash/All_Trash/BP_Bones/BP_HumanBone_001" 4054
"D:/TirocinioBadViceGames/Tirocinio_Giuseppe/Content/Blueprints/Objects/Trash/All_Trash/BP_Chips_Bag/BP_Trash_Chips_Bag_001.uasset" 4055
"D:/TirocinioBadViceGames/Tirocinio_Giuseppe/Content/Environment/Objects/Chips_Bag/Chips_Bag_003/Chips_Bag_Roughness_003.uasset" 4056
"D:/TirocinioBadViceGames/Tirocinio_Giuseppe/Content/Environment/Objects/Chips_Bag/Chips_Bag_003/Chips_Bag_Normal_003.uasset" 4057
"D:/TirocinioBadViceGames/Tirocinio_Giuseppe/Content/Environment/Objects/Chips_Bag/Chips_Bag_001/Chips_Bag_BaseColor_001.uasset" 4058
"D:/TirocinioBadViceGames/Tirocinio_Giuseppe/Content/Environment/Objects/Chips_Bag/Chips_Bag_003/Chips_Bag_003.uasset" 4059
"D:/TirocinioBadViceGames/Tirocinio_Giuseppe/Content/Environment/Objects/Chips_Bag/Chips_Bag_001/M_Chips_001.uasset" 4060
"/Game/Environment/Objects/Chips_Bag/Chips_Bag_001/Chips_Bag_Normal_001" 4061
"D:/TirocinioBadViceGames/Tirocinio_Giuseppe/Content/Environment/Objects/Chips_Bag/Chips_Bag_003/Chips_Bag_BaseColor_003.uasset" 4062
"D:/TirocinioBadViceGames/Tirocinio_Giuseppe/Content/Environment/Objects/Chips_Bag/Chips_Bag_003/Chips_Bag_Metallic_003.uasset" 4063
"D:/TirocinioBadViceGames/Tirocinio_Giuseppe/Content/Environment/Objects/Chips_Bag/Chips_Bag_001/Chips_Bag_AO_001.uasset" 4064
"D:/TirocinioBadViceGames/Tirocinio_Giuseppe/Content/Environment/Objects/Chips_Bag/Chips_Bag_001/Chips_Bag_Metallic_001.uasset" 4065
"/Game/Environment/Objects/Chips_Bag/Chips_Bag_001/Chips_Bag_Roughness_001" 4066
"/Game/Blueprints/Objects/Trash/All_Trash/BP_Waste_Paper/BP_Waste_Paper_001" 4067
"/Game/Blueprints/Objects/Trash/All_Trash/BP_Drink_Can/BP_Trash_Drink_Can_Open_003" 4068
"/Game/Blueprints/Objects/Trash/All_Trash/BP_Drink_Can/BP_Trash_Drink_Can_Close_002" 4069
"../../../../TirocinioBadViceGames/Tirocinio_Giuseppe/Content/Environment/Objects/DrinkCans/M_Drink_Cans_002.uasset" 4070
"../../../../TirocinioBadViceGames/Tirocinio_Giuseppe/Content/Environment/Objects/DrinkCans/Texture_2/T_DrinksCan_BaseColor_Type_002.uasset" 4071
"../../../../TirocinioBadViceGames/Tirocinio_Giuseppe/Content/Environment/Objects/DrinkCans/Texture_2/T_DrinksCan_Metallic_Type_002.uasset" 4072
"../../../../TirocinioBadViceGames/Tirocinio_Giuseppe/Content/Environment/Objects/DrinkCans/Texture_2/T_DrinksCan_Normal_Type_002.uasset" 4073
"../../../../TirocinioBadViceGames/Tirocinio_Giuseppe/Content/Environment/Objects/DrinkCans/Texture_2/T_DrinksCan_Roughness_Type_002.uasset" 4074
"/Game/Blueprints/Objects/Trash/All_Trash/BP_Bones/BP_HumanBone_004" 4075
"/Game/Blueprints/Objects/Trash/All_Trash/BP_Bones/BP_HumanBone_003" 4076
"/Game/Blueprints/Objects/Trash/All_Trash/BP_Bones/BP_HumanBone_002" 4077
"D:/TirocinioBadViceGames/Tirocinio_Giuseppe/Content/Environment/Objects/Chips_Bag/Chips_Bag_003/Chips_Bag_AO_003.uasset" 4078
"D:/TirocinioBadViceGames/Tirocinio_Giuseppe/Content/Blueprints/Objects/Trash/All_Trash/BP_Chips_Bag/BP_Trash_Chips_Bag_003.uasset" 4079
"D:/TirocinioBadViceGames/Tirocinio_Giuseppe/Content/Environment/Objects/Cigarettes/T_Cigarettes_BaseColor_Type_001.uasset" 4080
"D:/TirocinioBadViceGames/Tirocinio_Giuseppe/Content/Environment/Objects/Cigarettes/T_Cigarettes_AO_Type_001.uasset" 4081
"D:/TirocinioBadViceGames/Tirocinio_Giuseppe/Content/Environment/Objects/Cigarettes/SM_Global_Cigarettes_Type_001.uasset" 4082
"D:/TirocinioBadViceGames/Tirocinio_Giuseppe/Content/Environment/Objects/Chips_Bag/Chips_Bag_003/M_Chips_Bag_003.uasset" 4083
"D:/TirocinioBadViceGames/Tirocinio_Giuseppe/Content/Environment/Objects/Cigarettes/M_Cigarettes.uasset" 4084
"D:/TirocinioBadViceGames/Tirocinio_Giuseppe/Content/Environment/Objects/Cigarettes/T_Cigarettes_Normal_Type_001.uasset" 4085
"../../../Engine/Plugins/ChaosVD/Content/Meshes/Box.uasset" 4086
"../../../Engine/Plugins/Interchange/Assets/Content/gltf/MaterialFunctions/MF_Specular.uasset" 4087
"../../../Engine/Plugins/Interchange/Assets/Content/gltf/MaterialFunctions/MF_SpecularAnisotropy.uasset" 4088
"D:/TirocinioBadViceGames/Tirocinio_Giuseppe/Content/Environment/Objects/Cigarettes/T_Cigarettes_Roughness_Type_001.uasset" 4089
"/Game/Environment/Objects/Chips_Bag/Chips_Bag_001/Chips_Bag_001" 4090
"../../../Engine/Plugins/Interchange/Assets/Content/gltf/Textures/T_Generic_N.uasset" 4091
"../../../Engine/Plugins/Interchange/Assets/Content/gltf/MaterialFunctions/MF_Occlusion.uasset" 4092
"../../../Engine/Plugins/Interchange/Assets/Content/gltf/MaterialFunctions/MF_ScaleNormal.uasset" 4093
"../../../Engine/Plugins/Interchange/Assets/Content/gltf/MaterialBodies/MF_ClearCoat_Body.uasset" 4094
"../../../Engine/Plugins/Interchange/Assets/Content/gltf/MaterialFunctions/MF_Clearcoat.uasset" 4095
"../../../Engine/Plugins/Interchange/Assets/Content/gltf/MaterialFunctions/MF_RotateNormals_TS.uasset" 4096
"../../../Engine/Plugins/Interchange/Assets/Content/gltf/Textures/T_Anisotropy_Direction_Linear.uasset" 4097
"../../../Engine/Plugins/Interchange/Assets/Content/gltf/MaterialFunctions/MF_Emissive.uasset" 4098
"../../../Engine/Plugins/Interchange/Assets/Content/gltf/MaterialFunctions/MF_Normals.uasset" 4099
"/Game/Environment/Objects/Chips_Bag/Chips_Bag_003/Chips_Bag_BaseColor_003" 4100
"/Game/Environment/Objects/Chips_Bag/Chips_Bag_003/Chips_Bag_Metallic_003" 4101
"/Game/Environment/Objects/Chips_Bag/Chips_Bag_003/Chips_Bag_Normal_003" 4102
"/Game/Environment/Objects/Chips_Bag/Chips_Bag_003/Chips_Bag_Roughness_003" 4103
"/Game/Blueprints/Objects/Trash/All_Trash/BP_Chips_Bag/BP_Trash_Chips_Bag_001" 4104
"../../../Engine/Plugins/Interchange/Assets/Content/gltf/MaterialFunctions/MF_IOR.uasset" 4105
"../../../Engine/Plugins/Interchange/Assets/Content/gltf/MaterialFunctions/MF_RotateV2.uasset" 4106
"../../../Engine/Content/Functions/Engine_MaterialFunctions03/Math/RemapValueRange.uasset" 4107
"../../../Engine/Plugins/Interchange/Assets/Content/gltf/Textures/T_White_Linear.uasset" 4108
"/InterchangeAssets/gltf/MaterialFunctions/MF_Normals" 4109
"../../../Engine/Plugins/Interchange/Assets/Content/gltf/Textures/T_White_srgb.uasset" 4110
"../../../Engine/Plugins/Interchange/Assets/Content/gltf/MaterialFunctions/MF_TransformUVs.uasset" 4111
"../../../Engine/Plugins/Interchange/Assets/Content/gltf/MaterialFunctions/MF_BaseColor.uasset" 4112
"../../../Engine/Plugins/Interchange/Assets/Content/gltf/MaterialFunctions/MF_MetallicRoughness.uasset" 4113
"../../../Engine/Plugins/Interchange/Assets/Content/gltf/MaterialFunctions/MF_Iridescence.uasset" 4114
"../../../Engine/Plugins/Interchange/Assets/Content/Functions/MF_IridescenceNoLUT.uasset" 4115
"/InterchangeAssets/gltf/MaterialFunctions/MF_SpecularAnisotropy" 4116
"/ChaosVD/Meshes/Box" 4117
"/Game/Environment/Objects/Cigarettes/SM_Global_Cigarettes_Type_001" 4118
"/Game/Environment/Objects/Cigarettes/M_Cigarettes" 4119
"/Game/Environment/Objects/Chips_Bag/Chips_Bag_003/Chips_Bag_003" 4120
"/Game/Blueprints/Objects/Trash/All_Trash/BP_Chips_Bag/BP_Trash_Chips_Bag_003" 4121
"D:/TirocinioBadViceGames/Tirocinio_Giuseppe/Content/Environment/Objects/Cigarettes_Packs/Cigarette_Pack_Destructed.uasset" 4122
"D:/TirocinioBadViceGames/Tirocinio_Giuseppe/Content/Blueprints/Objects/Trash/All_Trash/BP_Drink_Can/BP_Trash_Drink_Can_Open_002.uasset" 4123
"../../../Engine/Plugins/Interchange/Assets/Content/gltf/M_ClearCoat.uasset" 4124
"D:/TirocinioBadViceGames/Tirocinio_Giuseppe/Content/Blueprints/Objects/Trash/All_Trash/BP_Cigarettes_Pack/BP_Cigarettes_Pack_Destructed.uasset" 4125
"D:/TirocinioBadViceGames/Tirocinio_Giuseppe/Content/Blueprints/Objects/Trash/All_Trash/BP_Drink_Can/BP_Trash_Drink_Can_Destructed_003.uasset" 4126
"/Engine/Functions/Engine_MaterialFunctions03/Math/RemapValueRange" 4127
"D:/TirocinioBadViceGames/Tirocinio_Giuseppe/Content/Environment/Objects/Waste_Paper/Waste_Paper_003/M_Waste_Paper_003.uasset" 4128
"../../../Engine/Plugins/Interchange/Assets/Content/Functions/MF_Iridescence.uasset" 4129
"D:/TirocinioBadViceGames/Tirocinio_Giuseppe/Content/Blueprints/Objects/Trash/All_Trash/BP_Drink_Can/BP_Trash_Drink_Can_Destructed_002.uasset" 4130
"D:/TirocinioBadViceGames/Tirocinio_Giuseppe/Content/Blueprints/Objects/Trash/All_Trash/BP_Cigarettes/BP_CigaretteClump.uasset" 4131
"D:/TirocinioBadViceGames/Tirocinio_Giuseppe/Content/Blueprints/Objects/CleanableObjects/BP_BloodStain_003.uasset" 4132
"../../../Engine/Plugins/Interchange/Assets/Content/Utilities/New_LUT.uasset" 4133
"D:/TirocinioBadViceGames/Tirocinio_Giuseppe/Content/Blueprints/Objects/CleanableObjects/BP_BloodStain_004.uasset" 4134
"D:/TirocinioBadViceGames/Tirocinio_Giuseppe/Content/Environment/Objects/Waste_Paper/Waste_Paper_003/T_WastePaper_BaseColor_Type_003.uasset" 4135
"D:/TirocinioBadViceGames/Tirocinio_Giuseppe/Content/Blueprints/Objects/CleanableObjects/BP_EctoplasmStain.uasset" 4136
"D:/TirocinioBadViceGames/Tirocinio_Giuseppe/Content/Blueprints/Objects/Trash/All_Trash/BP_Drink_Can/BP_Trash_Drink_Can_Close_001.uasset" 4137
"D:/TirocinioBadViceGames/Tirocinio_Giuseppe/Content/Blueprints/Objects/Trash/All_Trash/BP_Waste_Paper/BP_Waste_Paper_003.uasset" 4138
"D:/TirocinioBadViceGames/Tirocinio_Giuseppe/Content/Blueprints/Objects/CleanableObjects/BP_BloodStain_002.uasset" 4139
"/InterchangeAssets/gltf/MaterialFunctions/MF_Occlusion" 4140
"/InterchangeAssets/gltf/MaterialFunctions/MF_Specular" 4141
"/InterchangeAssets/gltf/MaterialFunctions/MF_Emissive" 4142
"/InterchangeAssets/gltf/MaterialBodies/MF_ClearCoat_Body" 4143
"D:/TirocinioBadViceGames/Tirocinio_Giuseppe/Content/Materials/SpiderWeb/Textures/T_Spider_Web_01.uasset" 4144
"D:/TirocinioBadViceGames/Tirocinio_Giuseppe/Content/Blueprints/Objects/CleanableObjects/BP_PukeStain_002.uasset" 4145
"D:/TirocinioBadViceGames/Tirocinio_Giuseppe/Content/Blueprints/Objects/CleanableObjects/BP_EctoplasmStain_002.uasset" 4146
"D:/TirocinioBadViceGames/Tirocinio_Giuseppe/Content/Blueprints/Objects/CleanableObjects/BP_PukeStain_003.uasset" 4147
"D:/TirocinioBadViceGames/Tirocinio_Giuseppe/Content/Blueprints/Objects/CleanableObjects/BP_PukeStain.uasset" 4148
"D:/TirocinioBadViceGames/Tirocinio_Giuseppe/Content/Blueprints/Objects/CleanableObjects/BP_EctoplasmStain_003.uasset" 4149
"D:/TirocinioBadViceGames/Tirocinio_Giuseppe/Content/Blueprints/Objects/CleanableObjects/BP_SpiderWeb.uasset" 4150
"D:/TirocinioBadViceGames/Tirocinio_Giuseppe/Content/Environment/Elevator/Buttons/Elevators_Bottons_Mixed_AO.uasset" 4151
"D:/TirocinioBadViceGames/Tirocinio_Giuseppe/Content/Environment/Elevator/Buttons/Elevators_Bottons_Metallic.uasset" 4152
"D:/TirocinioBadViceGames/Tirocinio_Giuseppe/Content/Environment/Elevator/Buttons/Elevators_Bottons_Normal_OpenGL.uasset" 4153
"/Game/Blueprints/Objects/Trash/All_Trash/BP_Cigarettes_Pack/BP_Cigarettes_Pack_Destructed" 4154
"D:/TirocinioBadViceGames/Tirocinio_Giuseppe/Content/Environment/Elevator/Buttons/Hallaway_Elevator_Buttons_001.uasset" 4155
"D:/TirocinioBadViceGames/Tirocinio_Giuseppe/Content/Environment/Elevator/Buttons/M_Elevator_Buttons.uasset" 4156
"D:/TirocinioBadViceGames/Tirocinio_Giuseppe/Content/Environment/Elevator/Buttons/Elevators_Bottons_Base_color.uasset" 4157
"D:/TirocinioBadViceGames/Tirocinio_Giuseppe/Content/Environment/Elevator/Buttons/Elevators_Bottons_Roughness.uasset" 4158
"D:/TirocinioBadViceGames/Tirocinio_Giuseppe/Content/Materials/SpiderWeb/SpiderWeb.uasset" 4159
